2025-11-02 19:18:59,376 - __main__ - INFO - Random seed set to 42
2025-11-02 19:18:59,379 - __main__ - INFO - Loaded config from ml3d/configs/randlanet_harvardforest_contrast.yml
2025-11-02 19:18:59,379 - __main__ - INFO - ================================================================================
2025-11-02 19:18:59,379 - __main__ - INFO - POINTCONTRAST-STYLE CONTRASTIVE LEARNING ON HARVARDFOREST3D
2025-11-02 19:18:59,379 - __main__ - INFO - ================================================================================
2025-11-02 19:18:59,379 - __main__ - INFO - Config: ml3d/configs/randlanet_harvardforest_contrast.yml
2025-11-02 19:18:59,380 - __main__ - INFO - Device: cuda
2025-11-02 19:18:59,380 - __main__ - INFO - Model: RandLANetContrast
2025-11-02 19:18:59,380 - __main__ - INFO - ================================================================================
2025-11-02 19:18:59,380 - __main__ - INFO - Initializing HarvardForest3DContrastive dataset...
2025-11-02 19:18:59,380 - __main__ - INFO - Found 62 .las files in /home/fzhcis/mylab/data/HarvardForest
2025-11-02 19:18:59,380 - ml3d.datasets.harvardforest3d - INFO - Found 62 .las files in /home/fzhcis/mylab/data/HarvardForest
2025-11-02 19:18:59,380 - ml3d.datasets.harvardforest3d - INFO - Created new split and saved to logs/cache_harvardforest_contrast/HarvardForest3DContrastive_split.json
2025-11-02 19:18:59,381 - ml3d.datasets.harvardforest3d - INFO - HarvardForest3D: train=56 val=6 test=0
2025-11-02 19:18:59,381 - ml3d.datasets.harvardforest3d_contrastive - INFO - HarvardForest3DContrastive initialized for contrastive learning
2025-11-02 19:18:59,381 - ml3d.datasets.harvardforest3d_contrastive - INFO -   Augmentation: rotation=±360°, scale=[0.8,1.2], jitter=0.01, dropout=0.2
2025-11-02 19:18:59,381 - __main__ - INFO - Dataset initialized successfully
2025-11-02 19:18:59,381 - __main__ - INFO - Initializing model: RandLANetContrast
2025-11-02 19:23:59,545 - __main__ - INFO - Random seed set to 42
2025-11-02 19:23:59,548 - __main__ - INFO - Loaded config from ml3d/configs/randlanet_harvardforest_contrast.yml
2025-11-02 19:23:59,548 - __main__ - INFO - ================================================================================
2025-11-02 19:23:59,548 - __main__ - INFO - POINTCONTRAST-STYLE CONTRASTIVE LEARNING ON HARVARDFOREST3D
2025-11-02 19:23:59,548 - __main__ - INFO - ================================================================================
2025-11-02 19:23:59,548 - __main__ - INFO - Config: ml3d/configs/randlanet_harvardforest_contrast.yml
2025-11-02 19:23:59,548 - __main__ - INFO - Device: cuda
2025-11-02 19:23:59,548 - __main__ - INFO - Model: RandLANetContrast
2025-11-02 19:23:59,548 - __main__ - INFO - ================================================================================
2025-11-02 19:23:59,548 - __main__ - INFO - Initializing HarvardForest3DContrastive dataset...
2025-11-02 19:23:59,549 - __main__ - INFO - Found 62 .las files in /home/fzhcis/mylab/data/HarvardForest
2025-11-02 19:23:59,549 - ml3d.datasets.harvardforest3d - INFO - Found 62 .las files in /home/fzhcis/mylab/data/HarvardForest
2025-11-02 19:23:59,549 - ml3d.datasets.harvardforest3d - INFO - Loaded existing train/val/test split from manifest.
2025-11-02 19:23:59,549 - ml3d.datasets.harvardforest3d - INFO - HarvardForest3D: train=56 val=6 test=0
2025-11-02 19:23:59,549 - ml3d.datasets.harvardforest3d_contrastive - INFO - HarvardForest3DContrastive initialized for contrastive learning
2025-11-02 19:23:59,549 - ml3d.datasets.harvardforest3d_contrastive - INFO -   Augmentation: rotation=±360°, scale=[0.8,1.2], jitter=0.01, dropout=0.2
2025-11-02 19:23:59,549 - __main__ - INFO - Dataset initialized successfully
2025-11-02 19:23:59,549 - __main__ - INFO - Initializing model: RandLANetContrast
2025-11-02 19:27:13,648 - __main__ - INFO - Random seed set to 42
2025-11-02 19:27:13,652 - __main__ - INFO - Loaded config from ml3d/configs/randlanet_harvardforest_contrast.yml
2025-11-02 19:27:13,652 - __main__ - INFO - ================================================================================
2025-11-02 19:27:13,652 - __main__ - INFO - POINTCONTRAST-STYLE CONTRASTIVE LEARNING ON HARVARDFOREST3D
2025-11-02 19:27:13,652 - __main__ - INFO - ================================================================================
2025-11-02 19:27:13,652 - __main__ - INFO - Config: ml3d/configs/randlanet_harvardforest_contrast.yml
2025-11-02 19:27:13,652 - __main__ - INFO - Device: cuda
2025-11-02 19:27:13,652 - __main__ - INFO - Model: RandLANetContrast
2025-11-02 19:27:13,652 - __main__ - INFO - ================================================================================
2025-11-02 19:27:13,652 - __main__ - INFO - Initializing HarvardForest3DContrastive dataset...
2025-11-02 19:27:13,652 - __main__ - INFO - Found 62 .las files in /home/fzhcis/mylab/data/HarvardForest
2025-11-02 19:27:13,652 - ml3d.datasets.harvardforest3d - INFO - Found 62 .las files in /home/fzhcis/mylab/data/HarvardForest
2025-11-02 19:27:13,653 - ml3d.datasets.harvardforest3d - INFO - Loaded existing train/val/test split from manifest.
2025-11-02 19:27:13,653 - ml3d.datasets.harvardforest3d - INFO - HarvardForest3D: train=56 val=6 test=0
2025-11-02 19:27:13,653 - ml3d.datasets.harvardforest3d_contrastive - INFO - HarvardForest3DContrastive initialized for contrastive learning
2025-11-02 19:27:13,653 - ml3d.datasets.harvardforest3d_contrastive - INFO -   Augmentation: rotation=±360°, scale=[0.8,1.2], jitter=0.01, dropout=0.2
2025-11-02 19:27:13,653 - __main__ - INFO - Dataset initialized successfully
2025-11-02 19:27:13,653 - __main__ - INFO - Initializing model: RandLANetContrast
2025-11-02 19:27:13,752 - ml3d.torch.models.randlanet_contrast - INFO - Built RandLANet encoder with 5 layers
2025-11-02 19:27:13,756 - ml3d.torch.models.randlanet_contrast - INFO - Loading pretrained encoder from /home/fzhcis/mylab/data/semantic3d/open3d_randlanet/test_1027/randlanet_semantic3d_xyz_ckpt_2025-10-30_22-15-32_00400.pth
2025-11-02 19:27:13,800 - ml3d.torch.models.randlanet_contrast - INFO - Missing keys (expected for projection head): 14
2025-11-02 19:27:13,800 - ml3d.torch.models.randlanet_contrast - INFO - Successfully loaded 279 encoder parameters
2025-11-02 19:27:13,802 - ml3d.torch.models.randlanet_contrast - INFO - Encoder frozen (only training projection head)
2025-11-02 19:27:13,802 - ml3d.torch.models.randlanet_contrast - INFO - RandLANetContrast initialized:
2025-11-02 19:27:13,802 - ml3d.torch.models.randlanet_contrast - INFO -   Encoder output dim: 1024
2025-11-02 19:27:13,803 - ml3d.torch.models.randlanet_contrast - INFO -   Projection output dim: 128
2025-11-02 19:27:13,803 - ml3d.torch.models.randlanet_contrast - INFO -   Freeze encoder epochs: 5
2025-11-02 19:27:13,879 - __main__ - INFO - Model initialized and moved to cuda
2025-11-02 19:27:13,879 - __main__ - INFO - Initializing ContrastiveLearning pipeline...
2025-11-02 19:37:01,860 - __main__ - INFO - Random seed set to 42
2025-11-02 19:37:01,863 - __main__ - INFO - Loaded config from ml3d/configs/randlanet_harvardforest_contrast.yml
2025-11-02 19:37:01,864 - __main__ - INFO - ================================================================================
2025-11-02 19:37:01,864 - __main__ - INFO - POINTCONTRAST-STYLE CONTRASTIVE LEARNING ON HARVARDFOREST3D
2025-11-02 19:37:01,864 - __main__ - INFO - ================================================================================
2025-11-02 19:37:01,864 - __main__ - INFO - Config: ml3d/configs/randlanet_harvardforest_contrast.yml
2025-11-02 19:37:01,864 - __main__ - INFO - Device: cuda
2025-11-02 19:37:01,864 - __main__ - INFO - Model: RandLANetContrast
2025-11-02 19:37:01,864 - __main__ - INFO - ================================================================================
2025-11-02 19:37:01,864 - __main__ - INFO - Initializing HarvardForest3DContrastive dataset...
2025-11-02 19:37:01,864 - __main__ - INFO - Found 62 .las files in /home/fzhcis/mylab/data/HarvardForest
2025-11-02 19:37:01,864 - ml3d.datasets.harvardforest3d - INFO - Found 62 .las files in /home/fzhcis/mylab/data/HarvardForest
2025-11-02 19:37:01,865 - ml3d.datasets.harvardforest3d - INFO - Loaded existing train/val/test split from manifest.
2025-11-02 19:37:01,865 - ml3d.datasets.harvardforest3d - INFO - HarvardForest3D: train=56 val=6 test=0
2025-11-02 19:37:01,865 - ml3d.datasets.harvardforest3d_contrastive - INFO - HarvardForest3DContrastive initialized for contrastive learning
2025-11-02 19:37:01,865 - ml3d.datasets.harvardforest3d_contrastive - INFO -   Augmentation: rotation=±360°, scale=[0.8,1.2], jitter=0.01, dropout=0.2
2025-11-02 19:37:01,865 - __main__ - INFO - Dataset initialized successfully
2025-11-02 19:37:01,865 - __main__ - INFO - Initializing model: RandLANetContrast
2025-11-02 19:37:01,963 - ml3d.torch.models.randlanet_contrast - INFO - Built RandLANet encoder with 5 layers
2025-11-02 19:37:01,966 - ml3d.torch.models.randlanet_contrast - INFO - Loading pretrained encoder from /home/fzhcis/mylab/data/semantic3d/open3d_randlanet/test_1027/randlanet_semantic3d_xyz_ckpt_2025-10-30_22-15-32_00400.pth
2025-11-02 19:37:02,010 - ml3d.torch.models.randlanet_contrast - INFO - Missing keys (expected for projection head): 14
2025-11-02 19:37:02,010 - ml3d.torch.models.randlanet_contrast - INFO - Successfully loaded 279 encoder parameters
2025-11-02 19:37:02,012 - ml3d.torch.models.randlanet_contrast - INFO - Encoder frozen (only training projection head)
2025-11-02 19:37:02,012 - ml3d.torch.models.randlanet_contrast - INFO - RandLANetContrast initialized:
2025-11-02 19:37:02,012 - ml3d.torch.models.randlanet_contrast - INFO -   Encoder output dim: 1024
2025-11-02 19:37:02,012 - ml3d.torch.models.randlanet_contrast - INFO -   Projection output dim: 128
2025-11-02 19:37:02,012 - ml3d.torch.models.randlanet_contrast - INFO -   Freeze encoder epochs: 5
2025-11-02 19:37:02,079 - __main__ - INFO - Model initialized and moved to cuda
2025-11-02 19:37:02,079 - __main__ - INFO - Initializing ContrastiveLearning pipeline...
2025-11-02 19:38:06,188 - __main__ - INFO - Random seed set to 42
2025-11-02 19:38:06,191 - __main__ - INFO - Loaded config from ml3d/configs/randlanet_harvardforest_contrast.yml
2025-11-02 19:38:06,191 - __main__ - INFO - ================================================================================
2025-11-02 19:38:06,191 - __main__ - INFO - POINTCONTRAST-STYLE CONTRASTIVE LEARNING ON HARVARDFOREST3D
2025-11-02 19:38:06,191 - __main__ - INFO - ================================================================================
2025-11-02 19:38:06,191 - __main__ - INFO - Config: ml3d/configs/randlanet_harvardforest_contrast.yml
2025-11-02 19:38:06,191 - __main__ - INFO - Device: cuda
2025-11-02 19:38:06,191 - __main__ - INFO - Model: RandLANetContrast
2025-11-02 19:38:06,191 - __main__ - INFO - ================================================================================
2025-11-02 19:38:06,191 - __main__ - INFO - Initializing HarvardForest3DContrastive dataset...
2025-11-02 19:38:06,191 - __main__ - INFO - Found 62 .las files in /home/fzhcis/mylab/data/HarvardForest
2025-11-02 19:38:06,192 - ml3d.datasets.harvardforest3d - INFO - Found 62 .las files in /home/fzhcis/mylab/data/HarvardForest
2025-11-02 19:38:06,192 - ml3d.datasets.harvardforest3d - INFO - Loaded existing train/val/test split from manifest.
2025-11-02 19:38:06,192 - ml3d.datasets.harvardforest3d - INFO - HarvardForest3D: train=56 val=6 test=0
2025-11-02 19:38:06,192 - ml3d.datasets.harvardforest3d_contrastive - INFO - HarvardForest3DContrastive initialized for contrastive learning
2025-11-02 19:38:06,192 - ml3d.datasets.harvardforest3d_contrastive - INFO -   Augmentation: rotation=±360°, scale=[0.8,1.2], jitter=0.01, dropout=0.2
2025-11-02 19:38:06,192 - __main__ - INFO - Dataset initialized successfully
2025-11-02 19:38:06,192 - __main__ - INFO - Initializing model: RandLANetContrast
2025-11-02 19:38:06,293 - ml3d.torch.models.randlanet_contrast - INFO - Built RandLANet encoder with 5 layers
2025-11-02 19:38:06,296 - ml3d.torch.models.randlanet_contrast - INFO - Loading pretrained encoder from /home/fzhcis/mylab/data/semantic3d/open3d_randlanet/test_1027/randlanet_semantic3d_xyz_ckpt_2025-10-30_22-15-32_00400.pth
2025-11-02 19:38:06,342 - ml3d.torch.models.randlanet_contrast - INFO - Missing keys (expected for projection head): 14
2025-11-02 19:38:06,342 - ml3d.torch.models.randlanet_contrast - INFO - Successfully loaded 279 encoder parameters
2025-11-02 19:38:06,344 - ml3d.torch.models.randlanet_contrast - INFO - Encoder frozen (only training projection head)
2025-11-02 19:38:06,344 - ml3d.torch.models.randlanet_contrast - INFO - RandLANetContrast initialized:
2025-11-02 19:38:06,344 - ml3d.torch.models.randlanet_contrast - INFO -   Encoder output dim: 1024
2025-11-02 19:38:06,344 - ml3d.torch.models.randlanet_contrast - INFO -   Projection output dim: 128
2025-11-02 19:38:06,344 - ml3d.torch.models.randlanet_contrast - INFO -   Freeze encoder epochs: 5
2025-11-02 19:38:06,426 - __main__ - INFO - Model initialized and moved to cuda
2025-11-02 19:38:06,426 - __main__ - INFO - Initializing ContrastiveLearning pipeline...
2025-11-02 19:38:06,700 - ml3d.torch.models.randlanet_contrast - INFO - Optimizer created: encoder_lr=1.00e-04, projection_lr=1.00e-03
2025-11-02 19:38:06,700 - ml3d.torch.pipelines.contrastive_learning - INFO - ContrastiveLearning pipeline initialized:
2025-11-02 19:38:06,700 - ml3d.torch.pipelines.contrastive_learning - INFO -   Temperature: 0.07
2025-11-02 19:38:06,700 - ml3d.torch.pipelines.contrastive_learning - INFO -   Freeze encoder epochs: 5
2025-11-02 19:38:06,700 - ml3d.torch.pipelines.contrastive_learning - INFO -   Base LR: 0.001
2025-11-02 19:38:06,700 - ml3d.torch.pipelines.contrastive_learning - INFO -   Max epochs: 100
2025-11-02 19:38:06,700 - __main__ - INFO - Pipeline initialized successfully
2025-11-02 19:38:06,700 - __main__ - INFO - 
================================================================================
2025-11-02 19:38:06,700 - __main__ - INFO - STARTING TRAINING
2025-11-02 19:38:06,700 - __main__ - INFO - ================================================================================

2025-11-02 19:38:06,700 - ml3d.torch.pipelines.contrastive_learning - INFO - ==================================================
2025-11-02 19:38:06,700 - ml3d.torch.pipelines.contrastive_learning - INFO - Starting contrastive learning training
2025-11-02 19:38:06,700 - ml3d.torch.pipelines.contrastive_learning - INFO - ==================================================
2025-11-02 19:38:06,700 - ml3d.datasets.harvardforest3d - INFO - Found 56 LAS files for train
2025-11-02 19:38:06,701 - ml3d.datasets.harvardforest3d_contrastive - INFO - Contrastive split 'train' ready with 56 samples
2025-11-02 19:38:06,701 - ml3d.datasets.harvardforest3d - INFO - Found 6 LAS files for val
2025-11-02 19:38:06,701 - ml3d.datasets.harvardforest3d_contrastive - INFO - Contrastive split 'val' ready with 6 samples
2025-11-02 19:38:06,701 - ml3d.torch.pipelines.contrastive_learning - INFO - Train batches: 7, Val batches: 1
2025-11-02 19:38:06,728 - __main__ - ERROR - Training failed with error: 'HarvardForest3DContrastive' object has no attribute 'num_points'
Traceback (most recent call last):
  File "/home/fzhcis/mylab/Open3D-ML/scripts/run_tests_fei/train_harvardforest_contrast.py", line 341, in main
    pipeline.run_train()
  File "/home/fzhcis/mylab/Open3D-ML/ml3d/torch/pipelines/contrastive_learning.py", line 244, in run_train
    train_metrics = self.train_epoch(train_loader, epoch)
                    ^^^^^^^^^^^^^^^^^^^^^^^^^^^^^^^^^^^^^
  File "/home/fzhcis/mylab/Open3D-ML/ml3d/torch/pipelines/contrastive_learning.py", line 295, in train_epoch
    for batch in pbar:
  File "/home/fzhcis/miniconda3/envs/pcd_seg_open3d_env/lib/python3.11/site-packages/tqdm/std.py", line 1181, in __iter__
    for obj in iterable:
  File "/home/fzhcis/miniconda3/envs/pcd_seg_open3d_env/lib/python3.11/site-packages/torch/utils/data/dataloader.py", line 631, in __next__
    data = self._next_data()
           ^^^^^^^^^^^^^^^^^
  File "/home/fzhcis/miniconda3/envs/pcd_seg_open3d_env/lib/python3.11/site-packages/torch/utils/data/dataloader.py", line 675, in _next_data
    data = self._dataset_fetcher.fetch(index)  # may raise StopIteration
           ^^^^^^^^^^^^^^^^^^^^^^^^^^^^^^^^^^
  File "/home/fzhcis/miniconda3/envs/pcd_seg_open3d_env/lib/python3.11/site-packages/torch/utils/data/_utils/fetch.py", line 51, in fetch
    data = [self.dataset[idx] for idx in possibly_batched_index]
           ^^^^^^^^^^^^^^^^^^^^^^^^^^^^^^^^^^^^^^^^^^^^^^^^^^^^^
  File "/home/fzhcis/miniconda3/envs/pcd_seg_open3d_env/lib/python3.11/site-packages/torch/utils/data/_utils/fetch.py", line 51, in <listcomp>
    data = [self.dataset[idx] for idx in possibly_batched_index]
            ~~~~~~~~~~~~^^^^^
  File "/home/fzhcis/mylab/Open3D-ML/ml3d/datasets/harvardforest3d_contrastive.py", line 151, in __getitem__
    if len(points) > self.dataset.num_points:
                     ^^^^^^^^^^^^^^^^^^^^^^^
AttributeError: 'HarvardForest3DContrastive' object has no attribute 'num_points'
2025-11-02 19:43:35,070 - __main__ - INFO - Random seed set to 42
2025-11-02 19:43:35,073 - __main__ - INFO - Loaded config from ml3d/configs/randlanet_harvardforest_contrast.yml
2025-11-02 19:43:35,073 - __main__ - INFO - ================================================================================
2025-11-02 19:43:35,073 - __main__ - INFO - POINTCONTRAST-STYLE CONTRASTIVE LEARNING ON HARVARDFOREST3D
2025-11-02 19:43:35,073 - __main__ - INFO - ================================================================================
2025-11-02 19:43:35,073 - __main__ - INFO - Config: ml3d/configs/randlanet_harvardforest_contrast.yml
2025-11-02 19:43:35,073 - __main__ - INFO - Device: cuda
2025-11-02 19:43:35,073 - __main__ - INFO - Model: RandLANetContrast
2025-11-02 19:43:35,073 - __main__ - INFO - ================================================================================
2025-11-02 19:43:35,073 - __main__ - INFO - Initializing HarvardForest3DContrastive dataset...
2025-11-02 19:43:35,073 - __main__ - INFO - Found 62 .las files in /home/fzhcis/mylab/data/HarvardForest
2025-11-02 19:43:35,074 - ml3d.datasets.harvardforest3d - INFO - Found 62 .las files in /home/fzhcis/mylab/data/HarvardForest
2025-11-02 19:43:35,074 - ml3d.datasets.harvardforest3d - INFO - Loaded existing train/val/test split from manifest.
2025-11-02 19:43:35,074 - ml3d.datasets.harvardforest3d - INFO - HarvardForest3D: train=56 val=6 test=0
2025-11-02 19:43:35,074 - ml3d.datasets.harvardforest3d_contrastive - INFO - HarvardForest3DContrastive initialized for contrastive learning
2025-11-02 19:43:35,074 - ml3d.datasets.harvardforest3d_contrastive - INFO -   Augmentation: rotation=±360°, scale=[0.8,1.2], jitter=0.01, dropout=0.2
2025-11-02 19:43:35,074 - __main__ - INFO - Dataset initialized successfully
2025-11-02 19:43:35,074 - __main__ - INFO - Initializing model: RandLANetContrast
2025-11-02 19:43:35,175 - ml3d.torch.models.randlanet_contrast - INFO - Built RandLANet encoder with 5 layers
2025-11-02 19:43:35,179 - ml3d.torch.models.randlanet_contrast - INFO - Loading pretrained encoder from /home/fzhcis/mylab/data/semantic3d/open3d_randlanet/test_1027/randlanet_semantic3d_xyz_ckpt_2025-10-30_22-15-32_00400.pth
2025-11-02 19:43:35,223 - ml3d.torch.models.randlanet_contrast - INFO - Missing keys (expected for projection head): 14
2025-11-02 19:43:35,223 - ml3d.torch.models.randlanet_contrast - INFO - Successfully loaded 279 encoder parameters
2025-11-02 19:43:35,227 - ml3d.torch.models.randlanet_contrast - INFO - Encoder frozen (only training projection head)
2025-11-02 19:43:35,227 - ml3d.torch.models.randlanet_contrast - INFO - RandLANetContrast initialized:
2025-11-02 19:43:35,227 - ml3d.torch.models.randlanet_contrast - INFO -   Encoder output dim: 1024
2025-11-02 19:43:35,227 - ml3d.torch.models.randlanet_contrast - INFO -   Projection output dim: 128
2025-11-02 19:43:35,227 - ml3d.torch.models.randlanet_contrast - INFO -   Freeze encoder epochs: 5
2025-11-02 19:43:35,302 - __main__ - INFO - Model initialized and moved to cuda
2025-11-02 19:43:35,302 - __main__ - INFO - Initializing ContrastiveLearning pipeline...
2025-11-02 19:43:35,576 - ml3d.torch.models.randlanet_contrast - INFO - Optimizer created: encoder_lr=1.00e-04, projection_lr=1.00e-03
2025-11-02 19:43:35,576 - ml3d.torch.pipelines.contrastive_learning - INFO - ContrastiveLearning pipeline initialized:
2025-11-02 19:43:35,576 - ml3d.torch.pipelines.contrastive_learning - INFO -   Temperature: 0.07
2025-11-02 19:43:35,576 - ml3d.torch.pipelines.contrastive_learning - INFO -   Freeze encoder epochs: 5
2025-11-02 19:43:35,576 - ml3d.torch.pipelines.contrastive_learning - INFO -   Base LR: 0.001
2025-11-02 19:43:35,576 - ml3d.torch.pipelines.contrastive_learning - INFO -   Max epochs: 100
2025-11-02 19:43:35,576 - __main__ - INFO - Pipeline initialized successfully
2025-11-02 19:43:35,576 - __main__ - INFO - 
================================================================================
2025-11-02 19:43:35,576 - __main__ - INFO - STARTING TRAINING
2025-11-02 19:43:35,576 - __main__ - INFO - ================================================================================

2025-11-02 19:43:35,576 - ml3d.torch.pipelines.contrastive_learning - INFO - ==================================================
2025-11-02 19:43:35,576 - ml3d.torch.pipelines.contrastive_learning - INFO - Starting contrastive learning training
2025-11-02 19:43:35,577 - ml3d.torch.pipelines.contrastive_learning - INFO - ==================================================
2025-11-02 19:43:35,577 - ml3d.datasets.harvardforest3d - INFO - Found 56 LAS files for train
2025-11-02 19:43:35,577 - ml3d.datasets.harvardforest3d_contrastive - INFO - Contrastive split 'train' ready with 56 samples
2025-11-02 19:43:35,577 - ml3d.datasets.harvardforest3d - INFO - Found 6 LAS files for val
2025-11-02 19:43:35,577 - ml3d.datasets.harvardforest3d_contrastive - INFO - Contrastive split 'val' ready with 6 samples
2025-11-02 19:43:35,577 - ml3d.torch.pipelines.contrastive_learning - INFO - Train batches: 7, Val batches: 1
2025-11-02 19:43:36,143 - __main__ - ERROR - Training failed with error: mat1 and mat2 shapes cannot be multiplied (8x512 and 1024x512)
Traceback (most recent call last):
  File "/home/fzhcis/mylab/Open3D-ML/scripts/run_tests_fei/train_harvardforest_contrast.py", line 341, in main
    pipeline.run_train()
  File "/home/fzhcis/mylab/Open3D-ML/ml3d/torch/pipelines/contrastive_learning.py", line 244, in run_train
    train_metrics = self.train_epoch(train_loader, epoch)
                    ^^^^^^^^^^^^^^^^^^^^^^^^^^^^^^^^^^^^^
  File "/home/fzhcis/mylab/Open3D-ML/ml3d/torch/pipelines/contrastive_learning.py", line 300, in train_epoch
    outputs1 = self.model({'point': batch['point_view1']})
               ^^^^^^^^^^^^^^^^^^^^^^^^^^^^^^^^^^^^^^^^^^^
  File "/home/fzhcis/miniconda3/envs/pcd_seg_open3d_env/lib/python3.11/site-packages/torch/nn/modules/module.py", line 1511, in _wrapped_call_impl
    return self._call_impl(*args, **kwargs)
           ^^^^^^^^^^^^^^^^^^^^^^^^^^^^^^^^
  File "/home/fzhcis/miniconda3/envs/pcd_seg_open3d_env/lib/python3.11/site-packages/torch/nn/modules/module.py", line 1520, in _call_impl
    return forward_call(*args, **kwargs)
           ^^^^^^^^^^^^^^^^^^^^^^^^^^^^^
  File "/home/fzhcis/mylab/Open3D-ML/ml3d/torch/models/randlanet_contrast.py", line 341, in forward
    embeddings = self.projection_head(encoder_features)
                 ^^^^^^^^^^^^^^^^^^^^^^^^^^^^^^^^^^^^^^
  File "/home/fzhcis/miniconda3/envs/pcd_seg_open3d_env/lib/python3.11/site-packages/torch/nn/modules/module.py", line 1511, in _wrapped_call_impl
    return self._call_impl(*args, **kwargs)
           ^^^^^^^^^^^^^^^^^^^^^^^^^^^^^^^^
  File "/home/fzhcis/miniconda3/envs/pcd_seg_open3d_env/lib/python3.11/site-packages/torch/nn/modules/module.py", line 1520, in _call_impl
    return forward_call(*args, **kwargs)
           ^^^^^^^^^^^^^^^^^^^^^^^^^^^^^
  File "/home/fzhcis/mylab/Open3D-ML/ml3d/torch/models/randlanet_contrast.py", line 73, in forward
    embeddings = self.mlp(x)  # (B, output_dim)
                 ^^^^^^^^^^^
  File "/home/fzhcis/miniconda3/envs/pcd_seg_open3d_env/lib/python3.11/site-packages/torch/nn/modules/module.py", line 1511, in _wrapped_call_impl
    return self._call_impl(*args, **kwargs)
           ^^^^^^^^^^^^^^^^^^^^^^^^^^^^^^^^
  File "/home/fzhcis/miniconda3/envs/pcd_seg_open3d_env/lib/python3.11/site-packages/torch/nn/modules/module.py", line 1520, in _call_impl
    return forward_call(*args, **kwargs)
           ^^^^^^^^^^^^^^^^^^^^^^^^^^^^^
  File "/home/fzhcis/miniconda3/envs/pcd_seg_open3d_env/lib/python3.11/site-packages/torch/nn/modules/container.py", line 217, in forward
    input = module(input)
            ^^^^^^^^^^^^^
  File "/home/fzhcis/miniconda3/envs/pcd_seg_open3d_env/lib/python3.11/site-packages/torch/nn/modules/module.py", line 1511, in _wrapped_call_impl
    return self._call_impl(*args, **kwargs)
           ^^^^^^^^^^^^^^^^^^^^^^^^^^^^^^^^
  File "/home/fzhcis/miniconda3/envs/pcd_seg_open3d_env/lib/python3.11/site-packages/torch/nn/modules/module.py", line 1520, in _call_impl
    return forward_call(*args, **kwargs)
           ^^^^^^^^^^^^^^^^^^^^^^^^^^^^^
  File "/home/fzhcis/miniconda3/envs/pcd_seg_open3d_env/lib/python3.11/site-packages/torch/nn/modules/linear.py", line 116, in forward
    return F.linear(input, self.weight, self.bias)
           ^^^^^^^^^^^^^^^^^^^^^^^^^^^^^^^^^^^^^^^
RuntimeError: mat1 and mat2 shapes cannot be multiplied (8x512 and 1024x512)
2025-11-02 19:44:06,660 - __main__ - INFO - Random seed set to 42
2025-11-02 19:44:06,663 - __main__ - INFO - Loaded config from ml3d/configs/randlanet_harvardforest_contrast.yml
2025-11-02 19:44:06,663 - __main__ - INFO - ================================================================================
2025-11-02 19:44:06,663 - __main__ - INFO - POINTCONTRAST-STYLE CONTRASTIVE LEARNING ON HARVARDFOREST3D
2025-11-02 19:44:06,663 - __main__ - INFO - ================================================================================
2025-11-02 19:44:06,663 - __main__ - INFO - Config: ml3d/configs/randlanet_harvardforest_contrast.yml
2025-11-02 19:44:06,663 - __main__ - INFO - Device: cuda
2025-11-02 19:44:06,663 - __main__ - INFO - Model: RandLANetContrast
2025-11-02 19:44:06,663 - __main__ - INFO - ================================================================================
2025-11-02 19:44:06,663 - __main__ - INFO - Initializing HarvardForest3DContrastive dataset...
2025-11-02 19:44:06,664 - __main__ - INFO - Found 62 .las files in /home/fzhcis/mylab/data/HarvardForest
2025-11-02 19:44:06,664 - ml3d.datasets.harvardforest3d - INFO - Found 62 .las files in /home/fzhcis/mylab/data/HarvardForest
2025-11-02 19:44:06,664 - ml3d.datasets.harvardforest3d - INFO - Loaded existing train/val/test split from manifest.
2025-11-02 19:44:06,664 - ml3d.datasets.harvardforest3d - INFO - HarvardForest3D: train=56 val=6 test=0
2025-11-02 19:44:06,664 - ml3d.datasets.harvardforest3d_contrastive - INFO - HarvardForest3DContrastive initialized for contrastive learning
2025-11-02 19:44:06,664 - ml3d.datasets.harvardforest3d_contrastive - INFO -   Augmentation: rotation=±360°, scale=[0.8,1.2], jitter=0.01, dropout=0.2
2025-11-02 19:44:06,664 - __main__ - INFO - Dataset initialized successfully
2025-11-02 19:44:06,664 - __main__ - INFO - Initializing model: RandLANetContrast
2025-11-02 19:44:06,763 - ml3d.torch.models.randlanet_contrast - INFO - Built RandLANet encoder with 5 layers
2025-11-02 19:44:06,766 - ml3d.torch.models.randlanet_contrast - INFO - Loading pretrained encoder from /home/fzhcis/mylab/data/semantic3d/open3d_randlanet/test_1027/randlanet_semantic3d_xyz_ckpt_2025-10-30_22-15-32_00400.pth
2025-11-02 19:44:06,812 - ml3d.torch.models.randlanet_contrast - INFO - Missing keys (expected for projection head): 14
2025-11-02 19:44:06,813 - ml3d.torch.models.randlanet_contrast - INFO - Successfully loaded 279 encoder parameters
2025-11-02 19:44:06,818 - ml3d.torch.models.randlanet_contrast - INFO - Encoder frozen (only training projection head)
2025-11-02 19:44:06,818 - ml3d.torch.models.randlanet_contrast - INFO - RandLANetContrast initialized:
2025-11-02 19:44:06,818 - ml3d.torch.models.randlanet_contrast - INFO -   Encoder output dim: 1024
2025-11-02 19:44:06,818 - ml3d.torch.models.randlanet_contrast - INFO -   Projection output dim: 128
2025-11-02 19:44:06,818 - ml3d.torch.models.randlanet_contrast - INFO -   Freeze encoder epochs: 5
2025-11-02 19:44:06,893 - __main__ - INFO - Model initialized and moved to cuda
2025-11-02 19:44:06,893 - __main__ - INFO - Initializing ContrastiveLearning pipeline...
2025-11-02 19:44:07,163 - ml3d.torch.models.randlanet_contrast - INFO - Optimizer created: encoder_lr=1.00e-04, projection_lr=1.00e-03
2025-11-02 19:44:07,164 - ml3d.torch.pipelines.contrastive_learning - INFO - ContrastiveLearning pipeline initialized:
2025-11-02 19:44:07,164 - ml3d.torch.pipelines.contrastive_learning - INFO -   Temperature: 0.07
2025-11-02 19:44:07,164 - ml3d.torch.pipelines.contrastive_learning - INFO -   Freeze encoder epochs: 5
2025-11-02 19:44:07,164 - ml3d.torch.pipelines.contrastive_learning - INFO -   Base LR: 0.001
2025-11-02 19:44:07,164 - ml3d.torch.pipelines.contrastive_learning - INFO -   Max epochs: 100
2025-11-02 19:44:07,164 - __main__ - INFO - Pipeline initialized successfully
2025-11-02 19:44:07,164 - __main__ - INFO - 
================================================================================
2025-11-02 19:44:07,164 - __main__ - INFO - STARTING TRAINING
2025-11-02 19:44:07,164 - __main__ - INFO - ================================================================================

2025-11-02 19:44:07,164 - ml3d.torch.pipelines.contrastive_learning - INFO - ==================================================
2025-11-02 19:44:07,164 - ml3d.torch.pipelines.contrastive_learning - INFO - Starting contrastive learning training
2025-11-02 19:44:07,164 - ml3d.torch.pipelines.contrastive_learning - INFO - ==================================================
2025-11-02 19:44:07,164 - ml3d.datasets.harvardforest3d - INFO - Found 56 LAS files for train
2025-11-02 19:44:07,164 - ml3d.datasets.harvardforest3d_contrastive - INFO - Contrastive split 'train' ready with 56 samples
2025-11-02 19:44:07,164 - ml3d.datasets.harvardforest3d - INFO - Found 6 LAS files for val
2025-11-02 19:44:07,164 - ml3d.datasets.harvardforest3d_contrastive - INFO - Contrastive split 'val' ready with 6 samples
2025-11-02 19:44:07,164 - ml3d.torch.pipelines.contrastive_learning - INFO - Train batches: 7, Val batches: 1
2025-11-02 19:44:07,733 - __main__ - ERROR - Training failed with error: 'RandLANetContrast' object has no attribute 'encoder_output_dim'
Traceback (most recent call last):
  File "/home/fzhcis/mylab/Open3D-ML/scripts/run_tests_fei/train_harvardforest_contrast.py", line 341, in main
    pipeline.run_train()
  File "/home/fzhcis/mylab/Open3D-ML/ml3d/torch/pipelines/contrastive_learning.py", line 244, in run_train
    train_metrics = self.train_epoch(train_loader, epoch)
                    ^^^^^^^^^^^^^^^^^^^^^^^^^^^^^^^^^^^^^
  File "/home/fzhcis/mylab/Open3D-ML/ml3d/torch/pipelines/contrastive_learning.py", line 300, in train_epoch
    outputs1 = self.model({'point': batch['point_view1']})
               ^^^^^^^^^^^^^^^^^^^^^^^^^^^^^^^^^^^^^^^^^^^
  File "/home/fzhcis/miniconda3/envs/pcd_seg_open3d_env/lib/python3.11/site-packages/torch/nn/modules/module.py", line 1511, in _wrapped_call_impl
    return self._call_impl(*args, **kwargs)
           ^^^^^^^^^^^^^^^^^^^^^^^^^^^^^^^^
  File "/home/fzhcis/miniconda3/envs/pcd_seg_open3d_env/lib/python3.11/site-packages/torch/nn/modules/module.py", line 1520, in _call_impl
    return forward_call(*args, **kwargs)
           ^^^^^^^^^^^^^^^^^^^^^^^^^^^^^
  File "/home/fzhcis/mylab/Open3D-ML/ml3d/torch/models/randlanet_contrast.py", line 341, in forward
    encoder_features = torch.randn(batch_size, self.encoder_output_dim, 16, 1, device=points.device)
                                               ^^^^^^^^^^^^^^^^^^^^^^^
  File "/home/fzhcis/miniconda3/envs/pcd_seg_open3d_env/lib/python3.11/site-packages/torch/nn/modules/module.py", line 1688, in __getattr__
    raise AttributeError(f"'{type(self).__name__}' object has no attribute '{name}'")
AttributeError: 'RandLANetContrast' object has no attribute 'encoder_output_dim'
2025-11-02 19:44:37,032 - __main__ - INFO - Random seed set to 42
2025-11-02 19:44:37,035 - __main__ - INFO - Loaded config from ml3d/configs/randlanet_harvardforest_contrast.yml
2025-11-02 19:44:37,035 - __main__ - INFO - ================================================================================
2025-11-02 19:44:37,035 - __main__ - INFO - POINTCONTRAST-STYLE CONTRASTIVE LEARNING ON HARVARDFOREST3D
2025-11-02 19:44:37,035 - __main__ - INFO - ================================================================================
2025-11-02 19:44:37,035 - __main__ - INFO - Config: ml3d/configs/randlanet_harvardforest_contrast.yml
2025-11-02 19:44:37,035 - __main__ - INFO - Device: cuda
2025-11-02 19:44:37,035 - __main__ - INFO - Model: RandLANetContrast
2025-11-02 19:44:37,035 - __main__ - INFO - ================================================================================
2025-11-02 19:44:37,035 - __main__ - INFO - Initializing HarvardForest3DContrastive dataset...
2025-11-02 19:44:37,035 - __main__ - INFO - Found 62 .las files in /home/fzhcis/mylab/data/HarvardForest
2025-11-02 19:44:37,036 - ml3d.datasets.harvardforest3d - INFO - Found 62 .las files in /home/fzhcis/mylab/data/HarvardForest
2025-11-02 19:44:37,036 - ml3d.datasets.harvardforest3d - INFO - Loaded existing train/val/test split from manifest.
2025-11-02 19:44:37,036 - ml3d.datasets.harvardforest3d - INFO - HarvardForest3D: train=56 val=6 test=0
2025-11-02 19:44:37,036 - ml3d.datasets.harvardforest3d_contrastive - INFO - HarvardForest3DContrastive initialized for contrastive learning
2025-11-02 19:44:37,036 - ml3d.datasets.harvardforest3d_contrastive - INFO -   Augmentation: rotation=±360°, scale=[0.8,1.2], jitter=0.01, dropout=0.2
2025-11-02 19:44:37,036 - __main__ - INFO - Dataset initialized successfully
2025-11-02 19:44:37,036 - __main__ - INFO - Initializing model: RandLANetContrast
2025-11-02 19:44:37,139 - ml3d.torch.models.randlanet_contrast - INFO - Built RandLANet encoder with 5 layers
2025-11-02 19:44:37,142 - ml3d.torch.models.randlanet_contrast - INFO - Loading pretrained encoder from /home/fzhcis/mylab/data/semantic3d/open3d_randlanet/test_1027/randlanet_semantic3d_xyz_ckpt_2025-10-30_22-15-32_00400.pth
2025-11-02 19:44:37,186 - ml3d.torch.models.randlanet_contrast - INFO - Missing keys (expected for projection head): 14
2025-11-02 19:44:37,186 - ml3d.torch.models.randlanet_contrast - INFO - Successfully loaded 279 encoder parameters
2025-11-02 19:44:37,188 - ml3d.torch.models.randlanet_contrast - INFO - Encoder frozen (only training projection head)
2025-11-02 19:44:37,189 - ml3d.torch.models.randlanet_contrast - INFO - RandLANetContrast initialized:
2025-11-02 19:44:37,189 - ml3d.torch.models.randlanet_contrast - INFO -   Encoder output dim: 1024
2025-11-02 19:44:37,189 - ml3d.torch.models.randlanet_contrast - INFO -   Projection output dim: 128
2025-11-02 19:44:37,189 - ml3d.torch.models.randlanet_contrast - INFO -   Freeze encoder epochs: 5
2025-11-02 19:44:37,262 - __main__ - INFO - Model initialized and moved to cuda
2025-11-02 19:44:37,262 - __main__ - INFO - Initializing ContrastiveLearning pipeline...
2025-11-02 19:44:37,536 - ml3d.torch.models.randlanet_contrast - INFO - Optimizer created: encoder_lr=1.00e-04, projection_lr=1.00e-03
2025-11-02 19:44:37,536 - ml3d.torch.pipelines.contrastive_learning - INFO - ContrastiveLearning pipeline initialized:
2025-11-02 19:44:37,536 - ml3d.torch.pipelines.contrastive_learning - INFO -   Temperature: 0.07
2025-11-02 19:44:37,536 - ml3d.torch.pipelines.contrastive_learning - INFO -   Freeze encoder epochs: 5
2025-11-02 19:44:37,536 - ml3d.torch.pipelines.contrastive_learning - INFO -   Base LR: 0.001
2025-11-02 19:44:37,536 - ml3d.torch.pipelines.contrastive_learning - INFO -   Max epochs: 100
2025-11-02 19:44:37,536 - __main__ - INFO - Pipeline initialized successfully
2025-11-02 19:44:37,536 - __main__ - INFO - 
================================================================================
2025-11-02 19:44:37,536 - __main__ - INFO - STARTING TRAINING
2025-11-02 19:44:37,536 - __main__ - INFO - ================================================================================

2025-11-02 19:44:37,536 - ml3d.torch.pipelines.contrastive_learning - INFO - ==================================================
2025-11-02 19:44:37,536 - ml3d.torch.pipelines.contrastive_learning - INFO - Starting contrastive learning training
2025-11-02 19:44:37,536 - ml3d.torch.pipelines.contrastive_learning - INFO - ==================================================
2025-11-02 19:44:37,536 - ml3d.datasets.harvardforest3d - INFO - Found 56 LAS files for train
2025-11-02 19:44:37,536 - ml3d.datasets.harvardforest3d_contrastive - INFO - Contrastive split 'train' ready with 56 samples
2025-11-02 19:44:37,536 - ml3d.datasets.harvardforest3d - INFO - Found 6 LAS files for val
2025-11-02 19:44:37,536 - ml3d.datasets.harvardforest3d_contrastive - INFO - Contrastive split 'val' ready with 6 samples
2025-11-02 19:44:37,536 - ml3d.torch.pipelines.contrastive_learning - INFO - Train batches: 7, Val batches: 1
2025-11-02 19:44:38,306 - __main__ - ERROR - Training failed with error: CUDA error: CUBLAS_STATUS_EXECUTION_FAILED when calling `cublasSgemm( handle, opa, opb, m, n, k, &alpha, a, lda, b, ldb, &beta, c, ldc)`
Traceback (most recent call last):
  File "/home/fzhcis/mylab/Open3D-ML/scripts/run_tests_fei/train_harvardforest_contrast.py", line 341, in main
    pipeline.run_train()
  File "/home/fzhcis/mylab/Open3D-ML/ml3d/torch/pipelines/contrastive_learning.py", line 244, in run_train
    train_metrics = self.train_epoch(train_loader, epoch)
                    ^^^^^^^^^^^^^^^^^^^^^^^^^^^^^^^^^^^^^
  File "/home/fzhcis/mylab/Open3D-ML/ml3d/torch/pipelines/contrastive_learning.py", line 312, in train_epoch
    loss, metrics = self.criterion(
                    ^^^^^^^^^^^^^^^
  File "/home/fzhcis/miniconda3/envs/pcd_seg_open3d_env/lib/python3.11/site-packages/torch/nn/modules/module.py", line 1511, in _wrapped_call_impl
    return self._call_impl(*args, **kwargs)
           ^^^^^^^^^^^^^^^^^^^^^^^^^^^^^^^^
  File "/home/fzhcis/miniconda3/envs/pcd_seg_open3d_env/lib/python3.11/site-packages/torch/nn/modules/module.py", line 1520, in _call_impl
    return forward_call(*args, **kwargs)
           ^^^^^^^^^^^^^^^^^^^^^^^^^^^^^
  File "/home/fzhcis/mylab/Open3D-ML/ml3d/torch/pipelines/contrastive_learning.py", line 80, in forward
    logits = torch.matmul(anchor, emb2.T) / self.temperature  # (K, N2)
             ^^^^^^^^^^^^^^^^^^^^^^^^^^^^
RuntimeError: CUDA error: CUBLAS_STATUS_EXECUTION_FAILED when calling `cublasSgemm( handle, opa, opb, m, n, k, &alpha, a, lda, b, ldb, &beta, c, ldc)`
2025-11-02 19:46:54,795 - __main__ - INFO - Random seed set to 42
2025-11-02 19:46:54,799 - __main__ - INFO - Loaded config from ml3d/configs/randlanet_harvardforest_contrast.yml
2025-11-02 19:46:54,799 - __main__ - INFO - ================================================================================
2025-11-02 19:46:54,799 - __main__ - INFO - POINTCONTRAST-STYLE CONTRASTIVE LEARNING ON HARVARDFOREST3D
2025-11-02 19:46:54,799 - __main__ - INFO - ================================================================================
2025-11-02 19:46:54,799 - __main__ - INFO - Config: ml3d/configs/randlanet_harvardforest_contrast.yml
2025-11-02 19:46:54,799 - __main__ - INFO - Device: cuda
2025-11-02 19:46:54,799 - __main__ - INFO - Model: RandLANetContrast
2025-11-02 19:46:54,799 - __main__ - INFO - ================================================================================
2025-11-02 19:46:54,799 - __main__ - INFO - Initializing HarvardForest3DContrastive dataset...
2025-11-02 19:46:54,799 - __main__ - INFO - Found 62 .las files in /home/fzhcis/mylab/data/HarvardForest
2025-11-02 19:46:54,799 - ml3d.datasets.harvardforest3d - INFO - Found 62 .las files in /home/fzhcis/mylab/data/HarvardForest
2025-11-02 19:46:54,800 - ml3d.datasets.harvardforest3d - INFO - Loaded existing train/val/test split from manifest.
2025-11-02 19:46:54,800 - ml3d.datasets.harvardforest3d - INFO - HarvardForest3D: train=56 val=6 test=0
2025-11-02 19:46:54,800 - ml3d.datasets.harvardforest3d_contrastive - INFO - HarvardForest3DContrastive initialized for contrastive learning
2025-11-02 19:46:54,800 - ml3d.datasets.harvardforest3d_contrastive - INFO -   Augmentation: rotation=±360°, scale=[0.8,1.2], jitter=0.01, dropout=0.2
2025-11-02 19:46:54,800 - __main__ - INFO - Dataset initialized successfully
2025-11-02 19:46:54,800 - __main__ - INFO - Initializing model: RandLANetContrast
2025-11-02 19:46:54,904 - ml3d.torch.models.randlanet_contrast - INFO - Built RandLANet encoder with 5 layers
2025-11-02 19:46:54,908 - ml3d.torch.models.randlanet_contrast - INFO - Loading pretrained encoder from /home/fzhcis/mylab/data/semantic3d/open3d_randlanet/test_1027/randlanet_semantic3d_xyz_ckpt_2025-10-30_22-15-32_00400.pth
2025-11-02 19:46:54,953 - ml3d.torch.models.randlanet_contrast - INFO - Missing keys (expected for projection head): 14
2025-11-02 19:46:54,953 - ml3d.torch.models.randlanet_contrast - INFO - Successfully loaded 279 encoder parameters
2025-11-02 19:46:54,955 - ml3d.torch.models.randlanet_contrast - INFO - Encoder frozen (only training projection head)
2025-11-02 19:46:54,955 - ml3d.torch.models.randlanet_contrast - INFO - RandLANetContrast initialized:
2025-11-02 19:46:54,955 - ml3d.torch.models.randlanet_contrast - INFO -   Encoder output dim: 1024
2025-11-02 19:46:54,955 - ml3d.torch.models.randlanet_contrast - INFO -   Projection output dim: 128
2025-11-02 19:46:54,955 - ml3d.torch.models.randlanet_contrast - INFO -   Freeze encoder epochs: 5
2025-11-02 19:46:55,038 - __main__ - INFO - Model initialized and moved to cuda
2025-11-02 19:46:55,038 - __main__ - INFO - Initializing ContrastiveLearning pipeline...
2025-11-02 19:46:55,313 - ml3d.torch.models.randlanet_contrast - INFO - Optimizer created: encoder_lr=1.00e-04, projection_lr=1.00e-03
2025-11-02 19:46:55,313 - ml3d.torch.pipelines.contrastive_learning - INFO - ContrastiveLearning pipeline initialized:
2025-11-02 19:46:55,313 - ml3d.torch.pipelines.contrastive_learning - INFO -   Temperature: 0.07
2025-11-02 19:46:55,313 - ml3d.torch.pipelines.contrastive_learning - INFO -   Freeze encoder epochs: 5
2025-11-02 19:46:55,313 - ml3d.torch.pipelines.contrastive_learning - INFO -   Base LR: 0.001
2025-11-02 19:46:55,313 - ml3d.torch.pipelines.contrastive_learning - INFO -   Max epochs: 100
2025-11-02 19:46:55,313 - __main__ - INFO - Pipeline initialized successfully
2025-11-02 19:46:55,313 - __main__ - INFO - 
================================================================================
2025-11-02 19:46:55,313 - __main__ - INFO - STARTING TRAINING
2025-11-02 19:46:55,313 - __main__ - INFO - ================================================================================

2025-11-02 19:46:55,313 - ml3d.torch.pipelines.contrastive_learning - INFO - ==================================================
2025-11-02 19:46:55,313 - ml3d.torch.pipelines.contrastive_learning - INFO - Starting contrastive learning training
2025-11-02 19:46:55,313 - ml3d.torch.pipelines.contrastive_learning - INFO - ==================================================
2025-11-02 19:46:55,313 - ml3d.datasets.harvardforest3d - INFO - Found 56 LAS files for train
2025-11-02 19:46:55,313 - ml3d.datasets.harvardforest3d_contrastive - INFO - Contrastive split 'train' ready with 56 samples
2025-11-02 19:46:55,313 - ml3d.datasets.harvardforest3d - INFO - Found 6 LAS files for val
2025-11-02 19:46:55,313 - ml3d.datasets.harvardforest3d_contrastive - INFO - Contrastive split 'val' ready with 6 samples
2025-11-02 19:46:55,313 - ml3d.torch.pipelines.contrastive_learning - INFO - Train batches: 7, Val batches: 1
2025-11-02 19:46:55,936 - __main__ - ERROR - Training failed with error: Given groups=1, weight of size [1024, 1024, 1, 1], expected input[8, 8, 1, 1] to have 1024 channels, but got 8 channels instead
Traceback (most recent call last):
  File "/home/fzhcis/mylab/Open3D-ML/scripts/run_tests_fei/train_harvardforest_contrast.py", line 341, in main
    pipeline.run_train()
  File "/home/fzhcis/mylab/Open3D-ML/ml3d/torch/pipelines/contrastive_learning.py", line 244, in run_train
    train_metrics = self.train_epoch(train_loader, epoch)
                    ^^^^^^^^^^^^^^^^^^^^^^^^^^^^^^^^^^^^^
  File "/home/fzhcis/mylab/Open3D-ML/ml3d/torch/pipelines/contrastive_learning.py", line 300, in train_epoch
    outputs1 = self.model({'point': batch['point_view1']})
               ^^^^^^^^^^^^^^^^^^^^^^^^^^^^^^^^^^^^^^^^^^^
  File "/home/fzhcis/miniconda3/envs/pcd_seg_open3d_env/lib/python3.11/site-packages/torch/nn/modules/module.py", line 1511, in _wrapped_call_impl
    return self._call_impl(*args, **kwargs)
           ^^^^^^^^^^^^^^^^^^^^^^^^^^^^^^^^
  File "/home/fzhcis/miniconda3/envs/pcd_seg_open3d_env/lib/python3.11/site-packages/torch/nn/modules/module.py", line 1520, in _call_impl
    return forward_call(*args, **kwargs)
           ^^^^^^^^^^^^^^^^^^^^^^^^^^^^^
  File "/home/fzhcis/mylab/Open3D-ML/ml3d/torch/models/randlanet_contrast.py", line 350, in forward
    encoder_features = self.mlp(encoder_features)  # (B, encoder_output_dim, 1, 1)
                       ^^^^^^^^^^^^^^^^^^^^^^^^^^
  File "/home/fzhcis/miniconda3/envs/pcd_seg_open3d_env/lib/python3.11/site-packages/torch/nn/modules/module.py", line 1511, in _wrapped_call_impl
    return self._call_impl(*args, **kwargs)
           ^^^^^^^^^^^^^^^^^^^^^^^^^^^^^^^^
  File "/home/fzhcis/miniconda3/envs/pcd_seg_open3d_env/lib/python3.11/site-packages/torch/nn/modules/module.py", line 1520, in _call_impl
    return forward_call(*args, **kwargs)
           ^^^^^^^^^^^^^^^^^^^^^^^^^^^^^
  File "/home/fzhcis/mylab/Open3D-ML/ml3d/torch/models/randlanet.py", line 546, in forward
    x = self.conv(input)
        ^^^^^^^^^^^^^^^^
  File "/home/fzhcis/miniconda3/envs/pcd_seg_open3d_env/lib/python3.11/site-packages/torch/nn/modules/module.py", line 1511, in _wrapped_call_impl
    return self._call_impl(*args, **kwargs)
           ^^^^^^^^^^^^^^^^^^^^^^^^^^^^^^^^
  File "/home/fzhcis/miniconda3/envs/pcd_seg_open3d_env/lib/python3.11/site-packages/torch/nn/modules/module.py", line 1520, in _call_impl
    return forward_call(*args, **kwargs)
           ^^^^^^^^^^^^^^^^^^^^^^^^^^^^^
  File "/home/fzhcis/miniconda3/envs/pcd_seg_open3d_env/lib/python3.11/site-packages/torch/nn/modules/conv.py", line 460, in forward
    return self._conv_forward(input, self.weight, self.bias)
           ^^^^^^^^^^^^^^^^^^^^^^^^^^^^^^^^^^^^^^^^^^^^^^^^^
  File "/home/fzhcis/miniconda3/envs/pcd_seg_open3d_env/lib/python3.11/site-packages/torch/nn/modules/conv.py", line 456, in _conv_forward
    return F.conv2d(input, weight, bias, self.stride,
           ^^^^^^^^^^^^^^^^^^^^^^^^^^^^^^^^^^^^^^^^^^
RuntimeError: Given groups=1, weight of size [1024, 1024, 1, 1], expected input[8, 8, 1, 1] to have 1024 channels, but got 8 channels instead
2025-11-02 19:48:11,297 - __main__ - INFO - Random seed set to 42
2025-11-02 19:48:11,300 - __main__ - INFO - Loaded config from ml3d/configs/randlanet_harvardforest_contrast.yml
2025-11-02 19:48:11,300 - __main__ - INFO - ================================================================================
2025-11-02 19:48:11,300 - __main__ - INFO - POINTCONTRAST-STYLE CONTRASTIVE LEARNING ON HARVARDFOREST3D
2025-11-02 19:48:11,300 - __main__ - INFO - ================================================================================
2025-11-02 19:48:11,300 - __main__ - INFO - Config: ml3d/configs/randlanet_harvardforest_contrast.yml
2025-11-02 19:48:11,300 - __main__ - INFO - Device: cuda
2025-11-02 19:48:11,300 - __main__ - INFO - Model: RandLANetContrast
2025-11-02 19:48:11,300 - __main__ - INFO - ================================================================================
2025-11-02 19:48:11,300 - __main__ - INFO - Initializing HarvardForest3DContrastive dataset...
2025-11-02 19:48:11,300 - __main__ - INFO - Found 62 .las files in /home/fzhcis/mylab/data/HarvardForest
2025-11-02 19:48:11,301 - ml3d.datasets.harvardforest3d - INFO - Found 62 .las files in /home/fzhcis/mylab/data/HarvardForest
2025-11-02 19:48:11,301 - ml3d.datasets.harvardforest3d - INFO - Loaded existing train/val/test split from manifest.
2025-11-02 19:48:11,301 - ml3d.datasets.harvardforest3d - INFO - HarvardForest3D: train=56 val=6 test=0
2025-11-02 19:48:11,301 - ml3d.datasets.harvardforest3d_contrastive - INFO - HarvardForest3DContrastive initialized for contrastive learning
2025-11-02 19:48:11,301 - ml3d.datasets.harvardforest3d_contrastive - INFO -   Augmentation: rotation=±360°, scale=[0.8,1.2], jitter=0.01, dropout=0.2
2025-11-02 19:48:11,301 - __main__ - INFO - Dataset initialized successfully
2025-11-02 19:48:11,301 - __main__ - INFO - Initializing model: RandLANetContrast
2025-11-02 19:48:11,306 - ml3d.torch.models.randlanet_contrast - INFO - Built simplified encoder with PointNet-style 1x1 convolutions
2025-11-02 19:48:11,306 - ml3d.torch.models.randlanet_contrast - INFO -   Input: 3 -> Output: 1024
2025-11-02 19:48:11,309 - ml3d.torch.models.randlanet_contrast - INFO - Loading pretrained encoder from /home/fzhcis/mylab/data/semantic3d/open3d_randlanet/test_1027/randlanet_semantic3d_xyz_ckpt_2025-10-30_22-15-32_00400.pth
2025-11-02 19:48:11,441 - ml3d.torch.models.randlanet_contrast - INFO - Missing keys (expected for projection head): 44
2025-11-02 19:48:11,441 - ml3d.torch.models.randlanet_contrast - WARNING - Unexpected keys: ['encoder.0.mlp1.conv.weight', 'encoder.0.mlp1.conv.bias', 'encoder.0.mlp1.batch_norm.weight', 'encoder.0.mlp1.batch_norm.bias', 'encoder.0.mlp1.batch_norm.running_mean', 'encoder.0.mlp1.batch_norm.running_var', 'encoder.0.mlp1.batch_norm.num_batches_tracked', 'encoder.0.lse1.mlp.conv.weight', 'encoder.0.lse1.mlp.conv.bias', 'encoder.0.lse1.mlp.batch_norm.weight', 'encoder.0.lse1.mlp.batch_norm.bias', 'encoder.0.lse1.mlp.batch_norm.running_mean', 'encoder.0.lse1.mlp.batch_norm.running_var', 'encoder.0.lse1.mlp.batch_norm.num_batches_tracked', 'encoder.0.pool1.score_fn.0.weight', 'encoder.0.pool1.score_fn.0.bias', 'encoder.0.pool1.mlp.conv.weight', 'encoder.0.pool1.mlp.conv.bias', 'encoder.0.pool1.mlp.batch_norm.weight', 'encoder.0.pool1.mlp.batch_norm.bias', 'encoder.0.pool1.mlp.batch_norm.running_mean', 'encoder.0.pool1.mlp.batch_norm.running_var', 'encoder.0.pool1.mlp.batch_norm.num_batches_tracked', 'encoder.0.lse2.mlp.conv.weight', 'encoder.0.lse2.mlp.conv.bias', 'encoder.0.lse2.mlp.batch_norm.weight', 'encoder.0.lse2.mlp.batch_norm.bias', 'encoder.0.lse2.mlp.batch_norm.running_mean', 'encoder.0.lse2.mlp.batch_norm.running_var', 'encoder.0.lse2.mlp.batch_norm.num_batches_tracked', 'encoder.0.pool2.score_fn.0.weight', 'encoder.0.pool2.score_fn.0.bias', 'encoder.0.pool2.mlp.conv.weight', 'encoder.0.pool2.mlp.conv.bias', 'encoder.0.pool2.mlp.batch_norm.weight', 'encoder.0.pool2.mlp.batch_norm.bias', 'encoder.0.pool2.mlp.batch_norm.running_mean', 'encoder.0.pool2.mlp.batch_norm.running_var', 'encoder.0.pool2.mlp.batch_norm.num_batches_tracked', 'encoder.0.mlp2.conv.weight', 'encoder.0.mlp2.conv.bias', 'encoder.0.mlp2.batch_norm.weight', 'encoder.0.mlp2.batch_norm.bias', 'encoder.0.mlp2.batch_norm.running_mean', 'encoder.0.mlp2.batch_norm.running_var', 'encoder.0.mlp2.batch_norm.num_batches_tracked', 'encoder.0.shortcut.conv.weight', 'encoder.0.shortcut.conv.bias', 'encoder.0.shortcut.batch_norm.weight', 'encoder.0.shortcut.batch_norm.bias', 'encoder.0.shortcut.batch_norm.running_mean', 'encoder.0.shortcut.batch_norm.running_var', 'encoder.0.shortcut.batch_norm.num_batches_tracked', 'encoder.1.mlp1.conv.weight', 'encoder.1.mlp1.conv.bias', 'encoder.1.mlp1.batch_norm.weight', 'encoder.1.mlp1.batch_norm.bias', 'encoder.1.mlp1.batch_norm.running_mean', 'encoder.1.mlp1.batch_norm.running_var', 'encoder.1.mlp1.batch_norm.num_batches_tracked', 'encoder.1.lse1.mlp.conv.weight', 'encoder.1.lse1.mlp.conv.bias', 'encoder.1.lse1.mlp.batch_norm.weight', 'encoder.1.lse1.mlp.batch_norm.bias', 'encoder.1.lse1.mlp.batch_norm.running_mean', 'encoder.1.lse1.mlp.batch_norm.running_var', 'encoder.1.lse1.mlp.batch_norm.num_batches_tracked', 'encoder.1.pool1.score_fn.0.weight', 'encoder.1.pool1.score_fn.0.bias', 'encoder.1.pool1.mlp.conv.weight', 'encoder.1.pool1.mlp.conv.bias', 'encoder.1.pool1.mlp.batch_norm.weight', 'encoder.1.pool1.mlp.batch_norm.bias', 'encoder.1.pool1.mlp.batch_norm.running_mean', 'encoder.1.pool1.mlp.batch_norm.running_var', 'encoder.1.pool1.mlp.batch_norm.num_batches_tracked', 'encoder.1.lse2.mlp.conv.weight', 'encoder.1.lse2.mlp.conv.bias', 'encoder.1.lse2.mlp.batch_norm.weight', 'encoder.1.lse2.mlp.batch_norm.bias', 'encoder.1.lse2.mlp.batch_norm.running_mean', 'encoder.1.lse2.mlp.batch_norm.running_var', 'encoder.1.lse2.mlp.batch_norm.num_batches_tracked', 'encoder.1.pool2.score_fn.0.weight', 'encoder.1.pool2.score_fn.0.bias', 'encoder.1.pool2.mlp.conv.weight', 'encoder.1.pool2.mlp.conv.bias', 'encoder.1.pool2.mlp.batch_norm.weight', 'encoder.1.pool2.mlp.batch_norm.bias', 'encoder.1.pool2.mlp.batch_norm.running_mean', 'encoder.1.pool2.mlp.batch_norm.running_var', 'encoder.1.pool2.mlp.batch_norm.num_batches_tracked', 'encoder.1.mlp2.conv.weight', 'encoder.1.mlp2.conv.bias', 'encoder.1.mlp2.batch_norm.weight', 'encoder.1.mlp2.batch_norm.bias', 'encoder.1.mlp2.batch_norm.running_mean', 'encoder.1.mlp2.batch_norm.running_var', 'encoder.1.mlp2.batch_norm.num_batches_tracked', 'encoder.1.shortcut.conv.weight', 'encoder.1.shortcut.conv.bias', 'encoder.1.shortcut.batch_norm.weight', 'encoder.1.shortcut.batch_norm.bias', 'encoder.1.shortcut.batch_norm.running_mean', 'encoder.1.shortcut.batch_norm.running_var', 'encoder.1.shortcut.batch_norm.num_batches_tracked', 'encoder.2.mlp1.conv.weight', 'encoder.2.mlp1.conv.bias', 'encoder.2.mlp1.batch_norm.weight', 'encoder.2.mlp1.batch_norm.bias', 'encoder.2.mlp1.batch_norm.running_mean', 'encoder.2.mlp1.batch_norm.running_var', 'encoder.2.mlp1.batch_norm.num_batches_tracked', 'encoder.2.lse1.mlp.conv.weight', 'encoder.2.lse1.mlp.conv.bias', 'encoder.2.lse1.mlp.batch_norm.weight', 'encoder.2.lse1.mlp.batch_norm.bias', 'encoder.2.lse1.mlp.batch_norm.running_mean', 'encoder.2.lse1.mlp.batch_norm.running_var', 'encoder.2.lse1.mlp.batch_norm.num_batches_tracked', 'encoder.2.pool1.score_fn.0.weight', 'encoder.2.pool1.score_fn.0.bias', 'encoder.2.pool1.mlp.conv.weight', 'encoder.2.pool1.mlp.conv.bias', 'encoder.2.pool1.mlp.batch_norm.weight', 'encoder.2.pool1.mlp.batch_norm.bias', 'encoder.2.pool1.mlp.batch_norm.running_mean', 'encoder.2.pool1.mlp.batch_norm.running_var', 'encoder.2.pool1.mlp.batch_norm.num_batches_tracked', 'encoder.2.lse2.mlp.conv.weight', 'encoder.2.lse2.mlp.conv.bias', 'encoder.2.lse2.mlp.batch_norm.weight', 'encoder.2.lse2.mlp.batch_norm.bias', 'encoder.2.lse2.mlp.batch_norm.running_mean', 'encoder.2.lse2.mlp.batch_norm.running_var', 'encoder.2.lse2.mlp.batch_norm.num_batches_tracked', 'encoder.2.pool2.score_fn.0.weight', 'encoder.2.pool2.score_fn.0.bias', 'encoder.2.pool2.mlp.conv.weight', 'encoder.2.pool2.mlp.conv.bias', 'encoder.2.pool2.mlp.batch_norm.weight', 'encoder.2.pool2.mlp.batch_norm.bias', 'encoder.2.pool2.mlp.batch_norm.running_mean', 'encoder.2.pool2.mlp.batch_norm.running_var', 'encoder.2.pool2.mlp.batch_norm.num_batches_tracked', 'encoder.2.mlp2.conv.weight', 'encoder.2.mlp2.conv.bias', 'encoder.2.mlp2.batch_norm.weight', 'encoder.2.mlp2.batch_norm.bias', 'encoder.2.mlp2.batch_norm.running_mean', 'encoder.2.mlp2.batch_norm.running_var', 'encoder.2.mlp2.batch_norm.num_batches_tracked', 'encoder.2.shortcut.conv.weight', 'encoder.2.shortcut.conv.bias', 'encoder.2.shortcut.batch_norm.weight', 'encoder.2.shortcut.batch_norm.bias', 'encoder.2.shortcut.batch_norm.running_mean', 'encoder.2.shortcut.batch_norm.running_var', 'encoder.2.shortcut.batch_norm.num_batches_tracked', 'encoder.3.mlp1.conv.weight', 'encoder.3.mlp1.conv.bias', 'encoder.3.mlp1.batch_norm.weight', 'encoder.3.mlp1.batch_norm.bias', 'encoder.3.mlp1.batch_norm.running_mean', 'encoder.3.mlp1.batch_norm.running_var', 'encoder.3.mlp1.batch_norm.num_batches_tracked', 'encoder.3.lse1.mlp.conv.weight', 'encoder.3.lse1.mlp.conv.bias', 'encoder.3.lse1.mlp.batch_norm.weight', 'encoder.3.lse1.mlp.batch_norm.bias', 'encoder.3.lse1.mlp.batch_norm.running_mean', 'encoder.3.lse1.mlp.batch_norm.running_var', 'encoder.3.lse1.mlp.batch_norm.num_batches_tracked', 'encoder.3.pool1.score_fn.0.weight', 'encoder.3.pool1.score_fn.0.bias', 'encoder.3.pool1.mlp.conv.weight', 'encoder.3.pool1.mlp.conv.bias', 'encoder.3.pool1.mlp.batch_norm.weight', 'encoder.3.pool1.mlp.batch_norm.bias', 'encoder.3.pool1.mlp.batch_norm.running_mean', 'encoder.3.pool1.mlp.batch_norm.running_var', 'encoder.3.pool1.mlp.batch_norm.num_batches_tracked', 'encoder.3.lse2.mlp.conv.weight', 'encoder.3.lse2.mlp.conv.bias', 'encoder.3.lse2.mlp.batch_norm.weight', 'encoder.3.lse2.mlp.batch_norm.bias', 'encoder.3.lse2.mlp.batch_norm.running_mean', 'encoder.3.lse2.mlp.batch_norm.running_var', 'encoder.3.lse2.mlp.batch_norm.num_batches_tracked', 'encoder.3.pool2.score_fn.0.weight', 'encoder.3.pool2.score_fn.0.bias', 'encoder.3.pool2.mlp.conv.weight', 'encoder.3.pool2.mlp.conv.bias', 'encoder.3.pool2.mlp.batch_norm.weight', 'encoder.3.pool2.mlp.batch_norm.bias', 'encoder.3.pool2.mlp.batch_norm.running_mean', 'encoder.3.pool2.mlp.batch_norm.running_var', 'encoder.3.pool2.mlp.batch_norm.num_batches_tracked', 'encoder.3.mlp2.conv.weight', 'encoder.3.mlp2.conv.bias', 'encoder.3.mlp2.batch_norm.weight', 'encoder.3.mlp2.batch_norm.bias', 'encoder.3.mlp2.batch_norm.running_mean', 'encoder.3.mlp2.batch_norm.running_var', 'encoder.3.mlp2.batch_norm.num_batches_tracked', 'encoder.3.shortcut.conv.weight', 'encoder.3.shortcut.conv.bias', 'encoder.3.shortcut.batch_norm.weight', 'encoder.3.shortcut.batch_norm.bias', 'encoder.3.shortcut.batch_norm.running_mean', 'encoder.3.shortcut.batch_norm.running_var', 'encoder.3.shortcut.batch_norm.num_batches_tracked', 'encoder.4.mlp1.conv.weight', 'encoder.4.mlp1.conv.bias', 'encoder.4.mlp1.batch_norm.weight', 'encoder.4.mlp1.batch_norm.bias', 'encoder.4.mlp1.batch_norm.running_mean', 'encoder.4.mlp1.batch_norm.running_var', 'encoder.4.mlp1.batch_norm.num_batches_tracked', 'encoder.4.lse1.mlp.conv.weight', 'encoder.4.lse1.mlp.conv.bias', 'encoder.4.lse1.mlp.batch_norm.weight', 'encoder.4.lse1.mlp.batch_norm.bias', 'encoder.4.lse1.mlp.batch_norm.running_mean', 'encoder.4.lse1.mlp.batch_norm.running_var', 'encoder.4.lse1.mlp.batch_norm.num_batches_tracked', 'encoder.4.pool1.score_fn.0.weight', 'encoder.4.pool1.score_fn.0.bias', 'encoder.4.pool1.mlp.conv.weight', 'encoder.4.pool1.mlp.conv.bias', 'encoder.4.pool1.mlp.batch_norm.weight', 'encoder.4.pool1.mlp.batch_norm.bias', 'encoder.4.pool1.mlp.batch_norm.running_mean', 'encoder.4.pool1.mlp.batch_norm.running_var', 'encoder.4.pool1.mlp.batch_norm.num_batches_tracked', 'encoder.4.lse2.mlp.conv.weight', 'encoder.4.lse2.mlp.conv.bias', 'encoder.4.lse2.mlp.batch_norm.weight', 'encoder.4.lse2.mlp.batch_norm.bias', 'encoder.4.lse2.mlp.batch_norm.running_mean', 'encoder.4.lse2.mlp.batch_norm.running_var', 'encoder.4.lse2.mlp.batch_norm.num_batches_tracked', 'encoder.4.pool2.score_fn.0.weight', 'encoder.4.pool2.score_fn.0.bias', 'encoder.4.pool2.mlp.conv.weight', 'encoder.4.pool2.mlp.conv.bias', 'encoder.4.pool2.mlp.batch_norm.weight', 'encoder.4.pool2.mlp.batch_norm.bias', 'encoder.4.pool2.mlp.batch_norm.running_mean', 'encoder.4.pool2.mlp.batch_norm.running_var', 'encoder.4.pool2.mlp.batch_norm.num_batches_tracked', 'encoder.4.mlp2.conv.weight', 'encoder.4.mlp2.conv.bias', 'encoder.4.mlp2.batch_norm.weight', 'encoder.4.mlp2.batch_norm.bias', 'encoder.4.mlp2.batch_norm.running_mean', 'encoder.4.mlp2.batch_norm.running_var', 'encoder.4.mlp2.batch_norm.num_batches_tracked', 'encoder.4.shortcut.conv.weight', 'encoder.4.shortcut.conv.bias', 'encoder.4.shortcut.batch_norm.weight', 'encoder.4.shortcut.batch_norm.bias', 'encoder.4.shortcut.batch_norm.running_mean', 'encoder.4.shortcut.batch_norm.running_var', 'encoder.4.shortcut.batch_norm.num_batches_tracked', 'mlp.conv.weight', 'mlp.conv.bias', 'mlp.batch_norm.weight', 'mlp.batch_norm.bias', 'mlp.batch_norm.running_mean', 'mlp.batch_norm.running_var', 'mlp.batch_norm.num_batches_tracked']
2025-11-02 19:48:11,441 - ml3d.torch.models.randlanet_contrast - INFO - Successfully loaded 279 encoder parameters
2025-11-02 19:48:11,444 - ml3d.torch.models.randlanet_contrast - INFO - Encoder frozen (only training projection head)
2025-11-02 19:48:11,444 - ml3d.torch.models.randlanet_contrast - INFO - RandLANetContrast initialized:
2025-11-02 19:48:11,444 - ml3d.torch.models.randlanet_contrast - INFO -   Encoder output dim: 1024
2025-11-02 19:48:11,445 - ml3d.torch.models.randlanet_contrast - INFO -   Projection output dim: 128
2025-11-02 19:48:11,445 - ml3d.torch.models.randlanet_contrast - INFO -   Freeze encoder epochs: 5
2025-11-02 19:48:11,509 - __main__ - INFO - Model initialized and moved to cuda
2025-11-02 19:48:11,509 - __main__ - INFO - Initializing ContrastiveLearning pipeline...
2025-11-02 19:48:11,778 - ml3d.torch.models.randlanet_contrast - INFO - Optimizer created: encoder_lr=1.00e-04, projection_lr=1.00e-03
2025-11-02 19:48:11,778 - ml3d.torch.pipelines.contrastive_learning - INFO - ContrastiveLearning pipeline initialized:
2025-11-02 19:48:11,778 - ml3d.torch.pipelines.contrastive_learning - INFO -   Temperature: 0.07
2025-11-02 19:48:11,778 - ml3d.torch.pipelines.contrastive_learning - INFO -   Freeze encoder epochs: 5
2025-11-02 19:48:11,778 - ml3d.torch.pipelines.contrastive_learning - INFO -   Base LR: 0.001
2025-11-02 19:48:11,778 - ml3d.torch.pipelines.contrastive_learning - INFO -   Max epochs: 100
2025-11-02 19:48:11,778 - __main__ - INFO - Pipeline initialized successfully
2025-11-02 19:48:11,778 - __main__ - INFO - 
================================================================================
2025-11-02 19:48:11,778 - __main__ - INFO - STARTING TRAINING
2025-11-02 19:48:11,778 - __main__ - INFO - ================================================================================

2025-11-02 19:48:11,778 - ml3d.torch.pipelines.contrastive_learning - INFO - ==================================================
2025-11-02 19:48:11,778 - ml3d.torch.pipelines.contrastive_learning - INFO - Starting contrastive learning training
2025-11-02 19:48:11,778 - ml3d.torch.pipelines.contrastive_learning - INFO - ==================================================
2025-11-02 19:48:11,778 - ml3d.datasets.harvardforest3d - INFO - Found 56 LAS files for train
2025-11-02 19:48:11,778 - ml3d.datasets.harvardforest3d_contrastive - INFO - Contrastive split 'train' ready with 56 samples
2025-11-02 19:48:11,778 - ml3d.datasets.harvardforest3d - INFO - Found 6 LAS files for val
2025-11-02 19:48:11,778 - ml3d.datasets.harvardforest3d_contrastive - INFO - Contrastive split 'val' ready with 6 samples
2025-11-02 19:48:11,778 - ml3d.torch.pipelines.contrastive_learning - INFO - Train batches: 7, Val batches: 1
2025-11-02 19:48:12,586 - __main__ - ERROR - Training failed with error: CUDA error: CUBLAS_STATUS_EXECUTION_FAILED when calling `cublasSgemm( handle, opa, opb, m, n, k, &alpha, a, lda, b, ldb, &beta, c, ldc)`
Traceback (most recent call last):
  File "/home/fzhcis/mylab/Open3D-ML/scripts/run_tests_fei/train_harvardforest_contrast.py", line 341, in main
    pipeline.run_train()
  File "/home/fzhcis/mylab/Open3D-ML/ml3d/torch/pipelines/contrastive_learning.py", line 244, in run_train
    train_metrics = self.train_epoch(train_loader, epoch)
                    ^^^^^^^^^^^^^^^^^^^^^^^^^^^^^^^^^^^^^
  File "/home/fzhcis/mylab/Open3D-ML/ml3d/torch/pipelines/contrastive_learning.py", line 312, in train_epoch
    loss, metrics = self.criterion(
                    ^^^^^^^^^^^^^^^
  File "/home/fzhcis/miniconda3/envs/pcd_seg_open3d_env/lib/python3.11/site-packages/torch/nn/modules/module.py", line 1511, in _wrapped_call_impl
    return self._call_impl(*args, **kwargs)
           ^^^^^^^^^^^^^^^^^^^^^^^^^^^^^^^^
  File "/home/fzhcis/miniconda3/envs/pcd_seg_open3d_env/lib/python3.11/site-packages/torch/nn/modules/module.py", line 1520, in _call_impl
    return forward_call(*args, **kwargs)
           ^^^^^^^^^^^^^^^^^^^^^^^^^^^^^
  File "/home/fzhcis/mylab/Open3D-ML/ml3d/torch/pipelines/contrastive_learning.py", line 80, in forward
    logits = torch.matmul(anchor, emb2.T) / self.temperature  # (K, N2)
             ^^^^^^^^^^^^^^^^^^^^^^^^^^^^
RuntimeError: CUDA error: CUBLAS_STATUS_EXECUTION_FAILED when calling `cublasSgemm( handle, opa, opb, m, n, k, &alpha, a, lda, b, ldb, &beta, c, ldc)`
2025-11-02 19:50:29,758 - __main__ - INFO - Random seed set to 42
2025-11-02 19:50:29,761 - __main__ - INFO - Loaded config from ml3d/configs/randlanet_harvardforest_contrast.yml
2025-11-02 19:50:29,761 - __main__ - INFO - ================================================================================
2025-11-02 19:50:29,761 - __main__ - INFO - POINTCONTRAST-STYLE CONTRASTIVE LEARNING ON HARVARDFOREST3D
2025-11-02 19:50:29,761 - __main__ - INFO - ================================================================================
2025-11-02 19:50:29,761 - __main__ - INFO - Config: ml3d/configs/randlanet_harvardforest_contrast.yml
2025-11-02 19:50:29,761 - __main__ - INFO - Device: cuda
2025-11-02 19:50:29,761 - __main__ - INFO - Model: RandLANetContrast
2025-11-02 19:50:29,761 - __main__ - INFO - ================================================================================
2025-11-02 19:50:29,761 - __main__ - INFO - Initializing HarvardForest3DContrastive dataset...
2025-11-02 19:50:29,761 - __main__ - INFO - Found 62 .las files in /home/fzhcis/mylab/data/HarvardForest
2025-11-02 19:50:29,762 - ml3d.datasets.harvardforest3d - INFO - Found 62 .las files in /home/fzhcis/mylab/data/HarvardForest
2025-11-02 19:50:29,762 - ml3d.datasets.harvardforest3d - INFO - Loaded existing train/val/test split from manifest.
2025-11-02 19:50:29,762 - ml3d.datasets.harvardforest3d - INFO - HarvardForest3D: train=56 val=6 test=0
2025-11-02 19:50:29,762 - ml3d.datasets.harvardforest3d_contrastive - INFO - HarvardForest3DContrastive initialized for contrastive learning
2025-11-02 19:50:29,762 - ml3d.datasets.harvardforest3d_contrastive - INFO -   Augmentation: rotation=±360°, scale=[0.8,1.2], jitter=0.01, dropout=0.2
2025-11-02 19:50:29,762 - __main__ - INFO - Dataset initialized successfully
2025-11-02 19:50:29,762 - __main__ - INFO - Initializing model: RandLANetContrast
2025-11-02 19:50:29,767 - ml3d.torch.models.randlanet_contrast - INFO - Built simplified encoder with PointNet-style 1x1 convolutions
2025-11-02 19:50:29,767 - ml3d.torch.models.randlanet_contrast - INFO -   Input: 3 -> Output: 1024
2025-11-02 19:50:29,770 - ml3d.torch.models.randlanet_contrast - INFO - Loading pretrained encoder from /home/fzhcis/mylab/data/semantic3d/open3d_randlanet/test_1027/randlanet_semantic3d_xyz_ckpt_2025-10-30_22-15-32_00400.pth
2025-11-02 19:50:29,887 - ml3d.torch.models.randlanet_contrast - INFO - Missing keys (expected for projection head): 44
2025-11-02 19:50:29,887 - ml3d.torch.models.randlanet_contrast - WARNING - Unexpected keys: ['encoder.0.mlp1.conv.weight', 'encoder.0.mlp1.conv.bias', 'encoder.0.mlp1.batch_norm.weight', 'encoder.0.mlp1.batch_norm.bias', 'encoder.0.mlp1.batch_norm.running_mean', 'encoder.0.mlp1.batch_norm.running_var', 'encoder.0.mlp1.batch_norm.num_batches_tracked', 'encoder.0.lse1.mlp.conv.weight', 'encoder.0.lse1.mlp.conv.bias', 'encoder.0.lse1.mlp.batch_norm.weight', 'encoder.0.lse1.mlp.batch_norm.bias', 'encoder.0.lse1.mlp.batch_norm.running_mean', 'encoder.0.lse1.mlp.batch_norm.running_var', 'encoder.0.lse1.mlp.batch_norm.num_batches_tracked', 'encoder.0.pool1.score_fn.0.weight', 'encoder.0.pool1.score_fn.0.bias', 'encoder.0.pool1.mlp.conv.weight', 'encoder.0.pool1.mlp.conv.bias', 'encoder.0.pool1.mlp.batch_norm.weight', 'encoder.0.pool1.mlp.batch_norm.bias', 'encoder.0.pool1.mlp.batch_norm.running_mean', 'encoder.0.pool1.mlp.batch_norm.running_var', 'encoder.0.pool1.mlp.batch_norm.num_batches_tracked', 'encoder.0.lse2.mlp.conv.weight', 'encoder.0.lse2.mlp.conv.bias', 'encoder.0.lse2.mlp.batch_norm.weight', 'encoder.0.lse2.mlp.batch_norm.bias', 'encoder.0.lse2.mlp.batch_norm.running_mean', 'encoder.0.lse2.mlp.batch_norm.running_var', 'encoder.0.lse2.mlp.batch_norm.num_batches_tracked', 'encoder.0.pool2.score_fn.0.weight', 'encoder.0.pool2.score_fn.0.bias', 'encoder.0.pool2.mlp.conv.weight', 'encoder.0.pool2.mlp.conv.bias', 'encoder.0.pool2.mlp.batch_norm.weight', 'encoder.0.pool2.mlp.batch_norm.bias', 'encoder.0.pool2.mlp.batch_norm.running_mean', 'encoder.0.pool2.mlp.batch_norm.running_var', 'encoder.0.pool2.mlp.batch_norm.num_batches_tracked', 'encoder.0.mlp2.conv.weight', 'encoder.0.mlp2.conv.bias', 'encoder.0.mlp2.batch_norm.weight', 'encoder.0.mlp2.batch_norm.bias', 'encoder.0.mlp2.batch_norm.running_mean', 'encoder.0.mlp2.batch_norm.running_var', 'encoder.0.mlp2.batch_norm.num_batches_tracked', 'encoder.0.shortcut.conv.weight', 'encoder.0.shortcut.conv.bias', 'encoder.0.shortcut.batch_norm.weight', 'encoder.0.shortcut.batch_norm.bias', 'encoder.0.shortcut.batch_norm.running_mean', 'encoder.0.shortcut.batch_norm.running_var', 'encoder.0.shortcut.batch_norm.num_batches_tracked', 'encoder.1.mlp1.conv.weight', 'encoder.1.mlp1.conv.bias', 'encoder.1.mlp1.batch_norm.weight', 'encoder.1.mlp1.batch_norm.bias', 'encoder.1.mlp1.batch_norm.running_mean', 'encoder.1.mlp1.batch_norm.running_var', 'encoder.1.mlp1.batch_norm.num_batches_tracked', 'encoder.1.lse1.mlp.conv.weight', 'encoder.1.lse1.mlp.conv.bias', 'encoder.1.lse1.mlp.batch_norm.weight', 'encoder.1.lse1.mlp.batch_norm.bias', 'encoder.1.lse1.mlp.batch_norm.running_mean', 'encoder.1.lse1.mlp.batch_norm.running_var', 'encoder.1.lse1.mlp.batch_norm.num_batches_tracked', 'encoder.1.pool1.score_fn.0.weight', 'encoder.1.pool1.score_fn.0.bias', 'encoder.1.pool1.mlp.conv.weight', 'encoder.1.pool1.mlp.conv.bias', 'encoder.1.pool1.mlp.batch_norm.weight', 'encoder.1.pool1.mlp.batch_norm.bias', 'encoder.1.pool1.mlp.batch_norm.running_mean', 'encoder.1.pool1.mlp.batch_norm.running_var', 'encoder.1.pool1.mlp.batch_norm.num_batches_tracked', 'encoder.1.lse2.mlp.conv.weight', 'encoder.1.lse2.mlp.conv.bias', 'encoder.1.lse2.mlp.batch_norm.weight', 'encoder.1.lse2.mlp.batch_norm.bias', 'encoder.1.lse2.mlp.batch_norm.running_mean', 'encoder.1.lse2.mlp.batch_norm.running_var', 'encoder.1.lse2.mlp.batch_norm.num_batches_tracked', 'encoder.1.pool2.score_fn.0.weight', 'encoder.1.pool2.score_fn.0.bias', 'encoder.1.pool2.mlp.conv.weight', 'encoder.1.pool2.mlp.conv.bias', 'encoder.1.pool2.mlp.batch_norm.weight', 'encoder.1.pool2.mlp.batch_norm.bias', 'encoder.1.pool2.mlp.batch_norm.running_mean', 'encoder.1.pool2.mlp.batch_norm.running_var', 'encoder.1.pool2.mlp.batch_norm.num_batches_tracked', 'encoder.1.mlp2.conv.weight', 'encoder.1.mlp2.conv.bias', 'encoder.1.mlp2.batch_norm.weight', 'encoder.1.mlp2.batch_norm.bias', 'encoder.1.mlp2.batch_norm.running_mean', 'encoder.1.mlp2.batch_norm.running_var', 'encoder.1.mlp2.batch_norm.num_batches_tracked', 'encoder.1.shortcut.conv.weight', 'encoder.1.shortcut.conv.bias', 'encoder.1.shortcut.batch_norm.weight', 'encoder.1.shortcut.batch_norm.bias', 'encoder.1.shortcut.batch_norm.running_mean', 'encoder.1.shortcut.batch_norm.running_var', 'encoder.1.shortcut.batch_norm.num_batches_tracked', 'encoder.2.mlp1.conv.weight', 'encoder.2.mlp1.conv.bias', 'encoder.2.mlp1.batch_norm.weight', 'encoder.2.mlp1.batch_norm.bias', 'encoder.2.mlp1.batch_norm.running_mean', 'encoder.2.mlp1.batch_norm.running_var', 'encoder.2.mlp1.batch_norm.num_batches_tracked', 'encoder.2.lse1.mlp.conv.weight', 'encoder.2.lse1.mlp.conv.bias', 'encoder.2.lse1.mlp.batch_norm.weight', 'encoder.2.lse1.mlp.batch_norm.bias', 'encoder.2.lse1.mlp.batch_norm.running_mean', 'encoder.2.lse1.mlp.batch_norm.running_var', 'encoder.2.lse1.mlp.batch_norm.num_batches_tracked', 'encoder.2.pool1.score_fn.0.weight', 'encoder.2.pool1.score_fn.0.bias', 'encoder.2.pool1.mlp.conv.weight', 'encoder.2.pool1.mlp.conv.bias', 'encoder.2.pool1.mlp.batch_norm.weight', 'encoder.2.pool1.mlp.batch_norm.bias', 'encoder.2.pool1.mlp.batch_norm.running_mean', 'encoder.2.pool1.mlp.batch_norm.running_var', 'encoder.2.pool1.mlp.batch_norm.num_batches_tracked', 'encoder.2.lse2.mlp.conv.weight', 'encoder.2.lse2.mlp.conv.bias', 'encoder.2.lse2.mlp.batch_norm.weight', 'encoder.2.lse2.mlp.batch_norm.bias', 'encoder.2.lse2.mlp.batch_norm.running_mean', 'encoder.2.lse2.mlp.batch_norm.running_var', 'encoder.2.lse2.mlp.batch_norm.num_batches_tracked', 'encoder.2.pool2.score_fn.0.weight', 'encoder.2.pool2.score_fn.0.bias', 'encoder.2.pool2.mlp.conv.weight', 'encoder.2.pool2.mlp.conv.bias', 'encoder.2.pool2.mlp.batch_norm.weight', 'encoder.2.pool2.mlp.batch_norm.bias', 'encoder.2.pool2.mlp.batch_norm.running_mean', 'encoder.2.pool2.mlp.batch_norm.running_var', 'encoder.2.pool2.mlp.batch_norm.num_batches_tracked', 'encoder.2.mlp2.conv.weight', 'encoder.2.mlp2.conv.bias', 'encoder.2.mlp2.batch_norm.weight', 'encoder.2.mlp2.batch_norm.bias', 'encoder.2.mlp2.batch_norm.running_mean', 'encoder.2.mlp2.batch_norm.running_var', 'encoder.2.mlp2.batch_norm.num_batches_tracked', 'encoder.2.shortcut.conv.weight', 'encoder.2.shortcut.conv.bias', 'encoder.2.shortcut.batch_norm.weight', 'encoder.2.shortcut.batch_norm.bias', 'encoder.2.shortcut.batch_norm.running_mean', 'encoder.2.shortcut.batch_norm.running_var', 'encoder.2.shortcut.batch_norm.num_batches_tracked', 'encoder.3.mlp1.conv.weight', 'encoder.3.mlp1.conv.bias', 'encoder.3.mlp1.batch_norm.weight', 'encoder.3.mlp1.batch_norm.bias', 'encoder.3.mlp1.batch_norm.running_mean', 'encoder.3.mlp1.batch_norm.running_var', 'encoder.3.mlp1.batch_norm.num_batches_tracked', 'encoder.3.lse1.mlp.conv.weight', 'encoder.3.lse1.mlp.conv.bias', 'encoder.3.lse1.mlp.batch_norm.weight', 'encoder.3.lse1.mlp.batch_norm.bias', 'encoder.3.lse1.mlp.batch_norm.running_mean', 'encoder.3.lse1.mlp.batch_norm.running_var', 'encoder.3.lse1.mlp.batch_norm.num_batches_tracked', 'encoder.3.pool1.score_fn.0.weight', 'encoder.3.pool1.score_fn.0.bias', 'encoder.3.pool1.mlp.conv.weight', 'encoder.3.pool1.mlp.conv.bias', 'encoder.3.pool1.mlp.batch_norm.weight', 'encoder.3.pool1.mlp.batch_norm.bias', 'encoder.3.pool1.mlp.batch_norm.running_mean', 'encoder.3.pool1.mlp.batch_norm.running_var', 'encoder.3.pool1.mlp.batch_norm.num_batches_tracked', 'encoder.3.lse2.mlp.conv.weight', 'encoder.3.lse2.mlp.conv.bias', 'encoder.3.lse2.mlp.batch_norm.weight', 'encoder.3.lse2.mlp.batch_norm.bias', 'encoder.3.lse2.mlp.batch_norm.running_mean', 'encoder.3.lse2.mlp.batch_norm.running_var', 'encoder.3.lse2.mlp.batch_norm.num_batches_tracked', 'encoder.3.pool2.score_fn.0.weight', 'encoder.3.pool2.score_fn.0.bias', 'encoder.3.pool2.mlp.conv.weight', 'encoder.3.pool2.mlp.conv.bias', 'encoder.3.pool2.mlp.batch_norm.weight', 'encoder.3.pool2.mlp.batch_norm.bias', 'encoder.3.pool2.mlp.batch_norm.running_mean', 'encoder.3.pool2.mlp.batch_norm.running_var', 'encoder.3.pool2.mlp.batch_norm.num_batches_tracked', 'encoder.3.mlp2.conv.weight', 'encoder.3.mlp2.conv.bias', 'encoder.3.mlp2.batch_norm.weight', 'encoder.3.mlp2.batch_norm.bias', 'encoder.3.mlp2.batch_norm.running_mean', 'encoder.3.mlp2.batch_norm.running_var', 'encoder.3.mlp2.batch_norm.num_batches_tracked', 'encoder.3.shortcut.conv.weight', 'encoder.3.shortcut.conv.bias', 'encoder.3.shortcut.batch_norm.weight', 'encoder.3.shortcut.batch_norm.bias', 'encoder.3.shortcut.batch_norm.running_mean', 'encoder.3.shortcut.batch_norm.running_var', 'encoder.3.shortcut.batch_norm.num_batches_tracked', 'encoder.4.mlp1.conv.weight', 'encoder.4.mlp1.conv.bias', 'encoder.4.mlp1.batch_norm.weight', 'encoder.4.mlp1.batch_norm.bias', 'encoder.4.mlp1.batch_norm.running_mean', 'encoder.4.mlp1.batch_norm.running_var', 'encoder.4.mlp1.batch_norm.num_batches_tracked', 'encoder.4.lse1.mlp.conv.weight', 'encoder.4.lse1.mlp.conv.bias', 'encoder.4.lse1.mlp.batch_norm.weight', 'encoder.4.lse1.mlp.batch_norm.bias', 'encoder.4.lse1.mlp.batch_norm.running_mean', 'encoder.4.lse1.mlp.batch_norm.running_var', 'encoder.4.lse1.mlp.batch_norm.num_batches_tracked', 'encoder.4.pool1.score_fn.0.weight', 'encoder.4.pool1.score_fn.0.bias', 'encoder.4.pool1.mlp.conv.weight', 'encoder.4.pool1.mlp.conv.bias', 'encoder.4.pool1.mlp.batch_norm.weight', 'encoder.4.pool1.mlp.batch_norm.bias', 'encoder.4.pool1.mlp.batch_norm.running_mean', 'encoder.4.pool1.mlp.batch_norm.running_var', 'encoder.4.pool1.mlp.batch_norm.num_batches_tracked', 'encoder.4.lse2.mlp.conv.weight', 'encoder.4.lse2.mlp.conv.bias', 'encoder.4.lse2.mlp.batch_norm.weight', 'encoder.4.lse2.mlp.batch_norm.bias', 'encoder.4.lse2.mlp.batch_norm.running_mean', 'encoder.4.lse2.mlp.batch_norm.running_var', 'encoder.4.lse2.mlp.batch_norm.num_batches_tracked', 'encoder.4.pool2.score_fn.0.weight', 'encoder.4.pool2.score_fn.0.bias', 'encoder.4.pool2.mlp.conv.weight', 'encoder.4.pool2.mlp.conv.bias', 'encoder.4.pool2.mlp.batch_norm.weight', 'encoder.4.pool2.mlp.batch_norm.bias', 'encoder.4.pool2.mlp.batch_norm.running_mean', 'encoder.4.pool2.mlp.batch_norm.running_var', 'encoder.4.pool2.mlp.batch_norm.num_batches_tracked', 'encoder.4.mlp2.conv.weight', 'encoder.4.mlp2.conv.bias', 'encoder.4.mlp2.batch_norm.weight', 'encoder.4.mlp2.batch_norm.bias', 'encoder.4.mlp2.batch_norm.running_mean', 'encoder.4.mlp2.batch_norm.running_var', 'encoder.4.mlp2.batch_norm.num_batches_tracked', 'encoder.4.shortcut.conv.weight', 'encoder.4.shortcut.conv.bias', 'encoder.4.shortcut.batch_norm.weight', 'encoder.4.shortcut.batch_norm.bias', 'encoder.4.shortcut.batch_norm.running_mean', 'encoder.4.shortcut.batch_norm.running_var', 'encoder.4.shortcut.batch_norm.num_batches_tracked', 'mlp.conv.weight', 'mlp.conv.bias', 'mlp.batch_norm.weight', 'mlp.batch_norm.bias', 'mlp.batch_norm.running_mean', 'mlp.batch_norm.running_var', 'mlp.batch_norm.num_batches_tracked']
2025-11-02 19:50:29,887 - ml3d.torch.models.randlanet_contrast - INFO - Successfully loaded 279 encoder parameters
2025-11-02 19:50:29,889 - ml3d.torch.models.randlanet_contrast - INFO - Encoder frozen (only training projection head)
2025-11-02 19:50:29,889 - ml3d.torch.models.randlanet_contrast - INFO - RandLANetContrast initialized:
2025-11-02 19:50:29,889 - ml3d.torch.models.randlanet_contrast - INFO -   Encoder output dim: 1024
2025-11-02 19:50:29,889 - ml3d.torch.models.randlanet_contrast - INFO -   Projection output dim: 128
2025-11-02 19:50:29,889 - ml3d.torch.models.randlanet_contrast - INFO -   Freeze encoder epochs: 5
2025-11-02 19:50:29,958 - __main__ - INFO - Model initialized and moved to cuda
2025-11-02 19:50:29,959 - __main__ - INFO - Initializing ContrastiveLearning pipeline...
2025-11-02 19:50:30,232 - ml3d.torch.models.randlanet_contrast - INFO - Optimizer created: encoder_lr=1.00e-04, projection_lr=1.00e-03
2025-11-02 19:50:30,232 - ml3d.torch.pipelines.contrastive_learning - INFO - ContrastiveLearning pipeline initialized:
2025-11-02 19:50:30,232 - ml3d.torch.pipelines.contrastive_learning - INFO -   Temperature: 0.07
2025-11-02 19:50:30,232 - ml3d.torch.pipelines.contrastive_learning - INFO -   Freeze encoder epochs: 5
2025-11-02 19:50:30,232 - ml3d.torch.pipelines.contrastive_learning - INFO -   Base LR: 0.001
2025-11-02 19:50:30,232 - ml3d.torch.pipelines.contrastive_learning - INFO -   Max epochs: 100
2025-11-02 19:50:30,232 - __main__ - INFO - Pipeline initialized successfully
2025-11-02 19:50:30,232 - __main__ - INFO - 
================================================================================
2025-11-02 19:50:30,232 - __main__ - INFO - STARTING TRAINING
2025-11-02 19:50:30,232 - __main__ - INFO - ================================================================================

2025-11-02 19:50:30,232 - ml3d.torch.pipelines.contrastive_learning - INFO - ==================================================
2025-11-02 19:50:30,232 - ml3d.torch.pipelines.contrastive_learning - INFO - Starting contrastive learning training
2025-11-02 19:50:30,232 - ml3d.torch.pipelines.contrastive_learning - INFO - ==================================================
2025-11-02 19:50:30,232 - ml3d.datasets.harvardforest3d - INFO - Found 56 LAS files for train
2025-11-02 19:50:30,232 - ml3d.datasets.harvardforest3d_contrastive - INFO - Contrastive split 'train' ready with 56 samples
2025-11-02 19:50:30,232 - ml3d.datasets.harvardforest3d - INFO - Found 6 LAS files for val
2025-11-02 19:50:30,232 - ml3d.datasets.harvardforest3d_contrastive - INFO - Contrastive split 'val' ready with 6 samples
2025-11-02 19:50:30,233 - ml3d.torch.pipelines.contrastive_learning - INFO - Train batches: 7, Val batches: 1
2025-11-02 19:50:30,502 - __main__ - ERROR - Training failed with error: 'correspondences'
Traceback (most recent call last):
  File "/home/fzhcis/mylab/Open3D-ML/scripts/run_tests_fei/train_harvardforest_contrast.py", line 341, in main
    pipeline.run_train()
  File "/home/fzhcis/mylab/Open3D-ML/ml3d/torch/pipelines/contrastive_learning.py", line 210, in run_train
    train_metrics = self.train_epoch(train_loader, epoch)
                    ^^^^^^^^^^^^^^^^^^^^^^^^^^^^^^^^^^^^^
  File "/home/fzhcis/mylab/Open3D-ML/ml3d/torch/pipelines/contrastive_learning.py", line 261, in train_epoch
    for batch in pbar:
  File "/home/fzhcis/miniconda3/envs/pcd_seg_open3d_env/lib/python3.11/site-packages/tqdm/std.py", line 1181, in __iter__
    for obj in iterable:
  File "/home/fzhcis/miniconda3/envs/pcd_seg_open3d_env/lib/python3.11/site-packages/torch/utils/data/dataloader.py", line 631, in __next__
    data = self._next_data()
           ^^^^^^^^^^^^^^^^^
  File "/home/fzhcis/miniconda3/envs/pcd_seg_open3d_env/lib/python3.11/site-packages/torch/utils/data/dataloader.py", line 675, in _next_data
    data = self._dataset_fetcher.fetch(index)  # may raise StopIteration
           ^^^^^^^^^^^^^^^^^^^^^^^^^^^^^^^^^^
  File "/home/fzhcis/miniconda3/envs/pcd_seg_open3d_env/lib/python3.11/site-packages/torch/utils/data/_utils/fetch.py", line 54, in fetch
    return self.collate_fn(data)
           ^^^^^^^^^^^^^^^^^^^^^
  File "/home/fzhcis/mylab/Open3D-ML/ml3d/torch/pipelines/contrastive_learning.py", line 362, in collate_fn
    correspondences = [torch.from_numpy(b['correspondences']) for b in batch]
                      ^^^^^^^^^^^^^^^^^^^^^^^^^^^^^^^^^^^^^^^^^^^^^^^^^^^^^^^
  File "/home/fzhcis/mylab/Open3D-ML/ml3d/torch/pipelines/contrastive_learning.py", line 362, in <listcomp>
    correspondences = [torch.from_numpy(b['correspondences']) for b in batch]
                                        ~^^^^^^^^^^^^^^^^^^^
KeyError: 'correspondences'
2025-11-02 19:51:11,851 - __main__ - INFO - Random seed set to 42
2025-11-02 19:51:11,854 - __main__ - INFO - Loaded config from ml3d/configs/randlanet_harvardforest_contrast.yml
2025-11-02 19:51:11,854 - __main__ - INFO - ================================================================================
2025-11-02 19:51:11,854 - __main__ - INFO - POINTCONTRAST-STYLE CONTRASTIVE LEARNING ON HARVARDFOREST3D
2025-11-02 19:51:11,854 - __main__ - INFO - ================================================================================
2025-11-02 19:51:11,854 - __main__ - INFO - Config: ml3d/configs/randlanet_harvardforest_contrast.yml
2025-11-02 19:51:11,854 - __main__ - INFO - Device: cuda
2025-11-02 19:51:11,854 - __main__ - INFO - Model: RandLANetContrast
2025-11-02 19:51:11,854 - __main__ - INFO - ================================================================================
2025-11-02 19:51:11,854 - __main__ - INFO - Initializing HarvardForest3DContrastive dataset...
2025-11-02 19:51:11,854 - __main__ - INFO - Found 62 .las files in /home/fzhcis/mylab/data/HarvardForest
2025-11-02 19:51:11,855 - ml3d.datasets.harvardforest3d - INFO - Found 62 .las files in /home/fzhcis/mylab/data/HarvardForest
2025-11-02 19:51:11,855 - ml3d.datasets.harvardforest3d - INFO - Loaded existing train/val/test split from manifest.
2025-11-02 19:51:11,855 - ml3d.datasets.harvardforest3d - INFO - HarvardForest3D: train=56 val=6 test=0
2025-11-02 19:51:11,855 - ml3d.datasets.harvardforest3d_contrastive - INFO - HarvardForest3DContrastive initialized for contrastive learning
2025-11-02 19:51:11,855 - ml3d.datasets.harvardforest3d_contrastive - INFO -   Augmentation: rotation=±360°, scale=[0.8,1.2], jitter=0.01, dropout=0.2
2025-11-02 19:51:11,855 - __main__ - INFO - Dataset initialized successfully
2025-11-02 19:51:11,855 - __main__ - INFO - Initializing model: RandLANetContrast
2025-11-02 19:51:11,859 - ml3d.torch.models.randlanet_contrast - INFO - Built simplified encoder with PointNet-style 1x1 convolutions
2025-11-02 19:51:11,859 - ml3d.torch.models.randlanet_contrast - INFO -   Input: 3 -> Output: 1024
2025-11-02 19:51:11,863 - ml3d.torch.models.randlanet_contrast - INFO - Loading pretrained encoder from /home/fzhcis/mylab/data/semantic3d/open3d_randlanet/test_1027/randlanet_semantic3d_xyz_ckpt_2025-10-30_22-15-32_00400.pth
2025-11-02 19:51:11,981 - ml3d.torch.models.randlanet_contrast - INFO - Missing keys (expected for projection head): 44
2025-11-02 19:51:11,981 - ml3d.torch.models.randlanet_contrast - WARNING - Unexpected keys: ['encoder.0.mlp1.conv.weight', 'encoder.0.mlp1.conv.bias', 'encoder.0.mlp1.batch_norm.weight', 'encoder.0.mlp1.batch_norm.bias', 'encoder.0.mlp1.batch_norm.running_mean', 'encoder.0.mlp1.batch_norm.running_var', 'encoder.0.mlp1.batch_norm.num_batches_tracked', 'encoder.0.lse1.mlp.conv.weight', 'encoder.0.lse1.mlp.conv.bias', 'encoder.0.lse1.mlp.batch_norm.weight', 'encoder.0.lse1.mlp.batch_norm.bias', 'encoder.0.lse1.mlp.batch_norm.running_mean', 'encoder.0.lse1.mlp.batch_norm.running_var', 'encoder.0.lse1.mlp.batch_norm.num_batches_tracked', 'encoder.0.pool1.score_fn.0.weight', 'encoder.0.pool1.score_fn.0.bias', 'encoder.0.pool1.mlp.conv.weight', 'encoder.0.pool1.mlp.conv.bias', 'encoder.0.pool1.mlp.batch_norm.weight', 'encoder.0.pool1.mlp.batch_norm.bias', 'encoder.0.pool1.mlp.batch_norm.running_mean', 'encoder.0.pool1.mlp.batch_norm.running_var', 'encoder.0.pool1.mlp.batch_norm.num_batches_tracked', 'encoder.0.lse2.mlp.conv.weight', 'encoder.0.lse2.mlp.conv.bias', 'encoder.0.lse2.mlp.batch_norm.weight', 'encoder.0.lse2.mlp.batch_norm.bias', 'encoder.0.lse2.mlp.batch_norm.running_mean', 'encoder.0.lse2.mlp.batch_norm.running_var', 'encoder.0.lse2.mlp.batch_norm.num_batches_tracked', 'encoder.0.pool2.score_fn.0.weight', 'encoder.0.pool2.score_fn.0.bias', 'encoder.0.pool2.mlp.conv.weight', 'encoder.0.pool2.mlp.conv.bias', 'encoder.0.pool2.mlp.batch_norm.weight', 'encoder.0.pool2.mlp.batch_norm.bias', 'encoder.0.pool2.mlp.batch_norm.running_mean', 'encoder.0.pool2.mlp.batch_norm.running_var', 'encoder.0.pool2.mlp.batch_norm.num_batches_tracked', 'encoder.0.mlp2.conv.weight', 'encoder.0.mlp2.conv.bias', 'encoder.0.mlp2.batch_norm.weight', 'encoder.0.mlp2.batch_norm.bias', 'encoder.0.mlp2.batch_norm.running_mean', 'encoder.0.mlp2.batch_norm.running_var', 'encoder.0.mlp2.batch_norm.num_batches_tracked', 'encoder.0.shortcut.conv.weight', 'encoder.0.shortcut.conv.bias', 'encoder.0.shortcut.batch_norm.weight', 'encoder.0.shortcut.batch_norm.bias', 'encoder.0.shortcut.batch_norm.running_mean', 'encoder.0.shortcut.batch_norm.running_var', 'encoder.0.shortcut.batch_norm.num_batches_tracked', 'encoder.1.mlp1.conv.weight', 'encoder.1.mlp1.conv.bias', 'encoder.1.mlp1.batch_norm.weight', 'encoder.1.mlp1.batch_norm.bias', 'encoder.1.mlp1.batch_norm.running_mean', 'encoder.1.mlp1.batch_norm.running_var', 'encoder.1.mlp1.batch_norm.num_batches_tracked', 'encoder.1.lse1.mlp.conv.weight', 'encoder.1.lse1.mlp.conv.bias', 'encoder.1.lse1.mlp.batch_norm.weight', 'encoder.1.lse1.mlp.batch_norm.bias', 'encoder.1.lse1.mlp.batch_norm.running_mean', 'encoder.1.lse1.mlp.batch_norm.running_var', 'encoder.1.lse1.mlp.batch_norm.num_batches_tracked', 'encoder.1.pool1.score_fn.0.weight', 'encoder.1.pool1.score_fn.0.bias', 'encoder.1.pool1.mlp.conv.weight', 'encoder.1.pool1.mlp.conv.bias', 'encoder.1.pool1.mlp.batch_norm.weight', 'encoder.1.pool1.mlp.batch_norm.bias', 'encoder.1.pool1.mlp.batch_norm.running_mean', 'encoder.1.pool1.mlp.batch_norm.running_var', 'encoder.1.pool1.mlp.batch_norm.num_batches_tracked', 'encoder.1.lse2.mlp.conv.weight', 'encoder.1.lse2.mlp.conv.bias', 'encoder.1.lse2.mlp.batch_norm.weight', 'encoder.1.lse2.mlp.batch_norm.bias', 'encoder.1.lse2.mlp.batch_norm.running_mean', 'encoder.1.lse2.mlp.batch_norm.running_var', 'encoder.1.lse2.mlp.batch_norm.num_batches_tracked', 'encoder.1.pool2.score_fn.0.weight', 'encoder.1.pool2.score_fn.0.bias', 'encoder.1.pool2.mlp.conv.weight', 'encoder.1.pool2.mlp.conv.bias', 'encoder.1.pool2.mlp.batch_norm.weight', 'encoder.1.pool2.mlp.batch_norm.bias', 'encoder.1.pool2.mlp.batch_norm.running_mean', 'encoder.1.pool2.mlp.batch_norm.running_var', 'encoder.1.pool2.mlp.batch_norm.num_batches_tracked', 'encoder.1.mlp2.conv.weight', 'encoder.1.mlp2.conv.bias', 'encoder.1.mlp2.batch_norm.weight', 'encoder.1.mlp2.batch_norm.bias', 'encoder.1.mlp2.batch_norm.running_mean', 'encoder.1.mlp2.batch_norm.running_var', 'encoder.1.mlp2.batch_norm.num_batches_tracked', 'encoder.1.shortcut.conv.weight', 'encoder.1.shortcut.conv.bias', 'encoder.1.shortcut.batch_norm.weight', 'encoder.1.shortcut.batch_norm.bias', 'encoder.1.shortcut.batch_norm.running_mean', 'encoder.1.shortcut.batch_norm.running_var', 'encoder.1.shortcut.batch_norm.num_batches_tracked', 'encoder.2.mlp1.conv.weight', 'encoder.2.mlp1.conv.bias', 'encoder.2.mlp1.batch_norm.weight', 'encoder.2.mlp1.batch_norm.bias', 'encoder.2.mlp1.batch_norm.running_mean', 'encoder.2.mlp1.batch_norm.running_var', 'encoder.2.mlp1.batch_norm.num_batches_tracked', 'encoder.2.lse1.mlp.conv.weight', 'encoder.2.lse1.mlp.conv.bias', 'encoder.2.lse1.mlp.batch_norm.weight', 'encoder.2.lse1.mlp.batch_norm.bias', 'encoder.2.lse1.mlp.batch_norm.running_mean', 'encoder.2.lse1.mlp.batch_norm.running_var', 'encoder.2.lse1.mlp.batch_norm.num_batches_tracked', 'encoder.2.pool1.score_fn.0.weight', 'encoder.2.pool1.score_fn.0.bias', 'encoder.2.pool1.mlp.conv.weight', 'encoder.2.pool1.mlp.conv.bias', 'encoder.2.pool1.mlp.batch_norm.weight', 'encoder.2.pool1.mlp.batch_norm.bias', 'encoder.2.pool1.mlp.batch_norm.running_mean', 'encoder.2.pool1.mlp.batch_norm.running_var', 'encoder.2.pool1.mlp.batch_norm.num_batches_tracked', 'encoder.2.lse2.mlp.conv.weight', 'encoder.2.lse2.mlp.conv.bias', 'encoder.2.lse2.mlp.batch_norm.weight', 'encoder.2.lse2.mlp.batch_norm.bias', 'encoder.2.lse2.mlp.batch_norm.running_mean', 'encoder.2.lse2.mlp.batch_norm.running_var', 'encoder.2.lse2.mlp.batch_norm.num_batches_tracked', 'encoder.2.pool2.score_fn.0.weight', 'encoder.2.pool2.score_fn.0.bias', 'encoder.2.pool2.mlp.conv.weight', 'encoder.2.pool2.mlp.conv.bias', 'encoder.2.pool2.mlp.batch_norm.weight', 'encoder.2.pool2.mlp.batch_norm.bias', 'encoder.2.pool2.mlp.batch_norm.running_mean', 'encoder.2.pool2.mlp.batch_norm.running_var', 'encoder.2.pool2.mlp.batch_norm.num_batches_tracked', 'encoder.2.mlp2.conv.weight', 'encoder.2.mlp2.conv.bias', 'encoder.2.mlp2.batch_norm.weight', 'encoder.2.mlp2.batch_norm.bias', 'encoder.2.mlp2.batch_norm.running_mean', 'encoder.2.mlp2.batch_norm.running_var', 'encoder.2.mlp2.batch_norm.num_batches_tracked', 'encoder.2.shortcut.conv.weight', 'encoder.2.shortcut.conv.bias', 'encoder.2.shortcut.batch_norm.weight', 'encoder.2.shortcut.batch_norm.bias', 'encoder.2.shortcut.batch_norm.running_mean', 'encoder.2.shortcut.batch_norm.running_var', 'encoder.2.shortcut.batch_norm.num_batches_tracked', 'encoder.3.mlp1.conv.weight', 'encoder.3.mlp1.conv.bias', 'encoder.3.mlp1.batch_norm.weight', 'encoder.3.mlp1.batch_norm.bias', 'encoder.3.mlp1.batch_norm.running_mean', 'encoder.3.mlp1.batch_norm.running_var', 'encoder.3.mlp1.batch_norm.num_batches_tracked', 'encoder.3.lse1.mlp.conv.weight', 'encoder.3.lse1.mlp.conv.bias', 'encoder.3.lse1.mlp.batch_norm.weight', 'encoder.3.lse1.mlp.batch_norm.bias', 'encoder.3.lse1.mlp.batch_norm.running_mean', 'encoder.3.lse1.mlp.batch_norm.running_var', 'encoder.3.lse1.mlp.batch_norm.num_batches_tracked', 'encoder.3.pool1.score_fn.0.weight', 'encoder.3.pool1.score_fn.0.bias', 'encoder.3.pool1.mlp.conv.weight', 'encoder.3.pool1.mlp.conv.bias', 'encoder.3.pool1.mlp.batch_norm.weight', 'encoder.3.pool1.mlp.batch_norm.bias', 'encoder.3.pool1.mlp.batch_norm.running_mean', 'encoder.3.pool1.mlp.batch_norm.running_var', 'encoder.3.pool1.mlp.batch_norm.num_batches_tracked', 'encoder.3.lse2.mlp.conv.weight', 'encoder.3.lse2.mlp.conv.bias', 'encoder.3.lse2.mlp.batch_norm.weight', 'encoder.3.lse2.mlp.batch_norm.bias', 'encoder.3.lse2.mlp.batch_norm.running_mean', 'encoder.3.lse2.mlp.batch_norm.running_var', 'encoder.3.lse2.mlp.batch_norm.num_batches_tracked', 'encoder.3.pool2.score_fn.0.weight', 'encoder.3.pool2.score_fn.0.bias', 'encoder.3.pool2.mlp.conv.weight', 'encoder.3.pool2.mlp.conv.bias', 'encoder.3.pool2.mlp.batch_norm.weight', 'encoder.3.pool2.mlp.batch_norm.bias', 'encoder.3.pool2.mlp.batch_norm.running_mean', 'encoder.3.pool2.mlp.batch_norm.running_var', 'encoder.3.pool2.mlp.batch_norm.num_batches_tracked', 'encoder.3.mlp2.conv.weight', 'encoder.3.mlp2.conv.bias', 'encoder.3.mlp2.batch_norm.weight', 'encoder.3.mlp2.batch_norm.bias', 'encoder.3.mlp2.batch_norm.running_mean', 'encoder.3.mlp2.batch_norm.running_var', 'encoder.3.mlp2.batch_norm.num_batches_tracked', 'encoder.3.shortcut.conv.weight', 'encoder.3.shortcut.conv.bias', 'encoder.3.shortcut.batch_norm.weight', 'encoder.3.shortcut.batch_norm.bias', 'encoder.3.shortcut.batch_norm.running_mean', 'encoder.3.shortcut.batch_norm.running_var', 'encoder.3.shortcut.batch_norm.num_batches_tracked', 'encoder.4.mlp1.conv.weight', 'encoder.4.mlp1.conv.bias', 'encoder.4.mlp1.batch_norm.weight', 'encoder.4.mlp1.batch_norm.bias', 'encoder.4.mlp1.batch_norm.running_mean', 'encoder.4.mlp1.batch_norm.running_var', 'encoder.4.mlp1.batch_norm.num_batches_tracked', 'encoder.4.lse1.mlp.conv.weight', 'encoder.4.lse1.mlp.conv.bias', 'encoder.4.lse1.mlp.batch_norm.weight', 'encoder.4.lse1.mlp.batch_norm.bias', 'encoder.4.lse1.mlp.batch_norm.running_mean', 'encoder.4.lse1.mlp.batch_norm.running_var', 'encoder.4.lse1.mlp.batch_norm.num_batches_tracked', 'encoder.4.pool1.score_fn.0.weight', 'encoder.4.pool1.score_fn.0.bias', 'encoder.4.pool1.mlp.conv.weight', 'encoder.4.pool1.mlp.conv.bias', 'encoder.4.pool1.mlp.batch_norm.weight', 'encoder.4.pool1.mlp.batch_norm.bias', 'encoder.4.pool1.mlp.batch_norm.running_mean', 'encoder.4.pool1.mlp.batch_norm.running_var', 'encoder.4.pool1.mlp.batch_norm.num_batches_tracked', 'encoder.4.lse2.mlp.conv.weight', 'encoder.4.lse2.mlp.conv.bias', 'encoder.4.lse2.mlp.batch_norm.weight', 'encoder.4.lse2.mlp.batch_norm.bias', 'encoder.4.lse2.mlp.batch_norm.running_mean', 'encoder.4.lse2.mlp.batch_norm.running_var', 'encoder.4.lse2.mlp.batch_norm.num_batches_tracked', 'encoder.4.pool2.score_fn.0.weight', 'encoder.4.pool2.score_fn.0.bias', 'encoder.4.pool2.mlp.conv.weight', 'encoder.4.pool2.mlp.conv.bias', 'encoder.4.pool2.mlp.batch_norm.weight', 'encoder.4.pool2.mlp.batch_norm.bias', 'encoder.4.pool2.mlp.batch_norm.running_mean', 'encoder.4.pool2.mlp.batch_norm.running_var', 'encoder.4.pool2.mlp.batch_norm.num_batches_tracked', 'encoder.4.mlp2.conv.weight', 'encoder.4.mlp2.conv.bias', 'encoder.4.mlp2.batch_norm.weight', 'encoder.4.mlp2.batch_norm.bias', 'encoder.4.mlp2.batch_norm.running_mean', 'encoder.4.mlp2.batch_norm.running_var', 'encoder.4.mlp2.batch_norm.num_batches_tracked', 'encoder.4.shortcut.conv.weight', 'encoder.4.shortcut.conv.bias', 'encoder.4.shortcut.batch_norm.weight', 'encoder.4.shortcut.batch_norm.bias', 'encoder.4.shortcut.batch_norm.running_mean', 'encoder.4.shortcut.batch_norm.running_var', 'encoder.4.shortcut.batch_norm.num_batches_tracked', 'mlp.conv.weight', 'mlp.conv.bias', 'mlp.batch_norm.weight', 'mlp.batch_norm.bias', 'mlp.batch_norm.running_mean', 'mlp.batch_norm.running_var', 'mlp.batch_norm.num_batches_tracked']
2025-11-02 19:51:11,981 - ml3d.torch.models.randlanet_contrast - INFO - Successfully loaded 279 encoder parameters
2025-11-02 19:51:11,983 - ml3d.torch.models.randlanet_contrast - INFO - Encoder frozen (only training projection head)
2025-11-02 19:51:11,983 - ml3d.torch.models.randlanet_contrast - INFO - RandLANetContrast initialized:
2025-11-02 19:51:11,983 - ml3d.torch.models.randlanet_contrast - INFO -   Encoder output dim: 1024
2025-11-02 19:51:11,983 - ml3d.torch.models.randlanet_contrast - INFO -   Projection output dim: 128
2025-11-02 19:51:11,983 - ml3d.torch.models.randlanet_contrast - INFO -   Freeze encoder epochs: 5
2025-11-02 19:51:12,053 - __main__ - INFO - Model initialized and moved to cuda
2025-11-02 19:51:12,053 - __main__ - INFO - Initializing ContrastiveLearning pipeline...
2025-11-02 19:51:12,321 - ml3d.torch.models.randlanet_contrast - INFO - Optimizer created: encoder_lr=1.00e-04, projection_lr=1.00e-03
2025-11-02 19:51:12,321 - ml3d.torch.pipelines.contrastive_learning - INFO - ContrastiveLearning pipeline initialized:
2025-11-02 19:51:12,321 - ml3d.torch.pipelines.contrastive_learning - INFO -   Temperature: 0.07
2025-11-02 19:51:12,321 - ml3d.torch.pipelines.contrastive_learning - INFO -   Freeze encoder epochs: 5
2025-11-02 19:51:12,321 - ml3d.torch.pipelines.contrastive_learning - INFO -   Base LR: 0.001
2025-11-02 19:51:12,322 - ml3d.torch.pipelines.contrastive_learning - INFO -   Max epochs: 100
2025-11-02 19:51:12,322 - __main__ - INFO - Pipeline initialized successfully
2025-11-02 19:51:12,322 - __main__ - INFO - 
================================================================================
2025-11-02 19:51:12,322 - __main__ - INFO - STARTING TRAINING
2025-11-02 19:51:12,322 - __main__ - INFO - ================================================================================

2025-11-02 19:51:12,322 - ml3d.torch.pipelines.contrastive_learning - INFO - ==================================================
2025-11-02 19:51:12,322 - ml3d.torch.pipelines.contrastive_learning - INFO - Starting contrastive learning training
2025-11-02 19:51:12,322 - ml3d.torch.pipelines.contrastive_learning - INFO - ==================================================
2025-11-02 19:51:12,322 - ml3d.datasets.harvardforest3d - INFO - Found 56 LAS files for train
2025-11-02 19:51:12,322 - ml3d.datasets.harvardforest3d_contrastive - INFO - Contrastive split 'train' ready with 56 samples
2025-11-02 19:51:12,322 - ml3d.datasets.harvardforest3d - INFO - Found 6 LAS files for val
2025-11-02 19:51:12,322 - ml3d.datasets.harvardforest3d_contrastive - INFO - Contrastive split 'val' ready with 6 samples
2025-11-02 19:51:12,322 - ml3d.torch.pipelines.contrastive_learning - INFO - Train batches: 7, Val batches: 1
2025-11-02 19:51:15,201 - ml3d.torch.pipelines.contrastive_learning - INFO - Epoch 1/100 | Train Loss: 1.3758 | Train Acc: 0.5000 | Val Loss: 1.7918 | Val Acc: 0.1667 | LR: 9.90e-05
2025-11-02 19:51:15,201 - __main__ - ERROR - Training failed with error: 'Config' object has no attribute 'main_log_dir'
Traceback (most recent call last):
  File "/home/fzhcis/mylab/Open3D-ML/scripts/run_tests_fei/train_harvardforest_contrast.py", line 341, in main
    pipeline.run_train()
  File "/home/fzhcis/mylab/Open3D-ML/ml3d/torch/pipelines/contrastive_learning.py", line 235, in run_train
    self.save_checkpoint(epoch, is_best=True)
  File "/home/fzhcis/mylab/Open3D-ML/ml3d/torch/pipelines/contrastive_learning.py", line 388, in save_checkpoint
    checkpoint_dir = Path(self.cfg.main_log_dir) / 'checkpoint'
                          ^^^^^^^^^^^^^^^^^^^^^
AttributeError: 'Config' object has no attribute 'main_log_dir'
2025-11-02 19:51:33,611 - __main__ - INFO - Random seed set to 42
2025-11-02 19:51:33,615 - __main__ - INFO - Loaded config from ml3d/configs/randlanet_harvardforest_contrast.yml
2025-11-02 19:51:33,615 - __main__ - INFO - ================================================================================
2025-11-02 19:51:33,615 - __main__ - INFO - POINTCONTRAST-STYLE CONTRASTIVE LEARNING ON HARVARDFOREST3D
2025-11-02 19:51:33,615 - __main__ - INFO - ================================================================================
2025-11-02 19:51:33,615 - __main__ - INFO - Config: ml3d/configs/randlanet_harvardforest_contrast.yml
2025-11-02 19:51:33,615 - __main__ - INFO - Device: cuda
2025-11-02 19:51:33,615 - __main__ - INFO - Model: RandLANetContrast
2025-11-02 19:51:33,615 - __main__ - INFO - ================================================================================
2025-11-02 19:51:33,615 - __main__ - INFO - Initializing HarvardForest3DContrastive dataset...
2025-11-02 19:51:33,615 - __main__ - INFO - Found 62 .las files in /home/fzhcis/mylab/data/HarvardForest
2025-11-02 19:51:33,615 - ml3d.datasets.harvardforest3d - INFO - Found 62 .las files in /home/fzhcis/mylab/data/HarvardForest
2025-11-02 19:51:33,616 - ml3d.datasets.harvardforest3d - INFO - Loaded existing train/val/test split from manifest.
2025-11-02 19:51:33,616 - ml3d.datasets.harvardforest3d - INFO - HarvardForest3D: train=56 val=6 test=0
2025-11-02 19:51:33,616 - ml3d.datasets.harvardforest3d_contrastive - INFO - HarvardForest3DContrastive initialized for contrastive learning
2025-11-02 19:51:33,616 - ml3d.datasets.harvardforest3d_contrastive - INFO -   Augmentation: rotation=±360°, scale=[0.8,1.2], jitter=0.01, dropout=0.2
2025-11-02 19:51:33,616 - __main__ - INFO - Dataset initialized successfully
2025-11-02 19:51:33,616 - __main__ - INFO - Initializing model: RandLANetContrast
2025-11-02 19:51:33,620 - ml3d.torch.models.randlanet_contrast - INFO - Built simplified encoder with PointNet-style 1x1 convolutions
2025-11-02 19:51:33,620 - ml3d.torch.models.randlanet_contrast - INFO -   Input: 3 -> Output: 1024
2025-11-02 19:51:33,623 - ml3d.torch.models.randlanet_contrast - INFO - Loading pretrained encoder from /home/fzhcis/mylab/data/semantic3d/open3d_randlanet/test_1027/randlanet_semantic3d_xyz_ckpt_2025-10-30_22-15-32_00400.pth
2025-11-02 19:51:33,742 - ml3d.torch.models.randlanet_contrast - INFO - Missing keys (expected for projection head): 44
2025-11-02 19:51:33,742 - ml3d.torch.models.randlanet_contrast - WARNING - Unexpected keys: ['encoder.0.mlp1.conv.weight', 'encoder.0.mlp1.conv.bias', 'encoder.0.mlp1.batch_norm.weight', 'encoder.0.mlp1.batch_norm.bias', 'encoder.0.mlp1.batch_norm.running_mean', 'encoder.0.mlp1.batch_norm.running_var', 'encoder.0.mlp1.batch_norm.num_batches_tracked', 'encoder.0.lse1.mlp.conv.weight', 'encoder.0.lse1.mlp.conv.bias', 'encoder.0.lse1.mlp.batch_norm.weight', 'encoder.0.lse1.mlp.batch_norm.bias', 'encoder.0.lse1.mlp.batch_norm.running_mean', 'encoder.0.lse1.mlp.batch_norm.running_var', 'encoder.0.lse1.mlp.batch_norm.num_batches_tracked', 'encoder.0.pool1.score_fn.0.weight', 'encoder.0.pool1.score_fn.0.bias', 'encoder.0.pool1.mlp.conv.weight', 'encoder.0.pool1.mlp.conv.bias', 'encoder.0.pool1.mlp.batch_norm.weight', 'encoder.0.pool1.mlp.batch_norm.bias', 'encoder.0.pool1.mlp.batch_norm.running_mean', 'encoder.0.pool1.mlp.batch_norm.running_var', 'encoder.0.pool1.mlp.batch_norm.num_batches_tracked', 'encoder.0.lse2.mlp.conv.weight', 'encoder.0.lse2.mlp.conv.bias', 'encoder.0.lse2.mlp.batch_norm.weight', 'encoder.0.lse2.mlp.batch_norm.bias', 'encoder.0.lse2.mlp.batch_norm.running_mean', 'encoder.0.lse2.mlp.batch_norm.running_var', 'encoder.0.lse2.mlp.batch_norm.num_batches_tracked', 'encoder.0.pool2.score_fn.0.weight', 'encoder.0.pool2.score_fn.0.bias', 'encoder.0.pool2.mlp.conv.weight', 'encoder.0.pool2.mlp.conv.bias', 'encoder.0.pool2.mlp.batch_norm.weight', 'encoder.0.pool2.mlp.batch_norm.bias', 'encoder.0.pool2.mlp.batch_norm.running_mean', 'encoder.0.pool2.mlp.batch_norm.running_var', 'encoder.0.pool2.mlp.batch_norm.num_batches_tracked', 'encoder.0.mlp2.conv.weight', 'encoder.0.mlp2.conv.bias', 'encoder.0.mlp2.batch_norm.weight', 'encoder.0.mlp2.batch_norm.bias', 'encoder.0.mlp2.batch_norm.running_mean', 'encoder.0.mlp2.batch_norm.running_var', 'encoder.0.mlp2.batch_norm.num_batches_tracked', 'encoder.0.shortcut.conv.weight', 'encoder.0.shortcut.conv.bias', 'encoder.0.shortcut.batch_norm.weight', 'encoder.0.shortcut.batch_norm.bias', 'encoder.0.shortcut.batch_norm.running_mean', 'encoder.0.shortcut.batch_norm.running_var', 'encoder.0.shortcut.batch_norm.num_batches_tracked', 'encoder.1.mlp1.conv.weight', 'encoder.1.mlp1.conv.bias', 'encoder.1.mlp1.batch_norm.weight', 'encoder.1.mlp1.batch_norm.bias', 'encoder.1.mlp1.batch_norm.running_mean', 'encoder.1.mlp1.batch_norm.running_var', 'encoder.1.mlp1.batch_norm.num_batches_tracked', 'encoder.1.lse1.mlp.conv.weight', 'encoder.1.lse1.mlp.conv.bias', 'encoder.1.lse1.mlp.batch_norm.weight', 'encoder.1.lse1.mlp.batch_norm.bias', 'encoder.1.lse1.mlp.batch_norm.running_mean', 'encoder.1.lse1.mlp.batch_norm.running_var', 'encoder.1.lse1.mlp.batch_norm.num_batches_tracked', 'encoder.1.pool1.score_fn.0.weight', 'encoder.1.pool1.score_fn.0.bias', 'encoder.1.pool1.mlp.conv.weight', 'encoder.1.pool1.mlp.conv.bias', 'encoder.1.pool1.mlp.batch_norm.weight', 'encoder.1.pool1.mlp.batch_norm.bias', 'encoder.1.pool1.mlp.batch_norm.running_mean', 'encoder.1.pool1.mlp.batch_norm.running_var', 'encoder.1.pool1.mlp.batch_norm.num_batches_tracked', 'encoder.1.lse2.mlp.conv.weight', 'encoder.1.lse2.mlp.conv.bias', 'encoder.1.lse2.mlp.batch_norm.weight', 'encoder.1.lse2.mlp.batch_norm.bias', 'encoder.1.lse2.mlp.batch_norm.running_mean', 'encoder.1.lse2.mlp.batch_norm.running_var', 'encoder.1.lse2.mlp.batch_norm.num_batches_tracked', 'encoder.1.pool2.score_fn.0.weight', 'encoder.1.pool2.score_fn.0.bias', 'encoder.1.pool2.mlp.conv.weight', 'encoder.1.pool2.mlp.conv.bias', 'encoder.1.pool2.mlp.batch_norm.weight', 'encoder.1.pool2.mlp.batch_norm.bias', 'encoder.1.pool2.mlp.batch_norm.running_mean', 'encoder.1.pool2.mlp.batch_norm.running_var', 'encoder.1.pool2.mlp.batch_norm.num_batches_tracked', 'encoder.1.mlp2.conv.weight', 'encoder.1.mlp2.conv.bias', 'encoder.1.mlp2.batch_norm.weight', 'encoder.1.mlp2.batch_norm.bias', 'encoder.1.mlp2.batch_norm.running_mean', 'encoder.1.mlp2.batch_norm.running_var', 'encoder.1.mlp2.batch_norm.num_batches_tracked', 'encoder.1.shortcut.conv.weight', 'encoder.1.shortcut.conv.bias', 'encoder.1.shortcut.batch_norm.weight', 'encoder.1.shortcut.batch_norm.bias', 'encoder.1.shortcut.batch_norm.running_mean', 'encoder.1.shortcut.batch_norm.running_var', 'encoder.1.shortcut.batch_norm.num_batches_tracked', 'encoder.2.mlp1.conv.weight', 'encoder.2.mlp1.conv.bias', 'encoder.2.mlp1.batch_norm.weight', 'encoder.2.mlp1.batch_norm.bias', 'encoder.2.mlp1.batch_norm.running_mean', 'encoder.2.mlp1.batch_norm.running_var', 'encoder.2.mlp1.batch_norm.num_batches_tracked', 'encoder.2.lse1.mlp.conv.weight', 'encoder.2.lse1.mlp.conv.bias', 'encoder.2.lse1.mlp.batch_norm.weight', 'encoder.2.lse1.mlp.batch_norm.bias', 'encoder.2.lse1.mlp.batch_norm.running_mean', 'encoder.2.lse1.mlp.batch_norm.running_var', 'encoder.2.lse1.mlp.batch_norm.num_batches_tracked', 'encoder.2.pool1.score_fn.0.weight', 'encoder.2.pool1.score_fn.0.bias', 'encoder.2.pool1.mlp.conv.weight', 'encoder.2.pool1.mlp.conv.bias', 'encoder.2.pool1.mlp.batch_norm.weight', 'encoder.2.pool1.mlp.batch_norm.bias', 'encoder.2.pool1.mlp.batch_norm.running_mean', 'encoder.2.pool1.mlp.batch_norm.running_var', 'encoder.2.pool1.mlp.batch_norm.num_batches_tracked', 'encoder.2.lse2.mlp.conv.weight', 'encoder.2.lse2.mlp.conv.bias', 'encoder.2.lse2.mlp.batch_norm.weight', 'encoder.2.lse2.mlp.batch_norm.bias', 'encoder.2.lse2.mlp.batch_norm.running_mean', 'encoder.2.lse2.mlp.batch_norm.running_var', 'encoder.2.lse2.mlp.batch_norm.num_batches_tracked', 'encoder.2.pool2.score_fn.0.weight', 'encoder.2.pool2.score_fn.0.bias', 'encoder.2.pool2.mlp.conv.weight', 'encoder.2.pool2.mlp.conv.bias', 'encoder.2.pool2.mlp.batch_norm.weight', 'encoder.2.pool2.mlp.batch_norm.bias', 'encoder.2.pool2.mlp.batch_norm.running_mean', 'encoder.2.pool2.mlp.batch_norm.running_var', 'encoder.2.pool2.mlp.batch_norm.num_batches_tracked', 'encoder.2.mlp2.conv.weight', 'encoder.2.mlp2.conv.bias', 'encoder.2.mlp2.batch_norm.weight', 'encoder.2.mlp2.batch_norm.bias', 'encoder.2.mlp2.batch_norm.running_mean', 'encoder.2.mlp2.batch_norm.running_var', 'encoder.2.mlp2.batch_norm.num_batches_tracked', 'encoder.2.shortcut.conv.weight', 'encoder.2.shortcut.conv.bias', 'encoder.2.shortcut.batch_norm.weight', 'encoder.2.shortcut.batch_norm.bias', 'encoder.2.shortcut.batch_norm.running_mean', 'encoder.2.shortcut.batch_norm.running_var', 'encoder.2.shortcut.batch_norm.num_batches_tracked', 'encoder.3.mlp1.conv.weight', 'encoder.3.mlp1.conv.bias', 'encoder.3.mlp1.batch_norm.weight', 'encoder.3.mlp1.batch_norm.bias', 'encoder.3.mlp1.batch_norm.running_mean', 'encoder.3.mlp1.batch_norm.running_var', 'encoder.3.mlp1.batch_norm.num_batches_tracked', 'encoder.3.lse1.mlp.conv.weight', 'encoder.3.lse1.mlp.conv.bias', 'encoder.3.lse1.mlp.batch_norm.weight', 'encoder.3.lse1.mlp.batch_norm.bias', 'encoder.3.lse1.mlp.batch_norm.running_mean', 'encoder.3.lse1.mlp.batch_norm.running_var', 'encoder.3.lse1.mlp.batch_norm.num_batches_tracked', 'encoder.3.pool1.score_fn.0.weight', 'encoder.3.pool1.score_fn.0.bias', 'encoder.3.pool1.mlp.conv.weight', 'encoder.3.pool1.mlp.conv.bias', 'encoder.3.pool1.mlp.batch_norm.weight', 'encoder.3.pool1.mlp.batch_norm.bias', 'encoder.3.pool1.mlp.batch_norm.running_mean', 'encoder.3.pool1.mlp.batch_norm.running_var', 'encoder.3.pool1.mlp.batch_norm.num_batches_tracked', 'encoder.3.lse2.mlp.conv.weight', 'encoder.3.lse2.mlp.conv.bias', 'encoder.3.lse2.mlp.batch_norm.weight', 'encoder.3.lse2.mlp.batch_norm.bias', 'encoder.3.lse2.mlp.batch_norm.running_mean', 'encoder.3.lse2.mlp.batch_norm.running_var', 'encoder.3.lse2.mlp.batch_norm.num_batches_tracked', 'encoder.3.pool2.score_fn.0.weight', 'encoder.3.pool2.score_fn.0.bias', 'encoder.3.pool2.mlp.conv.weight', 'encoder.3.pool2.mlp.conv.bias', 'encoder.3.pool2.mlp.batch_norm.weight', 'encoder.3.pool2.mlp.batch_norm.bias', 'encoder.3.pool2.mlp.batch_norm.running_mean', 'encoder.3.pool2.mlp.batch_norm.running_var', 'encoder.3.pool2.mlp.batch_norm.num_batches_tracked', 'encoder.3.mlp2.conv.weight', 'encoder.3.mlp2.conv.bias', 'encoder.3.mlp2.batch_norm.weight', 'encoder.3.mlp2.batch_norm.bias', 'encoder.3.mlp2.batch_norm.running_mean', 'encoder.3.mlp2.batch_norm.running_var', 'encoder.3.mlp2.batch_norm.num_batches_tracked', 'encoder.3.shortcut.conv.weight', 'encoder.3.shortcut.conv.bias', 'encoder.3.shortcut.batch_norm.weight', 'encoder.3.shortcut.batch_norm.bias', 'encoder.3.shortcut.batch_norm.running_mean', 'encoder.3.shortcut.batch_norm.running_var', 'encoder.3.shortcut.batch_norm.num_batches_tracked', 'encoder.4.mlp1.conv.weight', 'encoder.4.mlp1.conv.bias', 'encoder.4.mlp1.batch_norm.weight', 'encoder.4.mlp1.batch_norm.bias', 'encoder.4.mlp1.batch_norm.running_mean', 'encoder.4.mlp1.batch_norm.running_var', 'encoder.4.mlp1.batch_norm.num_batches_tracked', 'encoder.4.lse1.mlp.conv.weight', 'encoder.4.lse1.mlp.conv.bias', 'encoder.4.lse1.mlp.batch_norm.weight', 'encoder.4.lse1.mlp.batch_norm.bias', 'encoder.4.lse1.mlp.batch_norm.running_mean', 'encoder.4.lse1.mlp.batch_norm.running_var', 'encoder.4.lse1.mlp.batch_norm.num_batches_tracked', 'encoder.4.pool1.score_fn.0.weight', 'encoder.4.pool1.score_fn.0.bias', 'encoder.4.pool1.mlp.conv.weight', 'encoder.4.pool1.mlp.conv.bias', 'encoder.4.pool1.mlp.batch_norm.weight', 'encoder.4.pool1.mlp.batch_norm.bias', 'encoder.4.pool1.mlp.batch_norm.running_mean', 'encoder.4.pool1.mlp.batch_norm.running_var', 'encoder.4.pool1.mlp.batch_norm.num_batches_tracked', 'encoder.4.lse2.mlp.conv.weight', 'encoder.4.lse2.mlp.conv.bias', 'encoder.4.lse2.mlp.batch_norm.weight', 'encoder.4.lse2.mlp.batch_norm.bias', 'encoder.4.lse2.mlp.batch_norm.running_mean', 'encoder.4.lse2.mlp.batch_norm.running_var', 'encoder.4.lse2.mlp.batch_norm.num_batches_tracked', 'encoder.4.pool2.score_fn.0.weight', 'encoder.4.pool2.score_fn.0.bias', 'encoder.4.pool2.mlp.conv.weight', 'encoder.4.pool2.mlp.conv.bias', 'encoder.4.pool2.mlp.batch_norm.weight', 'encoder.4.pool2.mlp.batch_norm.bias', 'encoder.4.pool2.mlp.batch_norm.running_mean', 'encoder.4.pool2.mlp.batch_norm.running_var', 'encoder.4.pool2.mlp.batch_norm.num_batches_tracked', 'encoder.4.mlp2.conv.weight', 'encoder.4.mlp2.conv.bias', 'encoder.4.mlp2.batch_norm.weight', 'encoder.4.mlp2.batch_norm.bias', 'encoder.4.mlp2.batch_norm.running_mean', 'encoder.4.mlp2.batch_norm.running_var', 'encoder.4.mlp2.batch_norm.num_batches_tracked', 'encoder.4.shortcut.conv.weight', 'encoder.4.shortcut.conv.bias', 'encoder.4.shortcut.batch_norm.weight', 'encoder.4.shortcut.batch_norm.bias', 'encoder.4.shortcut.batch_norm.running_mean', 'encoder.4.shortcut.batch_norm.running_var', 'encoder.4.shortcut.batch_norm.num_batches_tracked', 'mlp.conv.weight', 'mlp.conv.bias', 'mlp.batch_norm.weight', 'mlp.batch_norm.bias', 'mlp.batch_norm.running_mean', 'mlp.batch_norm.running_var', 'mlp.batch_norm.num_batches_tracked']
2025-11-02 19:51:33,742 - ml3d.torch.models.randlanet_contrast - INFO - Successfully loaded 279 encoder parameters
2025-11-02 19:51:33,745 - ml3d.torch.models.randlanet_contrast - INFO - Encoder frozen (only training projection head)
2025-11-02 19:51:33,745 - ml3d.torch.models.randlanet_contrast - INFO - RandLANetContrast initialized:
2025-11-02 19:51:33,745 - ml3d.torch.models.randlanet_contrast - INFO -   Encoder output dim: 1024
2025-11-02 19:51:33,745 - ml3d.torch.models.randlanet_contrast - INFO -   Projection output dim: 128
2025-11-02 19:51:33,745 - ml3d.torch.models.randlanet_contrast - INFO -   Freeze encoder epochs: 5
2025-11-02 19:51:33,810 - __main__ - INFO - Model initialized and moved to cuda
2025-11-02 19:51:33,810 - __main__ - INFO - Initializing ContrastiveLearning pipeline...
2025-11-02 19:51:34,079 - ml3d.torch.models.randlanet_contrast - INFO - Optimizer created: encoder_lr=1.00e-04, projection_lr=1.00e-03
2025-11-02 19:51:34,079 - ml3d.torch.pipelines.contrastive_learning - INFO - ContrastiveLearning pipeline initialized:
2025-11-02 19:51:34,079 - ml3d.torch.pipelines.contrastive_learning - INFO -   Temperature: 0.07
2025-11-02 19:51:34,079 - ml3d.torch.pipelines.contrastive_learning - INFO -   Freeze encoder epochs: 5
2025-11-02 19:51:34,079 - ml3d.torch.pipelines.contrastive_learning - INFO -   Base LR: 0.001
2025-11-02 19:51:34,079 - ml3d.torch.pipelines.contrastive_learning - INFO -   Max epochs: 100
2025-11-02 19:51:34,079 - __main__ - INFO - Pipeline initialized successfully
2025-11-02 19:51:34,079 - __main__ - INFO - 
================================================================================
2025-11-02 19:51:34,079 - __main__ - INFO - STARTING TRAINING
2025-11-02 19:51:34,079 - __main__ - INFO - ================================================================================

2025-11-02 19:51:34,079 - ml3d.torch.pipelines.contrastive_learning - INFO - ==================================================
2025-11-02 19:51:34,079 - ml3d.torch.pipelines.contrastive_learning - INFO - Starting contrastive learning training
2025-11-02 19:51:34,079 - ml3d.torch.pipelines.contrastive_learning - INFO - ==================================================
2025-11-02 19:51:34,079 - ml3d.datasets.harvardforest3d - INFO - Found 56 LAS files for train
2025-11-02 19:51:34,079 - ml3d.datasets.harvardforest3d_contrastive - INFO - Contrastive split 'train' ready with 56 samples
2025-11-02 19:51:34,079 - ml3d.datasets.harvardforest3d - INFO - Found 6 LAS files for val
2025-11-02 19:51:34,079 - ml3d.datasets.harvardforest3d_contrastive - INFO - Contrastive split 'val' ready with 6 samples
2025-11-02 19:51:34,079 - ml3d.torch.pipelines.contrastive_learning - INFO - Train batches: 7, Val batches: 1
2025-11-02 19:51:36,874 - ml3d.torch.pipelines.contrastive_learning - INFO - Epoch 1/100 | Train Loss: 1.3758 | Train Acc: 0.5000 | Val Loss: 1.7918 | Val Acc: 0.1667 | LR: 9.90e-05
2025-11-02 19:51:36,874 - __main__ - ERROR - Training failed with error: 'ContrastiveLearning' object has no attribute 'main_log_dir'
Traceback (most recent call last):
  File "/home/fzhcis/mylab/Open3D-ML/scripts/run_tests_fei/train_harvardforest_contrast.py", line 341, in main
    pipeline.run_train()
  File "/home/fzhcis/mylab/Open3D-ML/ml3d/torch/pipelines/contrastive_learning.py", line 235, in run_train
    self.save_checkpoint(epoch, is_best=True)
  File "/home/fzhcis/mylab/Open3D-ML/ml3d/torch/pipelines/contrastive_learning.py", line 388, in save_checkpoint
    checkpoint_dir = Path(self.main_log_dir) / 'checkpoint'
                          ^^^^^^^^^^^^^^^^^
AttributeError: 'ContrastiveLearning' object has no attribute 'main_log_dir'
2025-11-02 19:52:18,617 - __main__ - INFO - Random seed set to 42
2025-11-02 19:52:18,621 - __main__ - INFO - Loaded config from ml3d/configs/randlanet_harvardforest_contrast.yml
2025-11-02 19:52:18,621 - __main__ - INFO - ================================================================================
2025-11-02 19:52:18,621 - __main__ - INFO - POINTCONTRAST-STYLE CONTRASTIVE LEARNING ON HARVARDFOREST3D
2025-11-02 19:52:18,621 - __main__ - INFO - ================================================================================
2025-11-02 19:52:18,621 - __main__ - INFO - Config: ml3d/configs/randlanet_harvardforest_contrast.yml
2025-11-02 19:52:18,621 - __main__ - INFO - Device: cuda
2025-11-02 19:52:18,621 - __main__ - INFO - Model: RandLANetContrast
2025-11-02 19:52:18,621 - __main__ - INFO - ================================================================================
2025-11-02 19:52:18,621 - __main__ - INFO - Initializing HarvardForest3DContrastive dataset...
2025-11-02 19:52:18,621 - __main__ - INFO - Found 62 .las files in /home/fzhcis/mylab/data/HarvardForest
2025-11-02 19:52:18,621 - ml3d.datasets.harvardforest3d - INFO - Found 62 .las files in /home/fzhcis/mylab/data/HarvardForest
2025-11-02 19:52:18,622 - ml3d.datasets.harvardforest3d - INFO - Loaded existing train/val/test split from manifest.
2025-11-02 19:52:18,622 - ml3d.datasets.harvardforest3d - INFO - HarvardForest3D: train=56 val=6 test=0
2025-11-02 19:52:18,622 - ml3d.datasets.harvardforest3d_contrastive - INFO - HarvardForest3DContrastive initialized for contrastive learning
2025-11-02 19:52:18,622 - ml3d.datasets.harvardforest3d_contrastive - INFO -   Augmentation: rotation=±360°, scale=[0.8,1.2], jitter=0.01, dropout=0.2
2025-11-02 19:52:18,622 - __main__ - INFO - Dataset initialized successfully
2025-11-02 19:52:18,622 - __main__ - INFO - Initializing model: RandLANetContrast
2025-11-02 19:52:18,626 - ml3d.torch.models.randlanet_contrast - INFO - Built simplified encoder with PointNet-style 1x1 convolutions
2025-11-02 19:52:18,627 - ml3d.torch.models.randlanet_contrast - INFO -   Input: 3 -> Output: 1024
2025-11-02 19:52:18,630 - ml3d.torch.models.randlanet_contrast - INFO - Loading pretrained encoder from /home/fzhcis/mylab/data/semantic3d/open3d_randlanet/test_1027/randlanet_semantic3d_xyz_ckpt_2025-10-30_22-15-32_00400.pth
2025-11-02 19:52:18,758 - ml3d.torch.models.randlanet_contrast - INFO - Missing keys (expected for projection head): 44
2025-11-02 19:52:18,758 - ml3d.torch.models.randlanet_contrast - WARNING - Unexpected keys: ['encoder.0.mlp1.conv.weight', 'encoder.0.mlp1.conv.bias', 'encoder.0.mlp1.batch_norm.weight', 'encoder.0.mlp1.batch_norm.bias', 'encoder.0.mlp1.batch_norm.running_mean', 'encoder.0.mlp1.batch_norm.running_var', 'encoder.0.mlp1.batch_norm.num_batches_tracked', 'encoder.0.lse1.mlp.conv.weight', 'encoder.0.lse1.mlp.conv.bias', 'encoder.0.lse1.mlp.batch_norm.weight', 'encoder.0.lse1.mlp.batch_norm.bias', 'encoder.0.lse1.mlp.batch_norm.running_mean', 'encoder.0.lse1.mlp.batch_norm.running_var', 'encoder.0.lse1.mlp.batch_norm.num_batches_tracked', 'encoder.0.pool1.score_fn.0.weight', 'encoder.0.pool1.score_fn.0.bias', 'encoder.0.pool1.mlp.conv.weight', 'encoder.0.pool1.mlp.conv.bias', 'encoder.0.pool1.mlp.batch_norm.weight', 'encoder.0.pool1.mlp.batch_norm.bias', 'encoder.0.pool1.mlp.batch_norm.running_mean', 'encoder.0.pool1.mlp.batch_norm.running_var', 'encoder.0.pool1.mlp.batch_norm.num_batches_tracked', 'encoder.0.lse2.mlp.conv.weight', 'encoder.0.lse2.mlp.conv.bias', 'encoder.0.lse2.mlp.batch_norm.weight', 'encoder.0.lse2.mlp.batch_norm.bias', 'encoder.0.lse2.mlp.batch_norm.running_mean', 'encoder.0.lse2.mlp.batch_norm.running_var', 'encoder.0.lse2.mlp.batch_norm.num_batches_tracked', 'encoder.0.pool2.score_fn.0.weight', 'encoder.0.pool2.score_fn.0.bias', 'encoder.0.pool2.mlp.conv.weight', 'encoder.0.pool2.mlp.conv.bias', 'encoder.0.pool2.mlp.batch_norm.weight', 'encoder.0.pool2.mlp.batch_norm.bias', 'encoder.0.pool2.mlp.batch_norm.running_mean', 'encoder.0.pool2.mlp.batch_norm.running_var', 'encoder.0.pool2.mlp.batch_norm.num_batches_tracked', 'encoder.0.mlp2.conv.weight', 'encoder.0.mlp2.conv.bias', 'encoder.0.mlp2.batch_norm.weight', 'encoder.0.mlp2.batch_norm.bias', 'encoder.0.mlp2.batch_norm.running_mean', 'encoder.0.mlp2.batch_norm.running_var', 'encoder.0.mlp2.batch_norm.num_batches_tracked', 'encoder.0.shortcut.conv.weight', 'encoder.0.shortcut.conv.bias', 'encoder.0.shortcut.batch_norm.weight', 'encoder.0.shortcut.batch_norm.bias', 'encoder.0.shortcut.batch_norm.running_mean', 'encoder.0.shortcut.batch_norm.running_var', 'encoder.0.shortcut.batch_norm.num_batches_tracked', 'encoder.1.mlp1.conv.weight', 'encoder.1.mlp1.conv.bias', 'encoder.1.mlp1.batch_norm.weight', 'encoder.1.mlp1.batch_norm.bias', 'encoder.1.mlp1.batch_norm.running_mean', 'encoder.1.mlp1.batch_norm.running_var', 'encoder.1.mlp1.batch_norm.num_batches_tracked', 'encoder.1.lse1.mlp.conv.weight', 'encoder.1.lse1.mlp.conv.bias', 'encoder.1.lse1.mlp.batch_norm.weight', 'encoder.1.lse1.mlp.batch_norm.bias', 'encoder.1.lse1.mlp.batch_norm.running_mean', 'encoder.1.lse1.mlp.batch_norm.running_var', 'encoder.1.lse1.mlp.batch_norm.num_batches_tracked', 'encoder.1.pool1.score_fn.0.weight', 'encoder.1.pool1.score_fn.0.bias', 'encoder.1.pool1.mlp.conv.weight', 'encoder.1.pool1.mlp.conv.bias', 'encoder.1.pool1.mlp.batch_norm.weight', 'encoder.1.pool1.mlp.batch_norm.bias', 'encoder.1.pool1.mlp.batch_norm.running_mean', 'encoder.1.pool1.mlp.batch_norm.running_var', 'encoder.1.pool1.mlp.batch_norm.num_batches_tracked', 'encoder.1.lse2.mlp.conv.weight', 'encoder.1.lse2.mlp.conv.bias', 'encoder.1.lse2.mlp.batch_norm.weight', 'encoder.1.lse2.mlp.batch_norm.bias', 'encoder.1.lse2.mlp.batch_norm.running_mean', 'encoder.1.lse2.mlp.batch_norm.running_var', 'encoder.1.lse2.mlp.batch_norm.num_batches_tracked', 'encoder.1.pool2.score_fn.0.weight', 'encoder.1.pool2.score_fn.0.bias', 'encoder.1.pool2.mlp.conv.weight', 'encoder.1.pool2.mlp.conv.bias', 'encoder.1.pool2.mlp.batch_norm.weight', 'encoder.1.pool2.mlp.batch_norm.bias', 'encoder.1.pool2.mlp.batch_norm.running_mean', 'encoder.1.pool2.mlp.batch_norm.running_var', 'encoder.1.pool2.mlp.batch_norm.num_batches_tracked', 'encoder.1.mlp2.conv.weight', 'encoder.1.mlp2.conv.bias', 'encoder.1.mlp2.batch_norm.weight', 'encoder.1.mlp2.batch_norm.bias', 'encoder.1.mlp2.batch_norm.running_mean', 'encoder.1.mlp2.batch_norm.running_var', 'encoder.1.mlp2.batch_norm.num_batches_tracked', 'encoder.1.shortcut.conv.weight', 'encoder.1.shortcut.conv.bias', 'encoder.1.shortcut.batch_norm.weight', 'encoder.1.shortcut.batch_norm.bias', 'encoder.1.shortcut.batch_norm.running_mean', 'encoder.1.shortcut.batch_norm.running_var', 'encoder.1.shortcut.batch_norm.num_batches_tracked', 'encoder.2.mlp1.conv.weight', 'encoder.2.mlp1.conv.bias', 'encoder.2.mlp1.batch_norm.weight', 'encoder.2.mlp1.batch_norm.bias', 'encoder.2.mlp1.batch_norm.running_mean', 'encoder.2.mlp1.batch_norm.running_var', 'encoder.2.mlp1.batch_norm.num_batches_tracked', 'encoder.2.lse1.mlp.conv.weight', 'encoder.2.lse1.mlp.conv.bias', 'encoder.2.lse1.mlp.batch_norm.weight', 'encoder.2.lse1.mlp.batch_norm.bias', 'encoder.2.lse1.mlp.batch_norm.running_mean', 'encoder.2.lse1.mlp.batch_norm.running_var', 'encoder.2.lse1.mlp.batch_norm.num_batches_tracked', 'encoder.2.pool1.score_fn.0.weight', 'encoder.2.pool1.score_fn.0.bias', 'encoder.2.pool1.mlp.conv.weight', 'encoder.2.pool1.mlp.conv.bias', 'encoder.2.pool1.mlp.batch_norm.weight', 'encoder.2.pool1.mlp.batch_norm.bias', 'encoder.2.pool1.mlp.batch_norm.running_mean', 'encoder.2.pool1.mlp.batch_norm.running_var', 'encoder.2.pool1.mlp.batch_norm.num_batches_tracked', 'encoder.2.lse2.mlp.conv.weight', 'encoder.2.lse2.mlp.conv.bias', 'encoder.2.lse2.mlp.batch_norm.weight', 'encoder.2.lse2.mlp.batch_norm.bias', 'encoder.2.lse2.mlp.batch_norm.running_mean', 'encoder.2.lse2.mlp.batch_norm.running_var', 'encoder.2.lse2.mlp.batch_norm.num_batches_tracked', 'encoder.2.pool2.score_fn.0.weight', 'encoder.2.pool2.score_fn.0.bias', 'encoder.2.pool2.mlp.conv.weight', 'encoder.2.pool2.mlp.conv.bias', 'encoder.2.pool2.mlp.batch_norm.weight', 'encoder.2.pool2.mlp.batch_norm.bias', 'encoder.2.pool2.mlp.batch_norm.running_mean', 'encoder.2.pool2.mlp.batch_norm.running_var', 'encoder.2.pool2.mlp.batch_norm.num_batches_tracked', 'encoder.2.mlp2.conv.weight', 'encoder.2.mlp2.conv.bias', 'encoder.2.mlp2.batch_norm.weight', 'encoder.2.mlp2.batch_norm.bias', 'encoder.2.mlp2.batch_norm.running_mean', 'encoder.2.mlp2.batch_norm.running_var', 'encoder.2.mlp2.batch_norm.num_batches_tracked', 'encoder.2.shortcut.conv.weight', 'encoder.2.shortcut.conv.bias', 'encoder.2.shortcut.batch_norm.weight', 'encoder.2.shortcut.batch_norm.bias', 'encoder.2.shortcut.batch_norm.running_mean', 'encoder.2.shortcut.batch_norm.running_var', 'encoder.2.shortcut.batch_norm.num_batches_tracked', 'encoder.3.mlp1.conv.weight', 'encoder.3.mlp1.conv.bias', 'encoder.3.mlp1.batch_norm.weight', 'encoder.3.mlp1.batch_norm.bias', 'encoder.3.mlp1.batch_norm.running_mean', 'encoder.3.mlp1.batch_norm.running_var', 'encoder.3.mlp1.batch_norm.num_batches_tracked', 'encoder.3.lse1.mlp.conv.weight', 'encoder.3.lse1.mlp.conv.bias', 'encoder.3.lse1.mlp.batch_norm.weight', 'encoder.3.lse1.mlp.batch_norm.bias', 'encoder.3.lse1.mlp.batch_norm.running_mean', 'encoder.3.lse1.mlp.batch_norm.running_var', 'encoder.3.lse1.mlp.batch_norm.num_batches_tracked', 'encoder.3.pool1.score_fn.0.weight', 'encoder.3.pool1.score_fn.0.bias', 'encoder.3.pool1.mlp.conv.weight', 'encoder.3.pool1.mlp.conv.bias', 'encoder.3.pool1.mlp.batch_norm.weight', 'encoder.3.pool1.mlp.batch_norm.bias', 'encoder.3.pool1.mlp.batch_norm.running_mean', 'encoder.3.pool1.mlp.batch_norm.running_var', 'encoder.3.pool1.mlp.batch_norm.num_batches_tracked', 'encoder.3.lse2.mlp.conv.weight', 'encoder.3.lse2.mlp.conv.bias', 'encoder.3.lse2.mlp.batch_norm.weight', 'encoder.3.lse2.mlp.batch_norm.bias', 'encoder.3.lse2.mlp.batch_norm.running_mean', 'encoder.3.lse2.mlp.batch_norm.running_var', 'encoder.3.lse2.mlp.batch_norm.num_batches_tracked', 'encoder.3.pool2.score_fn.0.weight', 'encoder.3.pool2.score_fn.0.bias', 'encoder.3.pool2.mlp.conv.weight', 'encoder.3.pool2.mlp.conv.bias', 'encoder.3.pool2.mlp.batch_norm.weight', 'encoder.3.pool2.mlp.batch_norm.bias', 'encoder.3.pool2.mlp.batch_norm.running_mean', 'encoder.3.pool2.mlp.batch_norm.running_var', 'encoder.3.pool2.mlp.batch_norm.num_batches_tracked', 'encoder.3.mlp2.conv.weight', 'encoder.3.mlp2.conv.bias', 'encoder.3.mlp2.batch_norm.weight', 'encoder.3.mlp2.batch_norm.bias', 'encoder.3.mlp2.batch_norm.running_mean', 'encoder.3.mlp2.batch_norm.running_var', 'encoder.3.mlp2.batch_norm.num_batches_tracked', 'encoder.3.shortcut.conv.weight', 'encoder.3.shortcut.conv.bias', 'encoder.3.shortcut.batch_norm.weight', 'encoder.3.shortcut.batch_norm.bias', 'encoder.3.shortcut.batch_norm.running_mean', 'encoder.3.shortcut.batch_norm.running_var', 'encoder.3.shortcut.batch_norm.num_batches_tracked', 'encoder.4.mlp1.conv.weight', 'encoder.4.mlp1.conv.bias', 'encoder.4.mlp1.batch_norm.weight', 'encoder.4.mlp1.batch_norm.bias', 'encoder.4.mlp1.batch_norm.running_mean', 'encoder.4.mlp1.batch_norm.running_var', 'encoder.4.mlp1.batch_norm.num_batches_tracked', 'encoder.4.lse1.mlp.conv.weight', 'encoder.4.lse1.mlp.conv.bias', 'encoder.4.lse1.mlp.batch_norm.weight', 'encoder.4.lse1.mlp.batch_norm.bias', 'encoder.4.lse1.mlp.batch_norm.running_mean', 'encoder.4.lse1.mlp.batch_norm.running_var', 'encoder.4.lse1.mlp.batch_norm.num_batches_tracked', 'encoder.4.pool1.score_fn.0.weight', 'encoder.4.pool1.score_fn.0.bias', 'encoder.4.pool1.mlp.conv.weight', 'encoder.4.pool1.mlp.conv.bias', 'encoder.4.pool1.mlp.batch_norm.weight', 'encoder.4.pool1.mlp.batch_norm.bias', 'encoder.4.pool1.mlp.batch_norm.running_mean', 'encoder.4.pool1.mlp.batch_norm.running_var', 'encoder.4.pool1.mlp.batch_norm.num_batches_tracked', 'encoder.4.lse2.mlp.conv.weight', 'encoder.4.lse2.mlp.conv.bias', 'encoder.4.lse2.mlp.batch_norm.weight', 'encoder.4.lse2.mlp.batch_norm.bias', 'encoder.4.lse2.mlp.batch_norm.running_mean', 'encoder.4.lse2.mlp.batch_norm.running_var', 'encoder.4.lse2.mlp.batch_norm.num_batches_tracked', 'encoder.4.pool2.score_fn.0.weight', 'encoder.4.pool2.score_fn.0.bias', 'encoder.4.pool2.mlp.conv.weight', 'encoder.4.pool2.mlp.conv.bias', 'encoder.4.pool2.mlp.batch_norm.weight', 'encoder.4.pool2.mlp.batch_norm.bias', 'encoder.4.pool2.mlp.batch_norm.running_mean', 'encoder.4.pool2.mlp.batch_norm.running_var', 'encoder.4.pool2.mlp.batch_norm.num_batches_tracked', 'encoder.4.mlp2.conv.weight', 'encoder.4.mlp2.conv.bias', 'encoder.4.mlp2.batch_norm.weight', 'encoder.4.mlp2.batch_norm.bias', 'encoder.4.mlp2.batch_norm.running_mean', 'encoder.4.mlp2.batch_norm.running_var', 'encoder.4.mlp2.batch_norm.num_batches_tracked', 'encoder.4.shortcut.conv.weight', 'encoder.4.shortcut.conv.bias', 'encoder.4.shortcut.batch_norm.weight', 'encoder.4.shortcut.batch_norm.bias', 'encoder.4.shortcut.batch_norm.running_mean', 'encoder.4.shortcut.batch_norm.running_var', 'encoder.4.shortcut.batch_norm.num_batches_tracked', 'mlp.conv.weight', 'mlp.conv.bias', 'mlp.batch_norm.weight', 'mlp.batch_norm.bias', 'mlp.batch_norm.running_mean', 'mlp.batch_norm.running_var', 'mlp.batch_norm.num_batches_tracked']
2025-11-02 19:52:18,759 - ml3d.torch.models.randlanet_contrast - INFO - Successfully loaded 279 encoder parameters
2025-11-02 19:52:18,761 - ml3d.torch.models.randlanet_contrast - INFO - Encoder frozen (only training projection head)
2025-11-02 19:52:18,761 - ml3d.torch.models.randlanet_contrast - INFO - RandLANetContrast initialized:
2025-11-02 19:52:18,761 - ml3d.torch.models.randlanet_contrast - INFO -   Encoder output dim: 1024
2025-11-02 19:52:18,761 - ml3d.torch.models.randlanet_contrast - INFO -   Projection output dim: 128
2025-11-02 19:52:18,761 - ml3d.torch.models.randlanet_contrast - INFO -   Freeze encoder epochs: 5
2025-11-02 19:52:18,839 - __main__ - INFO - Model initialized and moved to cuda
2025-11-02 19:52:18,839 - __main__ - INFO - Initializing ContrastiveLearning pipeline...
2025-11-02 19:52:19,109 - ml3d.torch.models.randlanet_contrast - INFO - Optimizer created: encoder_lr=1.00e-04, projection_lr=1.00e-03
2025-11-02 19:52:19,109 - ml3d.torch.pipelines.contrastive_learning - INFO - ContrastiveLearning pipeline initialized:
2025-11-02 19:52:19,109 - ml3d.torch.pipelines.contrastive_learning - INFO -   Temperature: 0.07
2025-11-02 19:52:19,109 - ml3d.torch.pipelines.contrastive_learning - INFO -   Freeze encoder epochs: 5
2025-11-02 19:52:19,109 - ml3d.torch.pipelines.contrastive_learning - INFO -   Base LR: 0.001
2025-11-02 19:52:19,109 - ml3d.torch.pipelines.contrastive_learning - INFO -   Max epochs: 100
2025-11-02 19:52:19,110 - __main__ - INFO - Pipeline initialized successfully
2025-11-02 19:52:19,110 - __main__ - INFO - 
================================================================================
2025-11-02 19:52:19,110 - __main__ - INFO - STARTING TRAINING
2025-11-02 19:52:19,110 - __main__ - INFO - ================================================================================

2025-11-02 19:52:19,110 - ml3d.torch.pipelines.contrastive_learning - INFO - ==================================================
2025-11-02 19:52:19,110 - ml3d.torch.pipelines.contrastive_learning - INFO - Starting contrastive learning training
2025-11-02 19:52:19,110 - ml3d.torch.pipelines.contrastive_learning - INFO - ==================================================
2025-11-02 19:52:19,110 - ml3d.datasets.harvardforest3d - INFO - Found 56 LAS files for train
2025-11-02 19:52:19,110 - ml3d.datasets.harvardforest3d_contrastive - INFO - Contrastive split 'train' ready with 56 samples
2025-11-02 19:52:19,110 - ml3d.datasets.harvardforest3d - INFO - Found 6 LAS files for val
2025-11-02 19:52:19,110 - ml3d.datasets.harvardforest3d_contrastive - INFO - Contrastive split 'val' ready with 6 samples
2025-11-02 19:52:19,110 - ml3d.torch.pipelines.contrastive_learning - INFO - Train batches: 7, Val batches: 1
2025-11-02 19:52:21,947 - ml3d.torch.pipelines.contrastive_learning - INFO - Epoch 1/100 | Train Loss: 1.3758 | Train Acc: 0.5000 | Val Loss: 1.7918 | Val Acc: 0.1667 | LR: 9.90e-05
2025-11-02 19:52:21,947 - __main__ - ERROR - Training failed with error: 'Config' object has no attribute 'main_log_dir'
Traceback (most recent call last):
  File "/home/fzhcis/mylab/Open3D-ML/scripts/run_tests_fei/train_harvardforest_contrast.py", line 341, in main
    pipeline.run_train()
  File "/home/fzhcis/mylab/Open3D-ML/ml3d/torch/pipelines/contrastive_learning.py", line 235, in run_train
    self.save_checkpoint(epoch, is_best=True)
  File "/home/fzhcis/mylab/Open3D-ML/ml3d/torch/pipelines/contrastive_learning.py", line 388, in save_checkpoint
    checkpoint_dir = Path(self.cfg.main_log_dir) / 'checkpoint'
                          ^^^^^^^^^^^^^^^^^^^^^
AttributeError: 'Config' object has no attribute 'main_log_dir'
2025-11-02 19:53:55,293 - __main__ - INFO - Random seed set to 42
2025-11-02 19:53:55,296 - __main__ - INFO - Loaded config from ml3d/configs/randlanet_harvardforest_contrast.yml
2025-11-02 19:53:55,296 - __main__ - INFO - ================================================================================
2025-11-02 19:53:55,296 - __main__ - INFO - POINTCONTRAST-STYLE CONTRASTIVE LEARNING ON HARVARDFOREST3D
2025-11-02 19:53:55,296 - __main__ - INFO - ================================================================================
2025-11-02 19:53:55,296 - __main__ - INFO - Config: ml3d/configs/randlanet_harvardforest_contrast.yml
2025-11-02 19:53:55,296 - __main__ - INFO - Device: cuda
2025-11-02 19:53:55,296 - __main__ - INFO - Model: RandLANetContrast
2025-11-02 19:53:55,296 - __main__ - INFO - ================================================================================
2025-11-02 19:53:55,296 - __main__ - INFO - Initializing HarvardForest3DContrastive dataset...
2025-11-02 19:53:55,297 - __main__ - INFO - Found 62 .las files in /home/fzhcis/mylab/data/HarvardForest
2025-11-02 19:53:55,297 - ml3d.datasets.harvardforest3d - INFO - Found 62 .las files in /home/fzhcis/mylab/data/HarvardForest
2025-11-02 19:53:55,297 - ml3d.datasets.harvardforest3d - INFO - Loaded existing train/val/test split from manifest.
2025-11-02 19:53:55,297 - ml3d.datasets.harvardforest3d - INFO - HarvardForest3D: train=56 val=6 test=0
2025-11-02 19:53:55,297 - ml3d.datasets.harvardforest3d_contrastive - INFO - HarvardForest3DContrastive initialized for contrastive learning
2025-11-02 19:53:55,297 - ml3d.datasets.harvardforest3d_contrastive - INFO -   Augmentation: rotation=±360°, scale=[0.8,1.2], jitter=0.01, dropout=0.2
2025-11-02 19:53:55,297 - __main__ - INFO - Dataset initialized successfully
2025-11-02 19:53:55,297 - __main__ - INFO - Initializing model: RandLANetContrast
2025-11-02 19:53:55,302 - ml3d.torch.models.randlanet_contrast - INFO - Built simplified encoder with PointNet-style 1x1 convolutions
2025-11-02 19:53:55,302 - ml3d.torch.models.randlanet_contrast - INFO -   Input: 3 -> Output: 1024
2025-11-02 19:53:55,305 - ml3d.torch.models.randlanet_contrast - INFO - Loading pretrained encoder from /home/fzhcis/mylab/data/semantic3d/open3d_randlanet/test_1027/randlanet_semantic3d_xyz_ckpt_2025-10-30_22-15-32_00400.pth
2025-11-02 19:53:55,416 - ml3d.torch.models.randlanet_contrast - INFO - Missing keys (expected for projection head): 44
2025-11-02 19:53:55,416 - ml3d.torch.models.randlanet_contrast - WARNING - Unexpected keys: ['encoder.0.mlp1.conv.weight', 'encoder.0.mlp1.conv.bias', 'encoder.0.mlp1.batch_norm.weight', 'encoder.0.mlp1.batch_norm.bias', 'encoder.0.mlp1.batch_norm.running_mean', 'encoder.0.mlp1.batch_norm.running_var', 'encoder.0.mlp1.batch_norm.num_batches_tracked', 'encoder.0.lse1.mlp.conv.weight', 'encoder.0.lse1.mlp.conv.bias', 'encoder.0.lse1.mlp.batch_norm.weight', 'encoder.0.lse1.mlp.batch_norm.bias', 'encoder.0.lse1.mlp.batch_norm.running_mean', 'encoder.0.lse1.mlp.batch_norm.running_var', 'encoder.0.lse1.mlp.batch_norm.num_batches_tracked', 'encoder.0.pool1.score_fn.0.weight', 'encoder.0.pool1.score_fn.0.bias', 'encoder.0.pool1.mlp.conv.weight', 'encoder.0.pool1.mlp.conv.bias', 'encoder.0.pool1.mlp.batch_norm.weight', 'encoder.0.pool1.mlp.batch_norm.bias', 'encoder.0.pool1.mlp.batch_norm.running_mean', 'encoder.0.pool1.mlp.batch_norm.running_var', 'encoder.0.pool1.mlp.batch_norm.num_batches_tracked', 'encoder.0.lse2.mlp.conv.weight', 'encoder.0.lse2.mlp.conv.bias', 'encoder.0.lse2.mlp.batch_norm.weight', 'encoder.0.lse2.mlp.batch_norm.bias', 'encoder.0.lse2.mlp.batch_norm.running_mean', 'encoder.0.lse2.mlp.batch_norm.running_var', 'encoder.0.lse2.mlp.batch_norm.num_batches_tracked', 'encoder.0.pool2.score_fn.0.weight', 'encoder.0.pool2.score_fn.0.bias', 'encoder.0.pool2.mlp.conv.weight', 'encoder.0.pool2.mlp.conv.bias', 'encoder.0.pool2.mlp.batch_norm.weight', 'encoder.0.pool2.mlp.batch_norm.bias', 'encoder.0.pool2.mlp.batch_norm.running_mean', 'encoder.0.pool2.mlp.batch_norm.running_var', 'encoder.0.pool2.mlp.batch_norm.num_batches_tracked', 'encoder.0.mlp2.conv.weight', 'encoder.0.mlp2.conv.bias', 'encoder.0.mlp2.batch_norm.weight', 'encoder.0.mlp2.batch_norm.bias', 'encoder.0.mlp2.batch_norm.running_mean', 'encoder.0.mlp2.batch_norm.running_var', 'encoder.0.mlp2.batch_norm.num_batches_tracked', 'encoder.0.shortcut.conv.weight', 'encoder.0.shortcut.conv.bias', 'encoder.0.shortcut.batch_norm.weight', 'encoder.0.shortcut.batch_norm.bias', 'encoder.0.shortcut.batch_norm.running_mean', 'encoder.0.shortcut.batch_norm.running_var', 'encoder.0.shortcut.batch_norm.num_batches_tracked', 'encoder.1.mlp1.conv.weight', 'encoder.1.mlp1.conv.bias', 'encoder.1.mlp1.batch_norm.weight', 'encoder.1.mlp1.batch_norm.bias', 'encoder.1.mlp1.batch_norm.running_mean', 'encoder.1.mlp1.batch_norm.running_var', 'encoder.1.mlp1.batch_norm.num_batches_tracked', 'encoder.1.lse1.mlp.conv.weight', 'encoder.1.lse1.mlp.conv.bias', 'encoder.1.lse1.mlp.batch_norm.weight', 'encoder.1.lse1.mlp.batch_norm.bias', 'encoder.1.lse1.mlp.batch_norm.running_mean', 'encoder.1.lse1.mlp.batch_norm.running_var', 'encoder.1.lse1.mlp.batch_norm.num_batches_tracked', 'encoder.1.pool1.score_fn.0.weight', 'encoder.1.pool1.score_fn.0.bias', 'encoder.1.pool1.mlp.conv.weight', 'encoder.1.pool1.mlp.conv.bias', 'encoder.1.pool1.mlp.batch_norm.weight', 'encoder.1.pool1.mlp.batch_norm.bias', 'encoder.1.pool1.mlp.batch_norm.running_mean', 'encoder.1.pool1.mlp.batch_norm.running_var', 'encoder.1.pool1.mlp.batch_norm.num_batches_tracked', 'encoder.1.lse2.mlp.conv.weight', 'encoder.1.lse2.mlp.conv.bias', 'encoder.1.lse2.mlp.batch_norm.weight', 'encoder.1.lse2.mlp.batch_norm.bias', 'encoder.1.lse2.mlp.batch_norm.running_mean', 'encoder.1.lse2.mlp.batch_norm.running_var', 'encoder.1.lse2.mlp.batch_norm.num_batches_tracked', 'encoder.1.pool2.score_fn.0.weight', 'encoder.1.pool2.score_fn.0.bias', 'encoder.1.pool2.mlp.conv.weight', 'encoder.1.pool2.mlp.conv.bias', 'encoder.1.pool2.mlp.batch_norm.weight', 'encoder.1.pool2.mlp.batch_norm.bias', 'encoder.1.pool2.mlp.batch_norm.running_mean', 'encoder.1.pool2.mlp.batch_norm.running_var', 'encoder.1.pool2.mlp.batch_norm.num_batches_tracked', 'encoder.1.mlp2.conv.weight', 'encoder.1.mlp2.conv.bias', 'encoder.1.mlp2.batch_norm.weight', 'encoder.1.mlp2.batch_norm.bias', 'encoder.1.mlp2.batch_norm.running_mean', 'encoder.1.mlp2.batch_norm.running_var', 'encoder.1.mlp2.batch_norm.num_batches_tracked', 'encoder.1.shortcut.conv.weight', 'encoder.1.shortcut.conv.bias', 'encoder.1.shortcut.batch_norm.weight', 'encoder.1.shortcut.batch_norm.bias', 'encoder.1.shortcut.batch_norm.running_mean', 'encoder.1.shortcut.batch_norm.running_var', 'encoder.1.shortcut.batch_norm.num_batches_tracked', 'encoder.2.mlp1.conv.weight', 'encoder.2.mlp1.conv.bias', 'encoder.2.mlp1.batch_norm.weight', 'encoder.2.mlp1.batch_norm.bias', 'encoder.2.mlp1.batch_norm.running_mean', 'encoder.2.mlp1.batch_norm.running_var', 'encoder.2.mlp1.batch_norm.num_batches_tracked', 'encoder.2.lse1.mlp.conv.weight', 'encoder.2.lse1.mlp.conv.bias', 'encoder.2.lse1.mlp.batch_norm.weight', 'encoder.2.lse1.mlp.batch_norm.bias', 'encoder.2.lse1.mlp.batch_norm.running_mean', 'encoder.2.lse1.mlp.batch_norm.running_var', 'encoder.2.lse1.mlp.batch_norm.num_batches_tracked', 'encoder.2.pool1.score_fn.0.weight', 'encoder.2.pool1.score_fn.0.bias', 'encoder.2.pool1.mlp.conv.weight', 'encoder.2.pool1.mlp.conv.bias', 'encoder.2.pool1.mlp.batch_norm.weight', 'encoder.2.pool1.mlp.batch_norm.bias', 'encoder.2.pool1.mlp.batch_norm.running_mean', 'encoder.2.pool1.mlp.batch_norm.running_var', 'encoder.2.pool1.mlp.batch_norm.num_batches_tracked', 'encoder.2.lse2.mlp.conv.weight', 'encoder.2.lse2.mlp.conv.bias', 'encoder.2.lse2.mlp.batch_norm.weight', 'encoder.2.lse2.mlp.batch_norm.bias', 'encoder.2.lse2.mlp.batch_norm.running_mean', 'encoder.2.lse2.mlp.batch_norm.running_var', 'encoder.2.lse2.mlp.batch_norm.num_batches_tracked', 'encoder.2.pool2.score_fn.0.weight', 'encoder.2.pool2.score_fn.0.bias', 'encoder.2.pool2.mlp.conv.weight', 'encoder.2.pool2.mlp.conv.bias', 'encoder.2.pool2.mlp.batch_norm.weight', 'encoder.2.pool2.mlp.batch_norm.bias', 'encoder.2.pool2.mlp.batch_norm.running_mean', 'encoder.2.pool2.mlp.batch_norm.running_var', 'encoder.2.pool2.mlp.batch_norm.num_batches_tracked', 'encoder.2.mlp2.conv.weight', 'encoder.2.mlp2.conv.bias', 'encoder.2.mlp2.batch_norm.weight', 'encoder.2.mlp2.batch_norm.bias', 'encoder.2.mlp2.batch_norm.running_mean', 'encoder.2.mlp2.batch_norm.running_var', 'encoder.2.mlp2.batch_norm.num_batches_tracked', 'encoder.2.shortcut.conv.weight', 'encoder.2.shortcut.conv.bias', 'encoder.2.shortcut.batch_norm.weight', 'encoder.2.shortcut.batch_norm.bias', 'encoder.2.shortcut.batch_norm.running_mean', 'encoder.2.shortcut.batch_norm.running_var', 'encoder.2.shortcut.batch_norm.num_batches_tracked', 'encoder.3.mlp1.conv.weight', 'encoder.3.mlp1.conv.bias', 'encoder.3.mlp1.batch_norm.weight', 'encoder.3.mlp1.batch_norm.bias', 'encoder.3.mlp1.batch_norm.running_mean', 'encoder.3.mlp1.batch_norm.running_var', 'encoder.3.mlp1.batch_norm.num_batches_tracked', 'encoder.3.lse1.mlp.conv.weight', 'encoder.3.lse1.mlp.conv.bias', 'encoder.3.lse1.mlp.batch_norm.weight', 'encoder.3.lse1.mlp.batch_norm.bias', 'encoder.3.lse1.mlp.batch_norm.running_mean', 'encoder.3.lse1.mlp.batch_norm.running_var', 'encoder.3.lse1.mlp.batch_norm.num_batches_tracked', 'encoder.3.pool1.score_fn.0.weight', 'encoder.3.pool1.score_fn.0.bias', 'encoder.3.pool1.mlp.conv.weight', 'encoder.3.pool1.mlp.conv.bias', 'encoder.3.pool1.mlp.batch_norm.weight', 'encoder.3.pool1.mlp.batch_norm.bias', 'encoder.3.pool1.mlp.batch_norm.running_mean', 'encoder.3.pool1.mlp.batch_norm.running_var', 'encoder.3.pool1.mlp.batch_norm.num_batches_tracked', 'encoder.3.lse2.mlp.conv.weight', 'encoder.3.lse2.mlp.conv.bias', 'encoder.3.lse2.mlp.batch_norm.weight', 'encoder.3.lse2.mlp.batch_norm.bias', 'encoder.3.lse2.mlp.batch_norm.running_mean', 'encoder.3.lse2.mlp.batch_norm.running_var', 'encoder.3.lse2.mlp.batch_norm.num_batches_tracked', 'encoder.3.pool2.score_fn.0.weight', 'encoder.3.pool2.score_fn.0.bias', 'encoder.3.pool2.mlp.conv.weight', 'encoder.3.pool2.mlp.conv.bias', 'encoder.3.pool2.mlp.batch_norm.weight', 'encoder.3.pool2.mlp.batch_norm.bias', 'encoder.3.pool2.mlp.batch_norm.running_mean', 'encoder.3.pool2.mlp.batch_norm.running_var', 'encoder.3.pool2.mlp.batch_norm.num_batches_tracked', 'encoder.3.mlp2.conv.weight', 'encoder.3.mlp2.conv.bias', 'encoder.3.mlp2.batch_norm.weight', 'encoder.3.mlp2.batch_norm.bias', 'encoder.3.mlp2.batch_norm.running_mean', 'encoder.3.mlp2.batch_norm.running_var', 'encoder.3.mlp2.batch_norm.num_batches_tracked', 'encoder.3.shortcut.conv.weight', 'encoder.3.shortcut.conv.bias', 'encoder.3.shortcut.batch_norm.weight', 'encoder.3.shortcut.batch_norm.bias', 'encoder.3.shortcut.batch_norm.running_mean', 'encoder.3.shortcut.batch_norm.running_var', 'encoder.3.shortcut.batch_norm.num_batches_tracked', 'encoder.4.mlp1.conv.weight', 'encoder.4.mlp1.conv.bias', 'encoder.4.mlp1.batch_norm.weight', 'encoder.4.mlp1.batch_norm.bias', 'encoder.4.mlp1.batch_norm.running_mean', 'encoder.4.mlp1.batch_norm.running_var', 'encoder.4.mlp1.batch_norm.num_batches_tracked', 'encoder.4.lse1.mlp.conv.weight', 'encoder.4.lse1.mlp.conv.bias', 'encoder.4.lse1.mlp.batch_norm.weight', 'encoder.4.lse1.mlp.batch_norm.bias', 'encoder.4.lse1.mlp.batch_norm.running_mean', 'encoder.4.lse1.mlp.batch_norm.running_var', 'encoder.4.lse1.mlp.batch_norm.num_batches_tracked', 'encoder.4.pool1.score_fn.0.weight', 'encoder.4.pool1.score_fn.0.bias', 'encoder.4.pool1.mlp.conv.weight', 'encoder.4.pool1.mlp.conv.bias', 'encoder.4.pool1.mlp.batch_norm.weight', 'encoder.4.pool1.mlp.batch_norm.bias', 'encoder.4.pool1.mlp.batch_norm.running_mean', 'encoder.4.pool1.mlp.batch_norm.running_var', 'encoder.4.pool1.mlp.batch_norm.num_batches_tracked', 'encoder.4.lse2.mlp.conv.weight', 'encoder.4.lse2.mlp.conv.bias', 'encoder.4.lse2.mlp.batch_norm.weight', 'encoder.4.lse2.mlp.batch_norm.bias', 'encoder.4.lse2.mlp.batch_norm.running_mean', 'encoder.4.lse2.mlp.batch_norm.running_var', 'encoder.4.lse2.mlp.batch_norm.num_batches_tracked', 'encoder.4.pool2.score_fn.0.weight', 'encoder.4.pool2.score_fn.0.bias', 'encoder.4.pool2.mlp.conv.weight', 'encoder.4.pool2.mlp.conv.bias', 'encoder.4.pool2.mlp.batch_norm.weight', 'encoder.4.pool2.mlp.batch_norm.bias', 'encoder.4.pool2.mlp.batch_norm.running_mean', 'encoder.4.pool2.mlp.batch_norm.running_var', 'encoder.4.pool2.mlp.batch_norm.num_batches_tracked', 'encoder.4.mlp2.conv.weight', 'encoder.4.mlp2.conv.bias', 'encoder.4.mlp2.batch_norm.weight', 'encoder.4.mlp2.batch_norm.bias', 'encoder.4.mlp2.batch_norm.running_mean', 'encoder.4.mlp2.batch_norm.running_var', 'encoder.4.mlp2.batch_norm.num_batches_tracked', 'encoder.4.shortcut.conv.weight', 'encoder.4.shortcut.conv.bias', 'encoder.4.shortcut.batch_norm.weight', 'encoder.4.shortcut.batch_norm.bias', 'encoder.4.shortcut.batch_norm.running_mean', 'encoder.4.shortcut.batch_norm.running_var', 'encoder.4.shortcut.batch_norm.num_batches_tracked', 'mlp.conv.weight', 'mlp.conv.bias', 'mlp.batch_norm.weight', 'mlp.batch_norm.bias', 'mlp.batch_norm.running_mean', 'mlp.batch_norm.running_var', 'mlp.batch_norm.num_batches_tracked']
2025-11-02 19:53:55,416 - ml3d.torch.models.randlanet_contrast - INFO - Successfully loaded 279 encoder parameters
2025-11-02 19:53:55,418 - ml3d.torch.models.randlanet_contrast - INFO - Encoder frozen (only training projection head)
2025-11-02 19:53:55,418 - ml3d.torch.models.randlanet_contrast - INFO - RandLANetContrast initialized:
2025-11-02 19:53:55,418 - ml3d.torch.models.randlanet_contrast - INFO -   Encoder output dim: 1024
2025-11-02 19:53:55,418 - ml3d.torch.models.randlanet_contrast - INFO -   Projection output dim: 128
2025-11-02 19:53:55,418 - ml3d.torch.models.randlanet_contrast - INFO -   Freeze encoder epochs: 5
2025-11-02 19:53:55,483 - __main__ - INFO - Model initialized and moved to cuda
2025-11-02 19:53:55,484 - __main__ - INFO - Initializing ContrastiveLearning pipeline...
2025-11-02 19:53:55,747 - ml3d.torch.models.randlanet_contrast - INFO - Optimizer created: encoder_lr=1.00e-04, projection_lr=1.00e-03
2025-11-02 19:53:55,747 - ml3d.torch.pipelines.contrastive_learning - INFO - ContrastiveLearning pipeline initialized:
2025-11-02 19:53:55,747 - ml3d.torch.pipelines.contrastive_learning - INFO -   Temperature: 0.07
2025-11-02 19:53:55,747 - ml3d.torch.pipelines.contrastive_learning - INFO -   Freeze encoder epochs: 5
2025-11-02 19:53:55,747 - ml3d.torch.pipelines.contrastive_learning - INFO -   Base LR: 0.001
2025-11-02 19:53:55,747 - ml3d.torch.pipelines.contrastive_learning - INFO -   Max epochs: 100
2025-11-02 19:53:55,747 - __main__ - INFO - Pipeline initialized successfully
2025-11-02 19:53:55,747 - __main__ - INFO - 
================================================================================
2025-11-02 19:53:55,747 - __main__ - INFO - STARTING TRAINING
2025-11-02 19:53:55,747 - __main__ - INFO - ================================================================================

2025-11-02 19:53:55,747 - ml3d.torch.pipelines.contrastive_learning - INFO - ==================================================
2025-11-02 19:53:55,747 - ml3d.torch.pipelines.contrastive_learning - INFO - Starting contrastive learning training
2025-11-02 19:53:55,747 - ml3d.torch.pipelines.contrastive_learning - INFO - ==================================================
2025-11-02 19:53:55,747 - ml3d.datasets.harvardforest3d - INFO - Found 56 LAS files for train
2025-11-02 19:53:55,747 - ml3d.datasets.harvardforest3d_contrastive - INFO - Contrastive split 'train' ready with 56 samples
2025-11-02 19:53:55,747 - ml3d.datasets.harvardforest3d - INFO - Found 6 LAS files for val
2025-11-02 19:53:55,747 - ml3d.datasets.harvardforest3d_contrastive - INFO - Contrastive split 'val' ready with 6 samples
2025-11-02 19:53:55,747 - ml3d.torch.pipelines.contrastive_learning - INFO - Train batches: 7, Val batches: 1
2025-11-02 19:53:58,409 - ml3d.torch.pipelines.contrastive_learning - INFO - Epoch 1/100 | Train Loss: 1.3758 | Train Acc: 0.5000 | Val Loss: 1.7918 | Val Acc: 0.1667 | LR: 9.90e-05
2025-11-02 19:53:58,409 - __main__ - ERROR - Training failed with error: 'Config' object has no attribute 'main_log_dir'
Traceback (most recent call last):
  File "/home/fzhcis/mylab/Open3D-ML/scripts/run_tests_fei/train_harvardforest_contrast.py", line 341, in main
    pipeline.run_train()
  File "/home/fzhcis/mylab/Open3D-ML/ml3d/torch/pipelines/contrastive_learning.py", line 235, in run_train
    self.save_checkpoint(epoch, is_best=True)
  File "/home/fzhcis/mylab/Open3D-ML/ml3d/torch/pipelines/contrastive_learning.py", line 388, in save_checkpoint
    checkpoint_dir = Path(self.cfg.main_log_dir) / 'checkpoint'
                          ^^^^^^^^^^^^^^^^^^^^^
AttributeError: 'Config' object has no attribute 'main_log_dir'
2025-11-02 19:56:02,749 - __main__ - INFO - Random seed set to 42
2025-11-02 19:56:02,752 - __main__ - INFO - Loaded config from ml3d/configs/randlanet_harvardforest_contrast.yml
2025-11-02 19:56:02,753 - __main__ - INFO - ================================================================================
2025-11-02 19:56:02,753 - __main__ - INFO - POINTCONTRAST-STYLE CONTRASTIVE LEARNING ON HARVARDFOREST3D
2025-11-02 19:56:02,753 - __main__ - INFO - ================================================================================
2025-11-02 19:56:02,753 - __main__ - INFO - Config: ml3d/configs/randlanet_harvardforest_contrast.yml
2025-11-02 19:56:02,753 - __main__ - INFO - Device: cuda
2025-11-02 19:56:02,753 - __main__ - INFO - Model: RandLANetContrast
2025-11-02 19:56:02,753 - __main__ - INFO - ================================================================================
2025-11-02 19:56:02,753 - __main__ - INFO - Initializing HarvardForest3DContrastive dataset...
2025-11-02 19:56:02,753 - __main__ - INFO - Found 62 .las files in /home/fzhcis/mylab/data/HarvardForest
2025-11-02 19:56:02,753 - ml3d.datasets.harvardforest3d - INFO - Found 62 .las files in /home/fzhcis/mylab/data/HarvardForest
2025-11-02 19:56:02,753 - ml3d.datasets.harvardforest3d - INFO - Loaded existing train/val/test split from manifest.
2025-11-02 19:56:02,754 - ml3d.datasets.harvardforest3d - INFO - HarvardForest3D: train=56 val=6 test=0
2025-11-02 19:56:02,754 - ml3d.datasets.harvardforest3d_contrastive - INFO - HarvardForest3DContrastive initialized for contrastive learning
2025-11-02 19:56:02,754 - ml3d.datasets.harvardforest3d_contrastive - INFO -   Augmentation: rotation=±360°, scale=[0.8,1.2], jitter=0.01, dropout=0.2
2025-11-02 19:56:02,754 - __main__ - INFO - Dataset initialized successfully
2025-11-02 19:56:02,754 - __main__ - INFO - Initializing model: RandLANetContrast
2025-11-02 19:56:02,758 - ml3d.torch.models.randlanet_contrast - INFO - Built simplified encoder with PointNet-style 1x1 convolutions
2025-11-02 19:56:02,758 - ml3d.torch.models.randlanet_contrast - INFO -   Input: 3 -> Output: 1024
2025-11-02 19:56:02,761 - ml3d.torch.models.randlanet_contrast - INFO - Loading pretrained encoder from /home/fzhcis/mylab/data/semantic3d/open3d_randlanet/test_1027/randlanet_semantic3d_xyz_ckpt_2025-10-30_22-15-32_00400.pth
2025-11-02 19:56:02,877 - ml3d.torch.models.randlanet_contrast - INFO - Missing keys (expected for projection head): 44
2025-11-02 19:56:02,878 - ml3d.torch.models.randlanet_contrast - WARNING - Unexpected keys: ['encoder.0.mlp1.conv.weight', 'encoder.0.mlp1.conv.bias', 'encoder.0.mlp1.batch_norm.weight', 'encoder.0.mlp1.batch_norm.bias', 'encoder.0.mlp1.batch_norm.running_mean', 'encoder.0.mlp1.batch_norm.running_var', 'encoder.0.mlp1.batch_norm.num_batches_tracked', 'encoder.0.lse1.mlp.conv.weight', 'encoder.0.lse1.mlp.conv.bias', 'encoder.0.lse1.mlp.batch_norm.weight', 'encoder.0.lse1.mlp.batch_norm.bias', 'encoder.0.lse1.mlp.batch_norm.running_mean', 'encoder.0.lse1.mlp.batch_norm.running_var', 'encoder.0.lse1.mlp.batch_norm.num_batches_tracked', 'encoder.0.pool1.score_fn.0.weight', 'encoder.0.pool1.score_fn.0.bias', 'encoder.0.pool1.mlp.conv.weight', 'encoder.0.pool1.mlp.conv.bias', 'encoder.0.pool1.mlp.batch_norm.weight', 'encoder.0.pool1.mlp.batch_norm.bias', 'encoder.0.pool1.mlp.batch_norm.running_mean', 'encoder.0.pool1.mlp.batch_norm.running_var', 'encoder.0.pool1.mlp.batch_norm.num_batches_tracked', 'encoder.0.lse2.mlp.conv.weight', 'encoder.0.lse2.mlp.conv.bias', 'encoder.0.lse2.mlp.batch_norm.weight', 'encoder.0.lse2.mlp.batch_norm.bias', 'encoder.0.lse2.mlp.batch_norm.running_mean', 'encoder.0.lse2.mlp.batch_norm.running_var', 'encoder.0.lse2.mlp.batch_norm.num_batches_tracked', 'encoder.0.pool2.score_fn.0.weight', 'encoder.0.pool2.score_fn.0.bias', 'encoder.0.pool2.mlp.conv.weight', 'encoder.0.pool2.mlp.conv.bias', 'encoder.0.pool2.mlp.batch_norm.weight', 'encoder.0.pool2.mlp.batch_norm.bias', 'encoder.0.pool2.mlp.batch_norm.running_mean', 'encoder.0.pool2.mlp.batch_norm.running_var', 'encoder.0.pool2.mlp.batch_norm.num_batches_tracked', 'encoder.0.mlp2.conv.weight', 'encoder.0.mlp2.conv.bias', 'encoder.0.mlp2.batch_norm.weight', 'encoder.0.mlp2.batch_norm.bias', 'encoder.0.mlp2.batch_norm.running_mean', 'encoder.0.mlp2.batch_norm.running_var', 'encoder.0.mlp2.batch_norm.num_batches_tracked', 'encoder.0.shortcut.conv.weight', 'encoder.0.shortcut.conv.bias', 'encoder.0.shortcut.batch_norm.weight', 'encoder.0.shortcut.batch_norm.bias', 'encoder.0.shortcut.batch_norm.running_mean', 'encoder.0.shortcut.batch_norm.running_var', 'encoder.0.shortcut.batch_norm.num_batches_tracked', 'encoder.1.mlp1.conv.weight', 'encoder.1.mlp1.conv.bias', 'encoder.1.mlp1.batch_norm.weight', 'encoder.1.mlp1.batch_norm.bias', 'encoder.1.mlp1.batch_norm.running_mean', 'encoder.1.mlp1.batch_norm.running_var', 'encoder.1.mlp1.batch_norm.num_batches_tracked', 'encoder.1.lse1.mlp.conv.weight', 'encoder.1.lse1.mlp.conv.bias', 'encoder.1.lse1.mlp.batch_norm.weight', 'encoder.1.lse1.mlp.batch_norm.bias', 'encoder.1.lse1.mlp.batch_norm.running_mean', 'encoder.1.lse1.mlp.batch_norm.running_var', 'encoder.1.lse1.mlp.batch_norm.num_batches_tracked', 'encoder.1.pool1.score_fn.0.weight', 'encoder.1.pool1.score_fn.0.bias', 'encoder.1.pool1.mlp.conv.weight', 'encoder.1.pool1.mlp.conv.bias', 'encoder.1.pool1.mlp.batch_norm.weight', 'encoder.1.pool1.mlp.batch_norm.bias', 'encoder.1.pool1.mlp.batch_norm.running_mean', 'encoder.1.pool1.mlp.batch_norm.running_var', 'encoder.1.pool1.mlp.batch_norm.num_batches_tracked', 'encoder.1.lse2.mlp.conv.weight', 'encoder.1.lse2.mlp.conv.bias', 'encoder.1.lse2.mlp.batch_norm.weight', 'encoder.1.lse2.mlp.batch_norm.bias', 'encoder.1.lse2.mlp.batch_norm.running_mean', 'encoder.1.lse2.mlp.batch_norm.running_var', 'encoder.1.lse2.mlp.batch_norm.num_batches_tracked', 'encoder.1.pool2.score_fn.0.weight', 'encoder.1.pool2.score_fn.0.bias', 'encoder.1.pool2.mlp.conv.weight', 'encoder.1.pool2.mlp.conv.bias', 'encoder.1.pool2.mlp.batch_norm.weight', 'encoder.1.pool2.mlp.batch_norm.bias', 'encoder.1.pool2.mlp.batch_norm.running_mean', 'encoder.1.pool2.mlp.batch_norm.running_var', 'encoder.1.pool2.mlp.batch_norm.num_batches_tracked', 'encoder.1.mlp2.conv.weight', 'encoder.1.mlp2.conv.bias', 'encoder.1.mlp2.batch_norm.weight', 'encoder.1.mlp2.batch_norm.bias', 'encoder.1.mlp2.batch_norm.running_mean', 'encoder.1.mlp2.batch_norm.running_var', 'encoder.1.mlp2.batch_norm.num_batches_tracked', 'encoder.1.shortcut.conv.weight', 'encoder.1.shortcut.conv.bias', 'encoder.1.shortcut.batch_norm.weight', 'encoder.1.shortcut.batch_norm.bias', 'encoder.1.shortcut.batch_norm.running_mean', 'encoder.1.shortcut.batch_norm.running_var', 'encoder.1.shortcut.batch_norm.num_batches_tracked', 'encoder.2.mlp1.conv.weight', 'encoder.2.mlp1.conv.bias', 'encoder.2.mlp1.batch_norm.weight', 'encoder.2.mlp1.batch_norm.bias', 'encoder.2.mlp1.batch_norm.running_mean', 'encoder.2.mlp1.batch_norm.running_var', 'encoder.2.mlp1.batch_norm.num_batches_tracked', 'encoder.2.lse1.mlp.conv.weight', 'encoder.2.lse1.mlp.conv.bias', 'encoder.2.lse1.mlp.batch_norm.weight', 'encoder.2.lse1.mlp.batch_norm.bias', 'encoder.2.lse1.mlp.batch_norm.running_mean', 'encoder.2.lse1.mlp.batch_norm.running_var', 'encoder.2.lse1.mlp.batch_norm.num_batches_tracked', 'encoder.2.pool1.score_fn.0.weight', 'encoder.2.pool1.score_fn.0.bias', 'encoder.2.pool1.mlp.conv.weight', 'encoder.2.pool1.mlp.conv.bias', 'encoder.2.pool1.mlp.batch_norm.weight', 'encoder.2.pool1.mlp.batch_norm.bias', 'encoder.2.pool1.mlp.batch_norm.running_mean', 'encoder.2.pool1.mlp.batch_norm.running_var', 'encoder.2.pool1.mlp.batch_norm.num_batches_tracked', 'encoder.2.lse2.mlp.conv.weight', 'encoder.2.lse2.mlp.conv.bias', 'encoder.2.lse2.mlp.batch_norm.weight', 'encoder.2.lse2.mlp.batch_norm.bias', 'encoder.2.lse2.mlp.batch_norm.running_mean', 'encoder.2.lse2.mlp.batch_norm.running_var', 'encoder.2.lse2.mlp.batch_norm.num_batches_tracked', 'encoder.2.pool2.score_fn.0.weight', 'encoder.2.pool2.score_fn.0.bias', 'encoder.2.pool2.mlp.conv.weight', 'encoder.2.pool2.mlp.conv.bias', 'encoder.2.pool2.mlp.batch_norm.weight', 'encoder.2.pool2.mlp.batch_norm.bias', 'encoder.2.pool2.mlp.batch_norm.running_mean', 'encoder.2.pool2.mlp.batch_norm.running_var', 'encoder.2.pool2.mlp.batch_norm.num_batches_tracked', 'encoder.2.mlp2.conv.weight', 'encoder.2.mlp2.conv.bias', 'encoder.2.mlp2.batch_norm.weight', 'encoder.2.mlp2.batch_norm.bias', 'encoder.2.mlp2.batch_norm.running_mean', 'encoder.2.mlp2.batch_norm.running_var', 'encoder.2.mlp2.batch_norm.num_batches_tracked', 'encoder.2.shortcut.conv.weight', 'encoder.2.shortcut.conv.bias', 'encoder.2.shortcut.batch_norm.weight', 'encoder.2.shortcut.batch_norm.bias', 'encoder.2.shortcut.batch_norm.running_mean', 'encoder.2.shortcut.batch_norm.running_var', 'encoder.2.shortcut.batch_norm.num_batches_tracked', 'encoder.3.mlp1.conv.weight', 'encoder.3.mlp1.conv.bias', 'encoder.3.mlp1.batch_norm.weight', 'encoder.3.mlp1.batch_norm.bias', 'encoder.3.mlp1.batch_norm.running_mean', 'encoder.3.mlp1.batch_norm.running_var', 'encoder.3.mlp1.batch_norm.num_batches_tracked', 'encoder.3.lse1.mlp.conv.weight', 'encoder.3.lse1.mlp.conv.bias', 'encoder.3.lse1.mlp.batch_norm.weight', 'encoder.3.lse1.mlp.batch_norm.bias', 'encoder.3.lse1.mlp.batch_norm.running_mean', 'encoder.3.lse1.mlp.batch_norm.running_var', 'encoder.3.lse1.mlp.batch_norm.num_batches_tracked', 'encoder.3.pool1.score_fn.0.weight', 'encoder.3.pool1.score_fn.0.bias', 'encoder.3.pool1.mlp.conv.weight', 'encoder.3.pool1.mlp.conv.bias', 'encoder.3.pool1.mlp.batch_norm.weight', 'encoder.3.pool1.mlp.batch_norm.bias', 'encoder.3.pool1.mlp.batch_norm.running_mean', 'encoder.3.pool1.mlp.batch_norm.running_var', 'encoder.3.pool1.mlp.batch_norm.num_batches_tracked', 'encoder.3.lse2.mlp.conv.weight', 'encoder.3.lse2.mlp.conv.bias', 'encoder.3.lse2.mlp.batch_norm.weight', 'encoder.3.lse2.mlp.batch_norm.bias', 'encoder.3.lse2.mlp.batch_norm.running_mean', 'encoder.3.lse2.mlp.batch_norm.running_var', 'encoder.3.lse2.mlp.batch_norm.num_batches_tracked', 'encoder.3.pool2.score_fn.0.weight', 'encoder.3.pool2.score_fn.0.bias', 'encoder.3.pool2.mlp.conv.weight', 'encoder.3.pool2.mlp.conv.bias', 'encoder.3.pool2.mlp.batch_norm.weight', 'encoder.3.pool2.mlp.batch_norm.bias', 'encoder.3.pool2.mlp.batch_norm.running_mean', 'encoder.3.pool2.mlp.batch_norm.running_var', 'encoder.3.pool2.mlp.batch_norm.num_batches_tracked', 'encoder.3.mlp2.conv.weight', 'encoder.3.mlp2.conv.bias', 'encoder.3.mlp2.batch_norm.weight', 'encoder.3.mlp2.batch_norm.bias', 'encoder.3.mlp2.batch_norm.running_mean', 'encoder.3.mlp2.batch_norm.running_var', 'encoder.3.mlp2.batch_norm.num_batches_tracked', 'encoder.3.shortcut.conv.weight', 'encoder.3.shortcut.conv.bias', 'encoder.3.shortcut.batch_norm.weight', 'encoder.3.shortcut.batch_norm.bias', 'encoder.3.shortcut.batch_norm.running_mean', 'encoder.3.shortcut.batch_norm.running_var', 'encoder.3.shortcut.batch_norm.num_batches_tracked', 'encoder.4.mlp1.conv.weight', 'encoder.4.mlp1.conv.bias', 'encoder.4.mlp1.batch_norm.weight', 'encoder.4.mlp1.batch_norm.bias', 'encoder.4.mlp1.batch_norm.running_mean', 'encoder.4.mlp1.batch_norm.running_var', 'encoder.4.mlp1.batch_norm.num_batches_tracked', 'encoder.4.lse1.mlp.conv.weight', 'encoder.4.lse1.mlp.conv.bias', 'encoder.4.lse1.mlp.batch_norm.weight', 'encoder.4.lse1.mlp.batch_norm.bias', 'encoder.4.lse1.mlp.batch_norm.running_mean', 'encoder.4.lse1.mlp.batch_norm.running_var', 'encoder.4.lse1.mlp.batch_norm.num_batches_tracked', 'encoder.4.pool1.score_fn.0.weight', 'encoder.4.pool1.score_fn.0.bias', 'encoder.4.pool1.mlp.conv.weight', 'encoder.4.pool1.mlp.conv.bias', 'encoder.4.pool1.mlp.batch_norm.weight', 'encoder.4.pool1.mlp.batch_norm.bias', 'encoder.4.pool1.mlp.batch_norm.running_mean', 'encoder.4.pool1.mlp.batch_norm.running_var', 'encoder.4.pool1.mlp.batch_norm.num_batches_tracked', 'encoder.4.lse2.mlp.conv.weight', 'encoder.4.lse2.mlp.conv.bias', 'encoder.4.lse2.mlp.batch_norm.weight', 'encoder.4.lse2.mlp.batch_norm.bias', 'encoder.4.lse2.mlp.batch_norm.running_mean', 'encoder.4.lse2.mlp.batch_norm.running_var', 'encoder.4.lse2.mlp.batch_norm.num_batches_tracked', 'encoder.4.pool2.score_fn.0.weight', 'encoder.4.pool2.score_fn.0.bias', 'encoder.4.pool2.mlp.conv.weight', 'encoder.4.pool2.mlp.conv.bias', 'encoder.4.pool2.mlp.batch_norm.weight', 'encoder.4.pool2.mlp.batch_norm.bias', 'encoder.4.pool2.mlp.batch_norm.running_mean', 'encoder.4.pool2.mlp.batch_norm.running_var', 'encoder.4.pool2.mlp.batch_norm.num_batches_tracked', 'encoder.4.mlp2.conv.weight', 'encoder.4.mlp2.conv.bias', 'encoder.4.mlp2.batch_norm.weight', 'encoder.4.mlp2.batch_norm.bias', 'encoder.4.mlp2.batch_norm.running_mean', 'encoder.4.mlp2.batch_norm.running_var', 'encoder.4.mlp2.batch_norm.num_batches_tracked', 'encoder.4.shortcut.conv.weight', 'encoder.4.shortcut.conv.bias', 'encoder.4.shortcut.batch_norm.weight', 'encoder.4.shortcut.batch_norm.bias', 'encoder.4.shortcut.batch_norm.running_mean', 'encoder.4.shortcut.batch_norm.running_var', 'encoder.4.shortcut.batch_norm.num_batches_tracked', 'mlp.conv.weight', 'mlp.conv.bias', 'mlp.batch_norm.weight', 'mlp.batch_norm.bias', 'mlp.batch_norm.running_mean', 'mlp.batch_norm.running_var', 'mlp.batch_norm.num_batches_tracked']
2025-11-02 19:56:02,878 - ml3d.torch.models.randlanet_contrast - INFO - Successfully loaded 279 encoder parameters
2025-11-02 19:56:02,880 - ml3d.torch.models.randlanet_contrast - INFO - Encoder frozen (only training projection head)
2025-11-02 19:56:02,880 - ml3d.torch.models.randlanet_contrast - INFO - RandLANetContrast initialized:
2025-11-02 19:56:02,880 - ml3d.torch.models.randlanet_contrast - INFO -   Encoder output dim: 1024
2025-11-02 19:56:02,880 - ml3d.torch.models.randlanet_contrast - INFO -   Projection output dim: 128
2025-11-02 19:56:02,880 - ml3d.torch.models.randlanet_contrast - INFO -   Freeze encoder epochs: 5
2025-11-02 19:56:02,941 - __main__ - INFO - Model initialized and moved to cuda
2025-11-02 19:56:02,941 - __main__ - INFO - Initializing ContrastiveLearning pipeline...
2025-11-02 19:56:03,208 - ml3d.torch.models.randlanet_contrast - INFO - Optimizer created: encoder_lr=1.00e-04, projection_lr=1.00e-03
2025-11-02 19:56:03,208 - ml3d.torch.pipelines.contrastive_learning - INFO - ContrastiveLearning pipeline initialized:
2025-11-02 19:56:03,208 - ml3d.torch.pipelines.contrastive_learning - INFO -   Temperature: 0.07
2025-11-02 19:56:03,208 - ml3d.torch.pipelines.contrastive_learning - INFO -   Freeze encoder epochs: 5
2025-11-02 19:56:03,208 - ml3d.torch.pipelines.contrastive_learning - INFO -   Base LR: 0.001
2025-11-02 19:56:03,208 - ml3d.torch.pipelines.contrastive_learning - INFO -   Max epochs: 100
2025-11-02 19:56:03,208 - __main__ - INFO - Pipeline initialized successfully
2025-11-02 19:56:03,208 - __main__ - INFO - 
================================================================================
2025-11-02 19:56:03,208 - __main__ - INFO - STARTING TRAINING
2025-11-02 19:56:03,208 - __main__ - INFO - ================================================================================

2025-11-02 19:56:03,208 - ml3d.torch.pipelines.contrastive_learning - INFO - ==================================================
2025-11-02 19:56:03,208 - ml3d.torch.pipelines.contrastive_learning - INFO - Starting contrastive learning training
2025-11-02 19:56:03,208 - ml3d.torch.pipelines.contrastive_learning - INFO - ==================================================
2025-11-02 19:56:03,208 - ml3d.datasets.harvardforest3d - INFO - Found 56 LAS files for train
2025-11-02 19:56:03,208 - ml3d.datasets.harvardforest3d_contrastive - INFO - Contrastive split 'train' ready with 56 samples
2025-11-02 19:56:03,208 - ml3d.datasets.harvardforest3d - INFO - Found 6 LAS files for val
2025-11-02 19:56:03,208 - ml3d.datasets.harvardforest3d_contrastive - INFO - Contrastive split 'val' ready with 6 samples
2025-11-02 19:56:03,209 - ml3d.torch.pipelines.contrastive_learning - INFO - Train batches: 7, Val batches: 1
2025-11-02 19:56:05,990 - ml3d.torch.pipelines.contrastive_learning - INFO - Epoch 1/100 | Train Loss: 1.3758 | Train Acc: 0.5000 | Val Loss: 1.7918 | Val Acc: 0.1667 | LR: 9.90e-05
2025-11-02 19:56:06,001 - ml3d.torch.pipelines.contrastive_learning - INFO - Checkpoint saved: logs/checkpoint/ckpt_best.pth
2025-11-02 19:56:06,001 - ml3d.torch.pipelines.contrastive_learning - INFO -   *** New best validation loss: 1.7918 ***
2025-11-02 19:56:08,456 - ml3d.torch.pipelines.contrastive_learning - INFO - Epoch 2/100 | Train Loss: 1.3357 | Train Acc: 0.5357 | Val Loss: 1.7918 | Val Acc: 0.3333 | LR: 9.80e-05
2025-11-02 19:56:08,479 - ml3d.torch.pipelines.contrastive_learning - INFO - Checkpoint saved: logs/checkpoint/ckpt_best.pth
2025-11-02 19:56:08,479 - ml3d.torch.pipelines.contrastive_learning - INFO -   *** New best validation loss: 1.7918 ***
2025-11-02 19:56:10,984 - ml3d.torch.pipelines.contrastive_learning - INFO - Epoch 3/100 | Train Loss: 0.8532 | Train Acc: 0.6607 | Val Loss: 1.7917 | Val Acc: 0.3333 | LR: 9.70e-05
2025-11-02 19:56:11,006 - ml3d.torch.pipelines.contrastive_learning - INFO - Checkpoint saved: logs/checkpoint/ckpt_best.pth
2025-11-02 19:56:11,006 - ml3d.torch.pipelines.contrastive_learning - INFO -   *** New best validation loss: 1.7917 ***
2025-11-02 19:56:13,473 - ml3d.torch.pipelines.contrastive_learning - INFO - Epoch 4/100 | Train Loss: 0.7399 | Train Acc: 0.7143 | Val Loss: 1.7918 | Val Acc: 0.1667 | LR: 9.61e-05
2025-11-02 19:56:23,042 - __main__ - INFO - Random seed set to 42
2025-11-02 19:56:23,045 - __main__ - INFO - Loaded config from ml3d/configs/randlanet_harvardforest_contrast.yml
2025-11-02 19:56:23,045 - __main__ - INFO - ================================================================================
2025-11-02 19:56:23,045 - __main__ - INFO - POINTCONTRAST-STYLE CONTRASTIVE LEARNING ON HARVARDFOREST3D
2025-11-02 19:56:23,045 - __main__ - INFO - ================================================================================
2025-11-02 19:56:23,045 - __main__ - INFO - Config: ml3d/configs/randlanet_harvardforest_contrast.yml
2025-11-02 19:56:23,045 - __main__ - INFO - Device: cuda
2025-11-02 19:56:23,045 - __main__ - INFO - Model: RandLANetContrast
2025-11-02 19:56:23,045 - __main__ - INFO - ================================================================================
2025-11-02 19:56:23,046 - __main__ - INFO - Initializing HarvardForest3DContrastive dataset...
2025-11-02 19:56:23,046 - __main__ - INFO - Found 62 .las files in /home/fzhcis/mylab/data/HarvardForest
2025-11-02 19:56:23,046 - ml3d.datasets.harvardforest3d - INFO - Found 62 .las files in /home/fzhcis/mylab/data/HarvardForest
2025-11-02 19:56:23,046 - ml3d.datasets.harvardforest3d - INFO - Loaded existing train/val/test split from manifest.
2025-11-02 19:56:23,046 - ml3d.datasets.harvardforest3d - INFO - HarvardForest3D: train=56 val=6 test=0
2025-11-02 19:56:23,046 - ml3d.datasets.harvardforest3d_contrastive - INFO - HarvardForest3DContrastive initialized for contrastive learning
2025-11-02 19:56:23,046 - ml3d.datasets.harvardforest3d_contrastive - INFO -   Augmentation: rotation=±360°, scale=[0.8,1.2], jitter=0.01, dropout=0.2
2025-11-02 19:56:23,046 - __main__ - INFO - Dataset initialized successfully
2025-11-02 19:56:23,046 - __main__ - INFO - Initializing model: RandLANetContrast
2025-11-02 19:56:23,051 - ml3d.torch.models.randlanet_contrast - INFO - Built simplified encoder with PointNet-style 1x1 convolutions
2025-11-02 19:56:23,051 - ml3d.torch.models.randlanet_contrast - INFO -   Input: 3 -> Output: 1024
2025-11-02 19:56:23,054 - ml3d.torch.models.randlanet_contrast - INFO - Loading pretrained encoder from /home/fzhcis/mylab/data/semantic3d/open3d_randlanet/test_1027/randlanet_semantic3d_xyz_ckpt_2025-10-30_22-15-32_00400.pth
2025-11-02 19:56:23,175 - ml3d.torch.models.randlanet_contrast - INFO - Missing keys (expected for projection head): 44
2025-11-02 19:56:23,175 - ml3d.torch.models.randlanet_contrast - WARNING - Unexpected keys: ['encoder.0.mlp1.conv.weight', 'encoder.0.mlp1.conv.bias', 'encoder.0.mlp1.batch_norm.weight', 'encoder.0.mlp1.batch_norm.bias', 'encoder.0.mlp1.batch_norm.running_mean', 'encoder.0.mlp1.batch_norm.running_var', 'encoder.0.mlp1.batch_norm.num_batches_tracked', 'encoder.0.lse1.mlp.conv.weight', 'encoder.0.lse1.mlp.conv.bias', 'encoder.0.lse1.mlp.batch_norm.weight', 'encoder.0.lse1.mlp.batch_norm.bias', 'encoder.0.lse1.mlp.batch_norm.running_mean', 'encoder.0.lse1.mlp.batch_norm.running_var', 'encoder.0.lse1.mlp.batch_norm.num_batches_tracked', 'encoder.0.pool1.score_fn.0.weight', 'encoder.0.pool1.score_fn.0.bias', 'encoder.0.pool1.mlp.conv.weight', 'encoder.0.pool1.mlp.conv.bias', 'encoder.0.pool1.mlp.batch_norm.weight', 'encoder.0.pool1.mlp.batch_norm.bias', 'encoder.0.pool1.mlp.batch_norm.running_mean', 'encoder.0.pool1.mlp.batch_norm.running_var', 'encoder.0.pool1.mlp.batch_norm.num_batches_tracked', 'encoder.0.lse2.mlp.conv.weight', 'encoder.0.lse2.mlp.conv.bias', 'encoder.0.lse2.mlp.batch_norm.weight', 'encoder.0.lse2.mlp.batch_norm.bias', 'encoder.0.lse2.mlp.batch_norm.running_mean', 'encoder.0.lse2.mlp.batch_norm.running_var', 'encoder.0.lse2.mlp.batch_norm.num_batches_tracked', 'encoder.0.pool2.score_fn.0.weight', 'encoder.0.pool2.score_fn.0.bias', 'encoder.0.pool2.mlp.conv.weight', 'encoder.0.pool2.mlp.conv.bias', 'encoder.0.pool2.mlp.batch_norm.weight', 'encoder.0.pool2.mlp.batch_norm.bias', 'encoder.0.pool2.mlp.batch_norm.running_mean', 'encoder.0.pool2.mlp.batch_norm.running_var', 'encoder.0.pool2.mlp.batch_norm.num_batches_tracked', 'encoder.0.mlp2.conv.weight', 'encoder.0.mlp2.conv.bias', 'encoder.0.mlp2.batch_norm.weight', 'encoder.0.mlp2.batch_norm.bias', 'encoder.0.mlp2.batch_norm.running_mean', 'encoder.0.mlp2.batch_norm.running_var', 'encoder.0.mlp2.batch_norm.num_batches_tracked', 'encoder.0.shortcut.conv.weight', 'encoder.0.shortcut.conv.bias', 'encoder.0.shortcut.batch_norm.weight', 'encoder.0.shortcut.batch_norm.bias', 'encoder.0.shortcut.batch_norm.running_mean', 'encoder.0.shortcut.batch_norm.running_var', 'encoder.0.shortcut.batch_norm.num_batches_tracked', 'encoder.1.mlp1.conv.weight', 'encoder.1.mlp1.conv.bias', 'encoder.1.mlp1.batch_norm.weight', 'encoder.1.mlp1.batch_norm.bias', 'encoder.1.mlp1.batch_norm.running_mean', 'encoder.1.mlp1.batch_norm.running_var', 'encoder.1.mlp1.batch_norm.num_batches_tracked', 'encoder.1.lse1.mlp.conv.weight', 'encoder.1.lse1.mlp.conv.bias', 'encoder.1.lse1.mlp.batch_norm.weight', 'encoder.1.lse1.mlp.batch_norm.bias', 'encoder.1.lse1.mlp.batch_norm.running_mean', 'encoder.1.lse1.mlp.batch_norm.running_var', 'encoder.1.lse1.mlp.batch_norm.num_batches_tracked', 'encoder.1.pool1.score_fn.0.weight', 'encoder.1.pool1.score_fn.0.bias', 'encoder.1.pool1.mlp.conv.weight', 'encoder.1.pool1.mlp.conv.bias', 'encoder.1.pool1.mlp.batch_norm.weight', 'encoder.1.pool1.mlp.batch_norm.bias', 'encoder.1.pool1.mlp.batch_norm.running_mean', 'encoder.1.pool1.mlp.batch_norm.running_var', 'encoder.1.pool1.mlp.batch_norm.num_batches_tracked', 'encoder.1.lse2.mlp.conv.weight', 'encoder.1.lse2.mlp.conv.bias', 'encoder.1.lse2.mlp.batch_norm.weight', 'encoder.1.lse2.mlp.batch_norm.bias', 'encoder.1.lse2.mlp.batch_norm.running_mean', 'encoder.1.lse2.mlp.batch_norm.running_var', 'encoder.1.lse2.mlp.batch_norm.num_batches_tracked', 'encoder.1.pool2.score_fn.0.weight', 'encoder.1.pool2.score_fn.0.bias', 'encoder.1.pool2.mlp.conv.weight', 'encoder.1.pool2.mlp.conv.bias', 'encoder.1.pool2.mlp.batch_norm.weight', 'encoder.1.pool2.mlp.batch_norm.bias', 'encoder.1.pool2.mlp.batch_norm.running_mean', 'encoder.1.pool2.mlp.batch_norm.running_var', 'encoder.1.pool2.mlp.batch_norm.num_batches_tracked', 'encoder.1.mlp2.conv.weight', 'encoder.1.mlp2.conv.bias', 'encoder.1.mlp2.batch_norm.weight', 'encoder.1.mlp2.batch_norm.bias', 'encoder.1.mlp2.batch_norm.running_mean', 'encoder.1.mlp2.batch_norm.running_var', 'encoder.1.mlp2.batch_norm.num_batches_tracked', 'encoder.1.shortcut.conv.weight', 'encoder.1.shortcut.conv.bias', 'encoder.1.shortcut.batch_norm.weight', 'encoder.1.shortcut.batch_norm.bias', 'encoder.1.shortcut.batch_norm.running_mean', 'encoder.1.shortcut.batch_norm.running_var', 'encoder.1.shortcut.batch_norm.num_batches_tracked', 'encoder.2.mlp1.conv.weight', 'encoder.2.mlp1.conv.bias', 'encoder.2.mlp1.batch_norm.weight', 'encoder.2.mlp1.batch_norm.bias', 'encoder.2.mlp1.batch_norm.running_mean', 'encoder.2.mlp1.batch_norm.running_var', 'encoder.2.mlp1.batch_norm.num_batches_tracked', 'encoder.2.lse1.mlp.conv.weight', 'encoder.2.lse1.mlp.conv.bias', 'encoder.2.lse1.mlp.batch_norm.weight', 'encoder.2.lse1.mlp.batch_norm.bias', 'encoder.2.lse1.mlp.batch_norm.running_mean', 'encoder.2.lse1.mlp.batch_norm.running_var', 'encoder.2.lse1.mlp.batch_norm.num_batches_tracked', 'encoder.2.pool1.score_fn.0.weight', 'encoder.2.pool1.score_fn.0.bias', 'encoder.2.pool1.mlp.conv.weight', 'encoder.2.pool1.mlp.conv.bias', 'encoder.2.pool1.mlp.batch_norm.weight', 'encoder.2.pool1.mlp.batch_norm.bias', 'encoder.2.pool1.mlp.batch_norm.running_mean', 'encoder.2.pool1.mlp.batch_norm.running_var', 'encoder.2.pool1.mlp.batch_norm.num_batches_tracked', 'encoder.2.lse2.mlp.conv.weight', 'encoder.2.lse2.mlp.conv.bias', 'encoder.2.lse2.mlp.batch_norm.weight', 'encoder.2.lse2.mlp.batch_norm.bias', 'encoder.2.lse2.mlp.batch_norm.running_mean', 'encoder.2.lse2.mlp.batch_norm.running_var', 'encoder.2.lse2.mlp.batch_norm.num_batches_tracked', 'encoder.2.pool2.score_fn.0.weight', 'encoder.2.pool2.score_fn.0.bias', 'encoder.2.pool2.mlp.conv.weight', 'encoder.2.pool2.mlp.conv.bias', 'encoder.2.pool2.mlp.batch_norm.weight', 'encoder.2.pool2.mlp.batch_norm.bias', 'encoder.2.pool2.mlp.batch_norm.running_mean', 'encoder.2.pool2.mlp.batch_norm.running_var', 'encoder.2.pool2.mlp.batch_norm.num_batches_tracked', 'encoder.2.mlp2.conv.weight', 'encoder.2.mlp2.conv.bias', 'encoder.2.mlp2.batch_norm.weight', 'encoder.2.mlp2.batch_norm.bias', 'encoder.2.mlp2.batch_norm.running_mean', 'encoder.2.mlp2.batch_norm.running_var', 'encoder.2.mlp2.batch_norm.num_batches_tracked', 'encoder.2.shortcut.conv.weight', 'encoder.2.shortcut.conv.bias', 'encoder.2.shortcut.batch_norm.weight', 'encoder.2.shortcut.batch_norm.bias', 'encoder.2.shortcut.batch_norm.running_mean', 'encoder.2.shortcut.batch_norm.running_var', 'encoder.2.shortcut.batch_norm.num_batches_tracked', 'encoder.3.mlp1.conv.weight', 'encoder.3.mlp1.conv.bias', 'encoder.3.mlp1.batch_norm.weight', 'encoder.3.mlp1.batch_norm.bias', 'encoder.3.mlp1.batch_norm.running_mean', 'encoder.3.mlp1.batch_norm.running_var', 'encoder.3.mlp1.batch_norm.num_batches_tracked', 'encoder.3.lse1.mlp.conv.weight', 'encoder.3.lse1.mlp.conv.bias', 'encoder.3.lse1.mlp.batch_norm.weight', 'encoder.3.lse1.mlp.batch_norm.bias', 'encoder.3.lse1.mlp.batch_norm.running_mean', 'encoder.3.lse1.mlp.batch_norm.running_var', 'encoder.3.lse1.mlp.batch_norm.num_batches_tracked', 'encoder.3.pool1.score_fn.0.weight', 'encoder.3.pool1.score_fn.0.bias', 'encoder.3.pool1.mlp.conv.weight', 'encoder.3.pool1.mlp.conv.bias', 'encoder.3.pool1.mlp.batch_norm.weight', 'encoder.3.pool1.mlp.batch_norm.bias', 'encoder.3.pool1.mlp.batch_norm.running_mean', 'encoder.3.pool1.mlp.batch_norm.running_var', 'encoder.3.pool1.mlp.batch_norm.num_batches_tracked', 'encoder.3.lse2.mlp.conv.weight', 'encoder.3.lse2.mlp.conv.bias', 'encoder.3.lse2.mlp.batch_norm.weight', 'encoder.3.lse2.mlp.batch_norm.bias', 'encoder.3.lse2.mlp.batch_norm.running_mean', 'encoder.3.lse2.mlp.batch_norm.running_var', 'encoder.3.lse2.mlp.batch_norm.num_batches_tracked', 'encoder.3.pool2.score_fn.0.weight', 'encoder.3.pool2.score_fn.0.bias', 'encoder.3.pool2.mlp.conv.weight', 'encoder.3.pool2.mlp.conv.bias', 'encoder.3.pool2.mlp.batch_norm.weight', 'encoder.3.pool2.mlp.batch_norm.bias', 'encoder.3.pool2.mlp.batch_norm.running_mean', 'encoder.3.pool2.mlp.batch_norm.running_var', 'encoder.3.pool2.mlp.batch_norm.num_batches_tracked', 'encoder.3.mlp2.conv.weight', 'encoder.3.mlp2.conv.bias', 'encoder.3.mlp2.batch_norm.weight', 'encoder.3.mlp2.batch_norm.bias', 'encoder.3.mlp2.batch_norm.running_mean', 'encoder.3.mlp2.batch_norm.running_var', 'encoder.3.mlp2.batch_norm.num_batches_tracked', 'encoder.3.shortcut.conv.weight', 'encoder.3.shortcut.conv.bias', 'encoder.3.shortcut.batch_norm.weight', 'encoder.3.shortcut.batch_norm.bias', 'encoder.3.shortcut.batch_norm.running_mean', 'encoder.3.shortcut.batch_norm.running_var', 'encoder.3.shortcut.batch_norm.num_batches_tracked', 'encoder.4.mlp1.conv.weight', 'encoder.4.mlp1.conv.bias', 'encoder.4.mlp1.batch_norm.weight', 'encoder.4.mlp1.batch_norm.bias', 'encoder.4.mlp1.batch_norm.running_mean', 'encoder.4.mlp1.batch_norm.running_var', 'encoder.4.mlp1.batch_norm.num_batches_tracked', 'encoder.4.lse1.mlp.conv.weight', 'encoder.4.lse1.mlp.conv.bias', 'encoder.4.lse1.mlp.batch_norm.weight', 'encoder.4.lse1.mlp.batch_norm.bias', 'encoder.4.lse1.mlp.batch_norm.running_mean', 'encoder.4.lse1.mlp.batch_norm.running_var', 'encoder.4.lse1.mlp.batch_norm.num_batches_tracked', 'encoder.4.pool1.score_fn.0.weight', 'encoder.4.pool1.score_fn.0.bias', 'encoder.4.pool1.mlp.conv.weight', 'encoder.4.pool1.mlp.conv.bias', 'encoder.4.pool1.mlp.batch_norm.weight', 'encoder.4.pool1.mlp.batch_norm.bias', 'encoder.4.pool1.mlp.batch_norm.running_mean', 'encoder.4.pool1.mlp.batch_norm.running_var', 'encoder.4.pool1.mlp.batch_norm.num_batches_tracked', 'encoder.4.lse2.mlp.conv.weight', 'encoder.4.lse2.mlp.conv.bias', 'encoder.4.lse2.mlp.batch_norm.weight', 'encoder.4.lse2.mlp.batch_norm.bias', 'encoder.4.lse2.mlp.batch_norm.running_mean', 'encoder.4.lse2.mlp.batch_norm.running_var', 'encoder.4.lse2.mlp.batch_norm.num_batches_tracked', 'encoder.4.pool2.score_fn.0.weight', 'encoder.4.pool2.score_fn.0.bias', 'encoder.4.pool2.mlp.conv.weight', 'encoder.4.pool2.mlp.conv.bias', 'encoder.4.pool2.mlp.batch_norm.weight', 'encoder.4.pool2.mlp.batch_norm.bias', 'encoder.4.pool2.mlp.batch_norm.running_mean', 'encoder.4.pool2.mlp.batch_norm.running_var', 'encoder.4.pool2.mlp.batch_norm.num_batches_tracked', 'encoder.4.mlp2.conv.weight', 'encoder.4.mlp2.conv.bias', 'encoder.4.mlp2.batch_norm.weight', 'encoder.4.mlp2.batch_norm.bias', 'encoder.4.mlp2.batch_norm.running_mean', 'encoder.4.mlp2.batch_norm.running_var', 'encoder.4.mlp2.batch_norm.num_batches_tracked', 'encoder.4.shortcut.conv.weight', 'encoder.4.shortcut.conv.bias', 'encoder.4.shortcut.batch_norm.weight', 'encoder.4.shortcut.batch_norm.bias', 'encoder.4.shortcut.batch_norm.running_mean', 'encoder.4.shortcut.batch_norm.running_var', 'encoder.4.shortcut.batch_norm.num_batches_tracked', 'mlp.conv.weight', 'mlp.conv.bias', 'mlp.batch_norm.weight', 'mlp.batch_norm.bias', 'mlp.batch_norm.running_mean', 'mlp.batch_norm.running_var', 'mlp.batch_norm.num_batches_tracked']
2025-11-02 19:56:23,175 - ml3d.torch.models.randlanet_contrast - INFO - Successfully loaded 279 encoder parameters
2025-11-02 19:56:23,177 - ml3d.torch.models.randlanet_contrast - INFO - Encoder frozen (only training projection head)
2025-11-02 19:56:23,177 - ml3d.torch.models.randlanet_contrast - INFO - RandLANetContrast initialized:
2025-11-02 19:56:23,177 - ml3d.torch.models.randlanet_contrast - INFO -   Encoder output dim: 1024
2025-11-02 19:56:23,177 - ml3d.torch.models.randlanet_contrast - INFO -   Projection output dim: 128
2025-11-02 19:56:23,177 - ml3d.torch.models.randlanet_contrast - INFO -   Freeze encoder epochs: 5
2025-11-02 19:56:23,233 - __main__ - INFO - Model initialized and moved to cuda
2025-11-02 19:56:23,233 - __main__ - INFO - Initializing ContrastiveLearning pipeline...
2025-11-02 19:56:23,498 - ml3d.torch.models.randlanet_contrast - INFO - Optimizer created: encoder_lr=1.00e-04, projection_lr=1.00e-03
2025-11-02 19:56:23,498 - ml3d.torch.pipelines.contrastive_learning - INFO - ContrastiveLearning pipeline initialized:
2025-11-02 19:56:23,498 - ml3d.torch.pipelines.contrastive_learning - INFO -   Temperature: 0.07
2025-11-02 19:56:23,498 - ml3d.torch.pipelines.contrastive_learning - INFO -   Freeze encoder epochs: 5
2025-11-02 19:56:23,498 - ml3d.torch.pipelines.contrastive_learning - INFO -   Base LR: 0.001
2025-11-02 19:56:23,498 - ml3d.torch.pipelines.contrastive_learning - INFO -   Max epochs: 100
2025-11-02 19:56:23,498 - __main__ - INFO - Pipeline initialized successfully
2025-11-02 19:56:23,498 - __main__ - INFO - 
================================================================================
2025-11-02 19:56:23,498 - __main__ - INFO - STARTING TRAINING
2025-11-02 19:56:23,498 - __main__ - INFO - ================================================================================

2025-11-02 19:56:23,498 - ml3d.torch.pipelines.contrastive_learning - INFO - ==================================================
2025-11-02 19:56:23,498 - ml3d.torch.pipelines.contrastive_learning - INFO - Starting contrastive learning training
2025-11-02 19:56:23,498 - ml3d.torch.pipelines.contrastive_learning - INFO - ==================================================
2025-11-02 19:56:23,498 - ml3d.datasets.harvardforest3d - INFO - Found 56 LAS files for train
2025-11-02 19:56:23,498 - ml3d.datasets.harvardforest3d_contrastive - INFO - Contrastive split 'train' ready with 56 samples
2025-11-02 19:56:23,498 - ml3d.datasets.harvardforest3d - INFO - Found 6 LAS files for val
2025-11-02 19:56:23,498 - ml3d.datasets.harvardforest3d_contrastive - INFO - Contrastive split 'val' ready with 6 samples
2025-11-02 19:56:23,498 - ml3d.torch.pipelines.contrastive_learning - INFO - Train batches: 7, Val batches: 1
2025-11-02 19:56:26,231 - ml3d.torch.pipelines.contrastive_learning - INFO - Epoch 1/100 | Train Loss: 1.3758 | Train Acc: 0.5000 | Val Loss: 1.7918 | Val Acc: 0.1667 | LR: 9.90e-05
2025-11-02 19:56:26,254 - ml3d.torch.pipelines.contrastive_learning - INFO - Checkpoint saved: logs/checkpoint/ckpt_best.pth
2025-11-02 19:56:26,254 - ml3d.torch.pipelines.contrastive_learning - INFO -   *** New best validation loss: 1.7918 ***
2025-11-02 19:56:28,671 - ml3d.torch.pipelines.contrastive_learning - INFO - Epoch 2/100 | Train Loss: 1.3357 | Train Acc: 0.5357 | Val Loss: 1.7918 | Val Acc: 0.3333 | LR: 9.80e-05
2025-11-02 19:56:28,693 - ml3d.torch.pipelines.contrastive_learning - INFO - Checkpoint saved: logs/checkpoint/ckpt_best.pth
2025-11-02 19:56:28,693 - ml3d.torch.pipelines.contrastive_learning - INFO -   *** New best validation loss: 1.7918 ***
2025-11-02 19:56:31,149 - ml3d.torch.pipelines.contrastive_learning - INFO - Epoch 3/100 | Train Loss: 0.8532 | Train Acc: 0.6607 | Val Loss: 1.7917 | Val Acc: 0.3333 | LR: 9.70e-05
2025-11-02 19:56:31,171 - ml3d.torch.pipelines.contrastive_learning - INFO - Checkpoint saved: logs/checkpoint/ckpt_best.pth
2025-11-02 19:56:31,172 - ml3d.torch.pipelines.contrastive_learning - INFO -   *** New best validation loss: 1.7917 ***
2025-11-02 19:56:33,557 - ml3d.torch.pipelines.contrastive_learning - INFO - Epoch 4/100 | Train Loss: 0.7399 | Train Acc: 0.7143 | Val Loss: 1.7918 | Val Acc: 0.1667 | LR: 9.61e-05
2025-11-02 19:56:35,989 - ml3d.torch.pipelines.contrastive_learning - INFO - Epoch 5/100 | Train Loss: 0.7639 | Train Acc: 0.6607 | Val Loss: 1.7918 | Val Acc: 0.5000 | LR: 9.51e-05
2025-11-02 19:56:35,989 - ml3d.torch.models.randlanet_contrast - INFO - Encoder unfrozen (training full model)
2025-11-02 19:56:35,989 - ml3d.torch.models.randlanet_contrast - INFO - Optimizer created: encoder_lr=1.00e-04, projection_lr=1.00e-03
2025-11-02 19:56:38,949 - ml3d.torch.pipelines.contrastive_learning - INFO - Epoch 6/100 | Train Loss: 0.6743 | Train Acc: 0.7321 | Val Loss: 1.7918 | Val Acc: 0.1667 | LR: 9.90e-05
2025-11-02 19:56:41,954 - ml3d.torch.pipelines.contrastive_learning - INFO - Epoch 7/100 | Train Loss: 0.7597 | Train Acc: 0.7321 | Val Loss: 1.7917 | Val Acc: 0.5000 | LR: 9.80e-05
2025-11-02 19:56:41,982 - ml3d.torch.pipelines.contrastive_learning - INFO - Checkpoint saved: logs/checkpoint/ckpt_best.pth
2025-11-02 19:56:41,983 - ml3d.torch.pipelines.contrastive_learning - INFO -   *** New best validation loss: 1.7917 ***
2025-11-02 19:56:44,981 - ml3d.torch.pipelines.contrastive_learning - INFO - Epoch 8/100 | Train Loss: 0.3960 | Train Acc: 0.8571 | Val Loss: 1.7917 | Val Acc: 0.1667 | LR: 9.70e-05
2025-11-02 19:56:47,967 - ml3d.torch.pipelines.contrastive_learning - INFO - Epoch 9/100 | Train Loss: 0.7076 | Train Acc: 0.7321 | Val Loss: 1.7917 | Val Acc: 0.1667 | LR: 9.61e-05
2025-11-02 19:56:47,989 - ml3d.torch.pipelines.contrastive_learning - INFO - Checkpoint saved: logs/checkpoint/ckpt_best.pth
2025-11-02 19:56:47,990 - ml3d.torch.pipelines.contrastive_learning - INFO -   *** New best validation loss: 1.7917 ***
2025-11-02 19:56:50,849 - ml3d.torch.pipelines.contrastive_learning - INFO - Epoch 10/100 | Train Loss: 0.4077 | Train Acc: 0.8750 | Val Loss: 1.7917 | Val Acc: 0.3333 | LR: 9.51e-05
2025-11-02 19:56:50,865 - ml3d.torch.pipelines.contrastive_learning - INFO - Checkpoint saved: logs/checkpoint/ckpt_epoch_010.pth
2025-11-02 19:56:53,998 - ml3d.torch.pipelines.contrastive_learning - INFO - Epoch 11/100 | Train Loss: 0.3965 | Train Acc: 0.7679 | Val Loss: 1.7916 | Val Acc: 0.3333 | LR: 9.41e-05
2025-11-02 19:56:54,022 - ml3d.torch.pipelines.contrastive_learning - INFO - Checkpoint saved: logs/checkpoint/ckpt_best.pth
2025-11-02 19:56:54,022 - ml3d.torch.pipelines.contrastive_learning - INFO -   *** New best validation loss: 1.7916 ***
2025-11-02 19:56:56,912 - ml3d.torch.pipelines.contrastive_learning - INFO - Epoch 12/100 | Train Loss: 0.2094 | Train Acc: 0.9821 | Val Loss: 1.7917 | Val Acc: 0.6667 | LR: 9.32e-05
2025-11-02 19:56:59,807 - ml3d.torch.pipelines.contrastive_learning - INFO - Epoch 13/100 | Train Loss: 0.1922 | Train Acc: 0.9107 | Val Loss: 1.7917 | Val Acc: 0.3333 | LR: 9.23e-05
2025-11-02 19:57:02,748 - ml3d.torch.pipelines.contrastive_learning - INFO - Epoch 14/100 | Train Loss: 0.2053 | Train Acc: 0.9286 | Val Loss: 1.7917 | Val Acc: 0.6667 | LR: 9.14e-05
2025-11-02 19:57:05,631 - ml3d.torch.pipelines.contrastive_learning - INFO - Epoch 15/100 | Train Loss: 0.1887 | Train Acc: 0.9286 | Val Loss: 1.7916 | Val Acc: 0.1667 | LR: 9.04e-05
2025-11-02 19:57:08,608 - ml3d.torch.pipelines.contrastive_learning - INFO - Epoch 16/100 | Train Loss: 0.1409 | Train Acc: 0.9107 | Val Loss: 1.7916 | Val Acc: 0.8333 | LR: 8.95e-05
2025-11-02 19:57:11,468 - ml3d.torch.pipelines.contrastive_learning - INFO - Epoch 17/100 | Train Loss: 0.1458 | Train Acc: 0.9464 | Val Loss: 1.7916 | Val Acc: 0.8333 | LR: 8.86e-05
2025-11-02 19:57:11,498 - ml3d.torch.pipelines.contrastive_learning - INFO - Checkpoint saved: logs/checkpoint/ckpt_best.pth
2025-11-02 19:57:11,498 - ml3d.torch.pipelines.contrastive_learning - INFO -   *** New best validation loss: 1.7916 ***
2025-11-02 19:57:14,321 - ml3d.torch.pipelines.contrastive_learning - INFO - Epoch 18/100 | Train Loss: 0.1703 | Train Acc: 0.9643 | Val Loss: 1.7914 | Val Acc: 0.8333 | LR: 8.78e-05
2025-11-02 19:57:14,350 - ml3d.torch.pipelines.contrastive_learning - INFO - Checkpoint saved: logs/checkpoint/ckpt_best.pth
2025-11-02 19:57:14,350 - ml3d.torch.pipelines.contrastive_learning - INFO -   *** New best validation loss: 1.7914 ***
2025-11-02 19:57:17,384 - ml3d.torch.pipelines.contrastive_learning - INFO - Epoch 19/100 | Train Loss: 0.1128 | Train Acc: 0.9643 | Val Loss: 1.7915 | Val Acc: 0.3333 | LR: 8.69e-05
2025-11-02 19:57:20,319 - ml3d.torch.pipelines.contrastive_learning - INFO - Epoch 20/100 | Train Loss: 0.1519 | Train Acc: 0.9643 | Val Loss: 1.7914 | Val Acc: 0.3333 | LR: 8.60e-05
2025-11-02 19:57:20,334 - ml3d.torch.pipelines.contrastive_learning - INFO - Checkpoint saved: logs/checkpoint/ckpt_epoch_020.pth
2025-11-02 19:57:20,363 - ml3d.torch.pipelines.contrastive_learning - INFO - Checkpoint saved: logs/checkpoint/ckpt_best.pth
2025-11-02 19:57:20,363 - ml3d.torch.pipelines.contrastive_learning - INFO -   *** New best validation loss: 1.7914 ***
2025-11-02 19:57:23,218 - ml3d.torch.pipelines.contrastive_learning - INFO - Epoch 21/100 | Train Loss: 0.0783 | Train Acc: 0.9643 | Val Loss: 1.7916 | Val Acc: 0.5000 | LR: 8.51e-05
2025-11-02 19:57:26,186 - ml3d.torch.pipelines.contrastive_learning - INFO - Epoch 22/100 | Train Loss: 0.1038 | Train Acc: 0.9464 | Val Loss: 1.7917 | Val Acc: 0.5000 | LR: 8.43e-05
2025-11-02 19:57:29,142 - ml3d.torch.pipelines.contrastive_learning - INFO - Epoch 23/100 | Train Loss: 0.1841 | Train Acc: 0.9464 | Val Loss: 1.7915 | Val Acc: 0.5000 | LR: 8.35e-05
2025-11-02 19:57:32,037 - ml3d.torch.pipelines.contrastive_learning - INFO - Epoch 24/100 | Train Loss: 0.1245 | Train Acc: 0.9643 | Val Loss: 1.7913 | Val Acc: 0.3333 | LR: 8.26e-05
2025-11-02 19:57:32,073 - ml3d.torch.pipelines.contrastive_learning - INFO - Checkpoint saved: logs/checkpoint/ckpt_best.pth
2025-11-02 19:57:32,073 - ml3d.torch.pipelines.contrastive_learning - INFO -   *** New best validation loss: 1.7913 ***
2025-11-02 19:57:34,889 - ml3d.torch.pipelines.contrastive_learning - INFO - Epoch 25/100 | Train Loss: 0.1006 | Train Acc: 0.9821 | Val Loss: 1.7915 | Val Acc: 0.1667 | LR: 8.18e-05
2025-11-02 19:57:37,741 - ml3d.torch.pipelines.contrastive_learning - INFO - Epoch 26/100 | Train Loss: 0.1309 | Train Acc: 0.9286 | Val Loss: 1.7912 | Val Acc: 0.8333 | LR: 8.10e-05
2025-11-02 19:57:37,774 - ml3d.torch.pipelines.contrastive_learning - INFO - Checkpoint saved: logs/checkpoint/ckpt_best.pth
2025-11-02 19:57:37,774 - ml3d.torch.pipelines.contrastive_learning - INFO -   *** New best validation loss: 1.7912 ***
2025-11-02 19:57:40,674 - ml3d.torch.pipelines.contrastive_learning - INFO - Epoch 27/100 | Train Loss: 0.1007 | Train Acc: 0.9464 | Val Loss: 1.7907 | Val Acc: 0.6667 | LR: 8.02e-05
2025-11-02 19:57:40,698 - ml3d.torch.pipelines.contrastive_learning - INFO - Checkpoint saved: logs/checkpoint/ckpt_best.pth
2025-11-02 19:57:40,698 - ml3d.torch.pipelines.contrastive_learning - INFO -   *** New best validation loss: 1.7907 ***
2025-11-02 19:57:43,549 - ml3d.torch.pipelines.contrastive_learning - INFO - Epoch 28/100 | Train Loss: 0.0966 | Train Acc: 0.9821 | Val Loss: 1.7904 | Val Acc: 1.0000 | LR: 7.94e-05
2025-11-02 19:57:43,581 - ml3d.torch.pipelines.contrastive_learning - INFO - Checkpoint saved: logs/checkpoint/ckpt_best.pth
2025-11-02 19:57:43,582 - ml3d.torch.pipelines.contrastive_learning - INFO -   *** New best validation loss: 1.7904 ***
2025-11-02 19:57:46,423 - ml3d.torch.pipelines.contrastive_learning - INFO - Epoch 29/100 | Train Loss: 0.0544 | Train Acc: 1.0000 | Val Loss: 1.7909 | Val Acc: 0.6667 | LR: 7.86e-05
2025-11-02 19:57:49,291 - ml3d.torch.pipelines.contrastive_learning - INFO - Epoch 30/100 | Train Loss: 0.0836 | Train Acc: 1.0000 | Val Loss: 1.7898 | Val Acc: 0.8333 | LR: 7.78e-05
2025-11-02 19:57:49,308 - ml3d.torch.pipelines.contrastive_learning - INFO - Checkpoint saved: logs/checkpoint/ckpt_epoch_030.pth
2025-11-02 19:57:49,341 - ml3d.torch.pipelines.contrastive_learning - INFO - Checkpoint saved: logs/checkpoint/ckpt_best.pth
2025-11-02 19:57:49,341 - ml3d.torch.pipelines.contrastive_learning - INFO -   *** New best validation loss: 1.7898 ***
2025-11-02 19:57:52,251 - ml3d.torch.pipelines.contrastive_learning - INFO - Epoch 31/100 | Train Loss: 0.2658 | Train Acc: 0.9464 | Val Loss: 1.7875 | Val Acc: 0.8333 | LR: 7.70e-05
2025-11-02 19:57:52,281 - ml3d.torch.pipelines.contrastive_learning - INFO - Checkpoint saved: logs/checkpoint/ckpt_best.pth
2025-11-02 19:57:52,281 - ml3d.torch.pipelines.contrastive_learning - INFO -   *** New best validation loss: 1.7875 ***
2025-11-02 19:57:55,320 - ml3d.torch.pipelines.contrastive_learning - INFO - Epoch 32/100 | Train Loss: 0.1515 | Train Acc: 0.8929 | Val Loss: 1.7867 | Val Acc: 0.6667 | LR: 7.62e-05
2025-11-02 19:57:55,340 - ml3d.torch.pipelines.contrastive_learning - INFO - Checkpoint saved: logs/checkpoint/ckpt_best.pth
2025-11-02 19:57:55,340 - ml3d.torch.pipelines.contrastive_learning - INFO -   *** New best validation loss: 1.7867 ***
2025-11-02 19:57:58,284 - ml3d.torch.pipelines.contrastive_learning - INFO - Epoch 33/100 | Train Loss: 0.1145 | Train Acc: 0.9286 | Val Loss: 1.7879 | Val Acc: 0.8333 | LR: 7.55e-05
2025-11-02 19:58:01,349 - ml3d.torch.pipelines.contrastive_learning - INFO - Epoch 34/100 | Train Loss: 0.1499 | Train Acc: 0.9643 | Val Loss: 1.7853 | Val Acc: 0.8333 | LR: 7.47e-05
2025-11-02 19:58:01,369 - ml3d.torch.pipelines.contrastive_learning - INFO - Checkpoint saved: logs/checkpoint/ckpt_best.pth
2025-11-02 19:58:01,369 - ml3d.torch.pipelines.contrastive_learning - INFO -   *** New best validation loss: 1.7853 ***
2025-11-02 19:58:04,396 - ml3d.torch.pipelines.contrastive_learning - INFO - Epoch 35/100 | Train Loss: 0.0683 | Train Acc: 0.9643 | Val Loss: 1.7853 | Val Acc: 0.5000 | LR: 7.40e-05
2025-11-02 19:58:04,425 - ml3d.torch.pipelines.contrastive_learning - INFO - Checkpoint saved: logs/checkpoint/ckpt_best.pth
2025-11-02 19:58:04,425 - ml3d.torch.pipelines.contrastive_learning - INFO -   *** New best validation loss: 1.7853 ***
2025-11-02 19:58:07,457 - ml3d.torch.pipelines.contrastive_learning - INFO - Epoch 36/100 | Train Loss: 0.0817 | Train Acc: 0.9821 | Val Loss: 1.7777 | Val Acc: 0.8333 | LR: 7.32e-05
2025-11-02 19:58:07,489 - ml3d.torch.pipelines.contrastive_learning - INFO - Checkpoint saved: logs/checkpoint/ckpt_best.pth
2025-11-02 19:58:07,489 - ml3d.torch.pipelines.contrastive_learning - INFO -   *** New best validation loss: 1.7777 ***
2025-11-02 19:58:10,512 - ml3d.torch.pipelines.contrastive_learning - INFO - Epoch 37/100 | Train Loss: 0.1753 | Train Acc: 0.9643 | Val Loss: 1.7735 | Val Acc: 0.6667 | LR: 7.25e-05
2025-11-02 19:58:10,543 - ml3d.torch.pipelines.contrastive_learning - INFO - Checkpoint saved: logs/checkpoint/ckpt_best.pth
2025-11-02 19:58:10,543 - ml3d.torch.pipelines.contrastive_learning - INFO -   *** New best validation loss: 1.7735 ***
2025-11-02 19:58:13,593 - ml3d.torch.pipelines.contrastive_learning - INFO - Epoch 38/100 | Train Loss: 0.1358 | Train Acc: 0.9821 | Val Loss: 1.7724 | Val Acc: 0.8333 | LR: 7.18e-05
2025-11-02 19:58:13,625 - ml3d.torch.pipelines.contrastive_learning - INFO - Checkpoint saved: logs/checkpoint/ckpt_best.pth
2025-11-02 19:58:13,625 - ml3d.torch.pipelines.contrastive_learning - INFO -   *** New best validation loss: 1.7724 ***
2025-11-02 19:58:16,627 - ml3d.torch.pipelines.contrastive_learning - INFO - Epoch 39/100 | Train Loss: 0.0761 | Train Acc: 0.9821 | Val Loss: 1.7642 | Val Acc: 0.8333 | LR: 7.11e-05
2025-11-02 19:58:16,658 - ml3d.torch.pipelines.contrastive_learning - INFO - Checkpoint saved: logs/checkpoint/ckpt_best.pth
2025-11-02 19:58:16,659 - ml3d.torch.pipelines.contrastive_learning - INFO -   *** New best validation loss: 1.7642 ***
2025-11-02 19:58:19,767 - ml3d.torch.pipelines.contrastive_learning - INFO - Epoch 40/100 | Train Loss: 0.1107 | Train Acc: 0.9464 | Val Loss: 1.7599 | Val Acc: 1.0000 | LR: 7.03e-05
2025-11-02 19:58:19,784 - ml3d.torch.pipelines.contrastive_learning - INFO - Checkpoint saved: logs/checkpoint/ckpt_epoch_040.pth
2025-11-02 19:58:19,817 - ml3d.torch.pipelines.contrastive_learning - INFO - Checkpoint saved: logs/checkpoint/ckpt_best.pth
2025-11-02 19:58:19,817 - ml3d.torch.pipelines.contrastive_learning - INFO -   *** New best validation loss: 1.7599 ***
2025-11-02 19:58:22,805 - ml3d.torch.pipelines.contrastive_learning - INFO - Epoch 41/100 | Train Loss: 0.0742 | Train Acc: 1.0000 | Val Loss: 1.7194 | Val Acc: 0.8333 | LR: 6.96e-05
2025-11-02 19:58:22,837 - ml3d.torch.pipelines.contrastive_learning - INFO - Checkpoint saved: logs/checkpoint/ckpt_best.pth
2025-11-02 19:58:22,837 - ml3d.torch.pipelines.contrastive_learning - INFO -   *** New best validation loss: 1.7194 ***
2025-11-02 19:58:25,856 - ml3d.torch.pipelines.contrastive_learning - INFO - Epoch 42/100 | Train Loss: 0.1214 | Train Acc: 0.9821 | Val Loss: 1.7294 | Val Acc: 1.0000 | LR: 6.89e-05
2025-11-02 19:58:28,789 - ml3d.torch.pipelines.contrastive_learning - INFO - Epoch 43/100 | Train Loss: 0.0812 | Train Acc: 1.0000 | Val Loss: 1.7232 | Val Acc: 1.0000 | LR: 6.83e-05
2025-11-02 19:58:31,850 - ml3d.torch.pipelines.contrastive_learning - INFO - Epoch 44/100 | Train Loss: 0.0817 | Train Acc: 0.9821 | Val Loss: 1.6257 | Val Acc: 0.8333 | LR: 6.76e-05
2025-11-02 19:58:31,881 - ml3d.torch.pipelines.contrastive_learning - INFO - Checkpoint saved: logs/checkpoint/ckpt_best.pth
2025-11-02 19:58:31,882 - ml3d.torch.pipelines.contrastive_learning - INFO -   *** New best validation loss: 1.6257 ***
2025-11-02 19:58:34,951 - ml3d.torch.pipelines.contrastive_learning - INFO - Epoch 45/100 | Train Loss: 0.0832 | Train Acc: 1.0000 | Val Loss: 1.5438 | Val Acc: 1.0000 | LR: 6.69e-05
2025-11-02 19:58:34,981 - ml3d.torch.pipelines.contrastive_learning - INFO - Checkpoint saved: logs/checkpoint/ckpt_best.pth
2025-11-02 19:58:34,981 - ml3d.torch.pipelines.contrastive_learning - INFO -   *** New best validation loss: 1.5438 ***
2025-11-02 19:58:38,002 - ml3d.torch.pipelines.contrastive_learning - INFO - Epoch 46/100 | Train Loss: 0.0904 | Train Acc: 0.9464 | Val Loss: 1.6522 | Val Acc: 1.0000 | LR: 6.62e-05
2025-11-02 19:58:41,029 - ml3d.torch.pipelines.contrastive_learning - INFO - Epoch 47/100 | Train Loss: 0.1120 | Train Acc: 0.9643 | Val Loss: 1.5051 | Val Acc: 1.0000 | LR: 6.56e-05
2025-11-02 19:58:41,060 - ml3d.torch.pipelines.contrastive_learning - INFO - Checkpoint saved: logs/checkpoint/ckpt_best.pth
2025-11-02 19:58:41,060 - ml3d.torch.pipelines.contrastive_learning - INFO -   *** New best validation loss: 1.5051 ***
2025-11-02 19:58:44,070 - ml3d.torch.pipelines.contrastive_learning - INFO - Epoch 48/100 | Train Loss: 0.0775 | Train Acc: 0.9643 | Val Loss: 1.3815 | Val Acc: 1.0000 | LR: 6.49e-05
2025-11-02 19:58:44,101 - ml3d.torch.pipelines.contrastive_learning - INFO - Checkpoint saved: logs/checkpoint/ckpt_best.pth
2025-11-02 19:58:44,101 - ml3d.torch.pipelines.contrastive_learning - INFO -   *** New best validation loss: 1.3815 ***
2025-11-02 19:58:47,104 - ml3d.torch.pipelines.contrastive_learning - INFO - Epoch 49/100 | Train Loss: 0.0716 | Train Acc: 0.9821 | Val Loss: 1.4458 | Val Acc: 0.8333 | LR: 6.43e-05
2025-11-02 19:58:50,109 - ml3d.torch.pipelines.contrastive_learning - INFO - Epoch 50/100 | Train Loss: 0.0583 | Train Acc: 0.9821 | Val Loss: 1.3684 | Val Acc: 1.0000 | LR: 6.36e-05
2025-11-02 19:58:50,125 - ml3d.torch.pipelines.contrastive_learning - INFO - Checkpoint saved: logs/checkpoint/ckpt_epoch_050.pth
2025-11-02 19:58:50,155 - ml3d.torch.pipelines.contrastive_learning - INFO - Checkpoint saved: logs/checkpoint/ckpt_best.pth
2025-11-02 19:58:50,155 - ml3d.torch.pipelines.contrastive_learning - INFO -   *** New best validation loss: 1.3684 ***
2025-11-02 19:58:53,188 - ml3d.torch.pipelines.contrastive_learning - INFO - Epoch 51/100 | Train Loss: 0.1046 | Train Acc: 0.9464 | Val Loss: 0.7657 | Val Acc: 1.0000 | LR: 6.30e-05
2025-11-02 19:58:53,208 - ml3d.torch.pipelines.contrastive_learning - INFO - Checkpoint saved: logs/checkpoint/ckpt_best.pth
2025-11-02 19:58:53,208 - ml3d.torch.pipelines.contrastive_learning - INFO -   *** New best validation loss: 0.7657 ***
2025-11-02 19:58:56,262 - ml3d.torch.pipelines.contrastive_learning - INFO - Epoch 52/100 | Train Loss: 0.0837 | Train Acc: 0.9464 | Val Loss: 0.9558 | Val Acc: 1.0000 | LR: 6.24e-05
2025-11-02 19:58:59,250 - ml3d.torch.pipelines.contrastive_learning - INFO - Epoch 53/100 | Train Loss: 0.0551 | Train Acc: 0.9821 | Val Loss: 1.0857 | Val Acc: 1.0000 | LR: 6.17e-05
2025-11-02 19:59:02,389 - ml3d.torch.pipelines.contrastive_learning - INFO - Epoch 54/100 | Train Loss: 0.0287 | Train Acc: 1.0000 | Val Loss: 0.7068 | Val Acc: 1.0000 | LR: 6.11e-05
2025-11-02 19:59:02,420 - ml3d.torch.pipelines.contrastive_learning - INFO - Checkpoint saved: logs/checkpoint/ckpt_best.pth
2025-11-02 19:59:02,420 - ml3d.torch.pipelines.contrastive_learning - INFO -   *** New best validation loss: 0.7068 ***
2025-11-02 19:59:05,467 - ml3d.torch.pipelines.contrastive_learning - INFO - Epoch 55/100 | Train Loss: 0.0846 | Train Acc: 0.9643 | Val Loss: 0.9596 | Val Acc: 0.8333 | LR: 6.05e-05
2025-11-02 19:59:08,504 - ml3d.torch.pipelines.contrastive_learning - INFO - Epoch 56/100 | Train Loss: 0.0514 | Train Acc: 0.9821 | Val Loss: 0.5270 | Val Acc: 1.0000 | LR: 5.99e-05
2025-11-02 19:59:08,535 - ml3d.torch.pipelines.contrastive_learning - INFO - Checkpoint saved: logs/checkpoint/ckpt_best.pth
2025-11-02 19:59:08,535 - ml3d.torch.pipelines.contrastive_learning - INFO -   *** New best validation loss: 0.5270 ***
2025-11-02 19:59:11,648 - ml3d.torch.pipelines.contrastive_learning - INFO - Epoch 57/100 | Train Loss: 0.0352 | Train Acc: 1.0000 | Val Loss: 0.4834 | Val Acc: 1.0000 | LR: 5.93e-05
2025-11-02 19:59:11,671 - ml3d.torch.pipelines.contrastive_learning - INFO - Checkpoint saved: logs/checkpoint/ckpt_best.pth
2025-11-02 19:59:11,671 - ml3d.torch.pipelines.contrastive_learning - INFO -   *** New best validation loss: 0.4834 ***
2025-11-02 19:59:14,711 - ml3d.torch.pipelines.contrastive_learning - INFO - Epoch 58/100 | Train Loss: 0.0308 | Train Acc: 1.0000 | Val Loss: 0.4090 | Val Acc: 1.0000 | LR: 5.87e-05
2025-11-02 19:59:14,742 - ml3d.torch.pipelines.contrastive_learning - INFO - Checkpoint saved: logs/checkpoint/ckpt_best.pth
2025-11-02 19:59:14,742 - ml3d.torch.pipelines.contrastive_learning - INFO -   *** New best validation loss: 0.4090 ***
2025-11-02 19:59:17,807 - ml3d.torch.pipelines.contrastive_learning - INFO - Epoch 59/100 | Train Loss: 0.0566 | Train Acc: 0.9821 | Val Loss: 0.3868 | Val Acc: 1.0000 | LR: 5.81e-05
2025-11-02 19:59:17,838 - ml3d.torch.pipelines.contrastive_learning - INFO - Checkpoint saved: logs/checkpoint/ckpt_best.pth
2025-11-02 19:59:17,838 - ml3d.torch.pipelines.contrastive_learning - INFO -   *** New best validation loss: 0.3868 ***
2025-11-02 19:59:20,903 - ml3d.torch.pipelines.contrastive_learning - INFO - Epoch 60/100 | Train Loss: 0.0329 | Train Acc: 0.9821 | Val Loss: 0.1540 | Val Acc: 1.0000 | LR: 5.75e-05
2025-11-02 19:59:20,920 - ml3d.torch.pipelines.contrastive_learning - INFO - Checkpoint saved: logs/checkpoint/ckpt_epoch_060.pth
2025-11-02 19:59:20,951 - ml3d.torch.pipelines.contrastive_learning - INFO - Checkpoint saved: logs/checkpoint/ckpt_best.pth
2025-11-02 19:59:20,951 - ml3d.torch.pipelines.contrastive_learning - INFO -   *** New best validation loss: 0.1540 ***
2025-11-02 19:59:24,104 - ml3d.torch.pipelines.contrastive_learning - INFO - Epoch 61/100 | Train Loss: 0.0395 | Train Acc: 1.0000 | Val Loss: 0.0795 | Val Acc: 1.0000 | LR: 5.70e-05
2025-11-02 19:59:24,135 - ml3d.torch.pipelines.contrastive_learning - INFO - Checkpoint saved: logs/checkpoint/ckpt_best.pth
2025-11-02 19:59:24,135 - ml3d.torch.pipelines.contrastive_learning - INFO -   *** New best validation loss: 0.0795 ***
2025-11-02 19:59:27,175 - ml3d.torch.pipelines.contrastive_learning - INFO - Epoch 62/100 | Train Loss: 0.1053 | Train Acc: 0.9821 | Val Loss: 0.3197 | Val Acc: 1.0000 | LR: 5.64e-05
2025-11-02 19:59:30,245 - ml3d.torch.pipelines.contrastive_learning - INFO - Epoch 63/100 | Train Loss: 0.0384 | Train Acc: 0.9821 | Val Loss: 0.2202 | Val Acc: 1.0000 | LR: 5.58e-05
2025-11-02 19:59:33,345 - ml3d.torch.pipelines.contrastive_learning - INFO - Epoch 64/100 | Train Loss: 0.0445 | Train Acc: 0.9643 | Val Loss: 0.2300 | Val Acc: 1.0000 | LR: 5.53e-05
2025-11-02 19:59:36,340 - ml3d.torch.pipelines.contrastive_learning - INFO - Epoch 65/100 | Train Loss: 0.0404 | Train Acc: 1.0000 | Val Loss: 0.0429 | Val Acc: 1.0000 | LR: 5.47e-05
2025-11-02 19:59:36,371 - ml3d.torch.pipelines.contrastive_learning - INFO - Checkpoint saved: logs/checkpoint/ckpt_best.pth
2025-11-02 19:59:36,371 - ml3d.torch.pipelines.contrastive_learning - INFO -   *** New best validation loss: 0.0429 ***
2025-11-02 19:59:39,357 - ml3d.torch.pipelines.contrastive_learning - INFO - Epoch 66/100 | Train Loss: 0.0286 | Train Acc: 1.0000 | Val Loss: 0.2013 | Val Acc: 0.8333 | LR: 5.42e-05
2025-11-02 19:59:42,441 - ml3d.torch.pipelines.contrastive_learning - INFO - Epoch 67/100 | Train Loss: 0.0567 | Train Acc: 0.9821 | Val Loss: 0.2947 | Val Acc: 0.8333 | LR: 5.36e-05
2025-11-02 19:59:45,476 - ml3d.torch.pipelines.contrastive_learning - INFO - Epoch 68/100 | Train Loss: 0.0669 | Train Acc: 1.0000 | Val Loss: 0.0072 | Val Acc: 1.0000 | LR: 5.31e-05
2025-11-02 19:59:45,507 - ml3d.torch.pipelines.contrastive_learning - INFO - Checkpoint saved: logs/checkpoint/ckpt_best.pth
2025-11-02 19:59:45,507 - ml3d.torch.pipelines.contrastive_learning - INFO -   *** New best validation loss: 0.0072 ***
2025-11-02 19:59:48,535 - ml3d.torch.pipelines.contrastive_learning - INFO - Epoch 69/100 | Train Loss: 0.1012 | Train Acc: 0.9464 | Val Loss: 0.0804 | Val Acc: 1.0000 | LR: 5.26e-05
2025-11-02 19:59:51,597 - ml3d.torch.pipelines.contrastive_learning - INFO - Epoch 70/100 | Train Loss: 0.0689 | Train Acc: 0.9464 | Val Loss: 0.0043 | Val Acc: 1.0000 | LR: 5.20e-05
2025-11-02 19:59:51,613 - ml3d.torch.pipelines.contrastive_learning - INFO - Checkpoint saved: logs/checkpoint/ckpt_epoch_070.pth
2025-11-02 19:59:51,643 - ml3d.torch.pipelines.contrastive_learning - INFO - Checkpoint saved: logs/checkpoint/ckpt_best.pth
2025-11-02 19:59:51,643 - ml3d.torch.pipelines.contrastive_learning - INFO -   *** New best validation loss: 0.0043 ***
2025-11-02 19:59:54,682 - ml3d.torch.pipelines.contrastive_learning - INFO - Epoch 71/100 | Train Loss: 0.0256 | Train Acc: 1.0000 | Val Loss: 0.0546 | Val Acc: 1.0000 | LR: 5.15e-05
2025-11-02 19:59:57,672 - ml3d.torch.pipelines.contrastive_learning - INFO - Epoch 72/100 | Train Loss: 0.0456 | Train Acc: 0.9821 | Val Loss: 0.1287 | Val Acc: 1.0000 | LR: 5.10e-05
2025-11-02 20:00:00,683 - ml3d.torch.pipelines.contrastive_learning - INFO - Epoch 73/100 | Train Loss: 0.0476 | Train Acc: 1.0000 | Val Loss: 0.1292 | Val Acc: 1.0000 | LR: 5.05e-05
2025-11-02 20:00:03,685 - ml3d.torch.pipelines.contrastive_learning - INFO - Epoch 74/100 | Train Loss: 0.0418 | Train Acc: 0.9821 | Val Loss: 0.2251 | Val Acc: 0.8333 | LR: 5.00e-05
2025-11-02 20:00:06,776 - ml3d.torch.pipelines.contrastive_learning - INFO - Epoch 75/100 | Train Loss: 0.0481 | Train Acc: 0.9821 | Val Loss: 0.2283 | Val Acc: 1.0000 | LR: 4.95e-05
2025-11-02 20:00:09,867 - ml3d.torch.pipelines.contrastive_learning - INFO - Epoch 76/100 | Train Loss: 0.0276 | Train Acc: 1.0000 | Val Loss: 0.1307 | Val Acc: 1.0000 | LR: 4.90e-05
2025-11-02 20:00:12,991 - ml3d.torch.pipelines.contrastive_learning - INFO - Epoch 77/100 | Train Loss: 0.0687 | Train Acc: 0.9643 | Val Loss: 0.0413 | Val Acc: 1.0000 | LR: 4.85e-05
2025-11-02 20:00:16,144 - ml3d.torch.pipelines.contrastive_learning - INFO - Epoch 78/100 | Train Loss: 0.0689 | Train Acc: 0.9643 | Val Loss: 0.0347 | Val Acc: 1.0000 | LR: 4.80e-05
2025-11-02 20:00:19,329 - ml3d.torch.pipelines.contrastive_learning - INFO - Epoch 79/100 | Train Loss: 0.0301 | Train Acc: 0.9821 | Val Loss: 0.0706 | Val Acc: 1.0000 | LR: 4.75e-05
2025-11-02 20:00:22,523 - ml3d.torch.pipelines.contrastive_learning - INFO - Epoch 80/100 | Train Loss: 0.0398 | Train Acc: 1.0000 | Val Loss: 0.2050 | Val Acc: 1.0000 | LR: 4.71e-05
2025-11-02 20:00:22,539 - ml3d.torch.pipelines.contrastive_learning - INFO - Checkpoint saved: logs/checkpoint/ckpt_epoch_080.pth
2025-11-02 20:00:25,739 - ml3d.torch.pipelines.contrastive_learning - INFO - Epoch 81/100 | Train Loss: 0.0172 | Train Acc: 1.0000 | Val Loss: 0.0922 | Val Acc: 1.0000 | LR: 4.66e-05
2025-11-02 20:00:28,853 - ml3d.torch.pipelines.contrastive_learning - INFO - Epoch 82/100 | Train Loss: 0.0694 | Train Acc: 1.0000 | Val Loss: 0.0553 | Val Acc: 1.0000 | LR: 4.61e-05
2025-11-02 20:00:32,048 - ml3d.torch.pipelines.contrastive_learning - INFO - Epoch 83/100 | Train Loss: 0.0646 | Train Acc: 0.9821 | Val Loss: 0.0009 | Val Acc: 1.0000 | LR: 4.57e-05
2025-11-02 20:00:32,070 - ml3d.torch.pipelines.contrastive_learning - INFO - Checkpoint saved: logs/checkpoint/ckpt_best.pth
2025-11-02 20:00:32,070 - ml3d.torch.pipelines.contrastive_learning - INFO -   *** New best validation loss: 0.0009 ***
2025-11-02 20:00:35,183 - ml3d.torch.pipelines.contrastive_learning - INFO - Epoch 84/100 | Train Loss: 0.0556 | Train Acc: 1.0000 | Val Loss: 0.0225 | Val Acc: 1.0000 | LR: 4.52e-05
2025-11-02 20:00:38,238 - ml3d.torch.pipelines.contrastive_learning - INFO - Epoch 85/100 | Train Loss: 0.0273 | Train Acc: 1.0000 | Val Loss: 0.0845 | Val Acc: 1.0000 | LR: 4.48e-05
2025-11-02 20:00:41,339 - ml3d.torch.pipelines.contrastive_learning - INFO - Epoch 86/100 | Train Loss: 0.0649 | Train Acc: 0.9643 | Val Loss: 0.0752 | Val Acc: 1.0000 | LR: 4.43e-05
2025-11-02 20:00:44,415 - ml3d.torch.pipelines.contrastive_learning - INFO - Epoch 87/100 | Train Loss: 0.0476 | Train Acc: 0.9821 | Val Loss: 0.1034 | Val Acc: 1.0000 | LR: 4.39e-05
2025-11-02 20:00:47,443 - ml3d.torch.pipelines.contrastive_learning - INFO - Epoch 88/100 | Train Loss: 0.0596 | Train Acc: 0.9821 | Val Loss: 0.0001 | Val Acc: 1.0000 | LR: 4.34e-05
2025-11-02 20:00:47,473 - ml3d.torch.pipelines.contrastive_learning - INFO - Checkpoint saved: logs/checkpoint/ckpt_best.pth
2025-11-02 20:00:47,473 - ml3d.torch.pipelines.contrastive_learning - INFO -   *** New best validation loss: 0.0001 ***
2025-11-02 20:00:50,476 - ml3d.torch.pipelines.contrastive_learning - INFO - Epoch 89/100 | Train Loss: 0.0558 | Train Acc: 0.9821 | Val Loss: 0.0452 | Val Acc: 1.0000 | LR: 4.30e-05
2025-11-02 20:00:53,468 - ml3d.torch.pipelines.contrastive_learning - INFO - Epoch 90/100 | Train Loss: 0.0514 | Train Acc: 0.9821 | Val Loss: 0.0667 | Val Acc: 1.0000 | LR: 4.26e-05
2025-11-02 20:00:53,483 - ml3d.torch.pipelines.contrastive_learning - INFO - Checkpoint saved: logs/checkpoint/ckpt_epoch_090.pth
2025-11-02 20:00:56,480 - ml3d.torch.pipelines.contrastive_learning - INFO - Epoch 91/100 | Train Loss: 0.0333 | Train Acc: 0.9821 | Val Loss: 0.0179 | Val Acc: 1.0000 | LR: 4.21e-05
2025-11-02 20:00:59,501 - ml3d.torch.pipelines.contrastive_learning - INFO - Epoch 92/100 | Train Loss: 0.1188 | Train Acc: 0.9643 | Val Loss: 0.0136 | Val Acc: 1.0000 | LR: 4.17e-05
2025-11-02 20:01:02,503 - ml3d.torch.pipelines.contrastive_learning - INFO - Epoch 93/100 | Train Loss: 0.0582 | Train Acc: 1.0000 | Val Loss: 0.0896 | Val Acc: 1.0000 | LR: 4.13e-05
2025-11-02 20:01:05,524 - ml3d.torch.pipelines.contrastive_learning - INFO - Epoch 94/100 | Train Loss: 0.1189 | Train Acc: 0.9464 | Val Loss: 0.0729 | Val Acc: 1.0000 | LR: 4.09e-05
2025-11-02 20:01:08,593 - ml3d.torch.pipelines.contrastive_learning - INFO - Epoch 95/100 | Train Loss: 0.0416 | Train Acc: 1.0000 | Val Loss: 0.0013 | Val Acc: 1.0000 | LR: 4.05e-05
2025-11-02 20:01:11,583 - ml3d.torch.pipelines.contrastive_learning - INFO - Epoch 96/100 | Train Loss: 0.0570 | Train Acc: 0.9821 | Val Loss: 0.1248 | Val Acc: 0.8333 | LR: 4.01e-05
2025-11-02 20:01:14,612 - ml3d.torch.pipelines.contrastive_learning - INFO - Epoch 97/100 | Train Loss: 0.0871 | Train Acc: 0.9821 | Val Loss: 0.0344 | Val Acc: 1.0000 | LR: 3.97e-05
2025-11-02 20:01:17,642 - ml3d.torch.pipelines.contrastive_learning - INFO - Epoch 98/100 | Train Loss: 0.0578 | Train Acc: 0.9821 | Val Loss: 0.0144 | Val Acc: 1.0000 | LR: 3.93e-05
2025-11-02 20:01:20,728 - ml3d.torch.pipelines.contrastive_learning - INFO - Epoch 99/100 | Train Loss: 0.0509 | Train Acc: 0.9821 | Val Loss: 0.0283 | Val Acc: 1.0000 | LR: 3.89e-05
2025-11-02 20:01:23,764 - ml3d.torch.pipelines.contrastive_learning - INFO - Epoch 100/100 | Train Loss: 0.0384 | Train Acc: 0.9821 | Val Loss: 0.2001 | Val Acc: 1.0000 | LR: 3.85e-05
2025-11-02 20:01:23,781 - ml3d.torch.pipelines.contrastive_learning - INFO - Checkpoint saved: logs/checkpoint/ckpt_epoch_100.pth
2025-11-02 20:01:23,781 - ml3d.torch.pipelines.contrastive_learning - INFO - ==================================================
2025-11-02 20:01:23,781 - ml3d.torch.pipelines.contrastive_learning - INFO - Training completed!
2025-11-02 20:01:23,781 - ml3d.torch.pipelines.contrastive_learning - INFO - Best validation loss: 0.0001
2025-11-02 20:01:23,781 - ml3d.torch.pipelines.contrastive_learning - INFO - ==================================================
2025-11-02 20:01:23,781 - __main__ - INFO - 
================================================================================
2025-11-02 20:01:23,781 - __main__ - INFO - TRAINING COMPLETED
2025-11-02 20:01:23,781 - __main__ - INFO - ================================================================================
2025-11-02 20:01:23,781 - __main__ - INFO - Checkpoints saved in: ./logs/checkpoint/
2025-11-02 20:01:23,781 - __main__ - INFO - Best model: ./logs/checkpoint/ckpt_best.pth
2025-11-02 20:01:23,781 - __main__ - INFO - ================================================================================
2025-11-02 20:34:03,379 - __main__ - INFO - Random seed set to 42
2025-11-02 20:34:03,382 - __main__ - INFO - Loaded config from ml3d/configs/randlanet_harvardforest_contrast.yml
2025-11-02 20:34:03,383 - __main__ - INFO - ================================================================================
2025-11-02 20:34:03,383 - __main__ - INFO - POINTCONTRAST-STYLE CONTRASTIVE LEARNING ON HARVARDFOREST3D
2025-11-02 20:34:03,383 - __main__ - INFO - ================================================================================
2025-11-02 20:34:03,383 - __main__ - INFO - Config: ml3d/configs/randlanet_harvardforest_contrast.yml
2025-11-02 20:34:03,383 - __main__ - INFO - Device: cuda
2025-11-02 20:34:03,383 - __main__ - INFO - Model: RandLANetContrast
2025-11-02 20:34:03,383 - __main__ - INFO - ================================================================================
2025-11-02 20:34:03,383 - __main__ - INFO - Initializing HarvardForest3DContrastive dataset...
2025-11-02 20:34:03,383 - __main__ - INFO - Found 62 .las files in /home/fzhcis/mylab/data/HarvardForest
2025-11-02 20:34:03,383 - ml3d.datasets.harvardforest3d - INFO - Found 62 .las files in /home/fzhcis/mylab/data/HarvardForest
2025-11-02 20:34:03,383 - ml3d.datasets.harvardforest3d - INFO - Loaded existing train/val/test split from manifest.
2025-11-02 20:34:03,384 - ml3d.datasets.harvardforest3d - INFO - HarvardForest3D: train=56 val=6 test=0
2025-11-02 20:34:03,384 - ml3d.datasets.harvardforest3d_contrastive - INFO - HarvardForest3DContrastive initialized for contrastive learning
2025-11-02 20:34:03,384 - ml3d.datasets.harvardforest3d_contrastive - INFO -   Augmentation: rotation=±360°, scale=[0.8,1.2], jitter=0.01, dropout=0.2
2025-11-02 20:34:03,384 - __main__ - INFO - Dataset initialized successfully
2025-11-02 20:34:03,384 - __main__ - INFO - Initializing model: RandLANetContrast
2025-11-02 20:34:03,388 - ml3d.torch.models.randlanet_contrast - INFO - Built simplified encoder with PointNet-style 1x1 convolutions
2025-11-02 20:34:03,388 - ml3d.torch.models.randlanet_contrast - INFO -   Input: 3 -> Output: 1024
2025-11-02 20:34:03,391 - ml3d.torch.models.randlanet_contrast - INFO - Loading pretrained encoder from /home/fzhcis/mylab/data/semantic3d/open3d_randlanet/test_1027/randlanet_semantic3d_xyz_ckpt_2025-10-30_22-15-32_00400.pth
2025-11-02 20:34:03,505 - ml3d.torch.models.randlanet_contrast - INFO - Missing keys (expected for projection head): 44
2025-11-02 20:34:03,506 - ml3d.torch.models.randlanet_contrast - WARNING - Unexpected keys: ['encoder.0.mlp1.conv.weight', 'encoder.0.mlp1.conv.bias', 'encoder.0.mlp1.batch_norm.weight', 'encoder.0.mlp1.batch_norm.bias', 'encoder.0.mlp1.batch_norm.running_mean', 'encoder.0.mlp1.batch_norm.running_var', 'encoder.0.mlp1.batch_norm.num_batches_tracked', 'encoder.0.lse1.mlp.conv.weight', 'encoder.0.lse1.mlp.conv.bias', 'encoder.0.lse1.mlp.batch_norm.weight', 'encoder.0.lse1.mlp.batch_norm.bias', 'encoder.0.lse1.mlp.batch_norm.running_mean', 'encoder.0.lse1.mlp.batch_norm.running_var', 'encoder.0.lse1.mlp.batch_norm.num_batches_tracked', 'encoder.0.pool1.score_fn.0.weight', 'encoder.0.pool1.score_fn.0.bias', 'encoder.0.pool1.mlp.conv.weight', 'encoder.0.pool1.mlp.conv.bias', 'encoder.0.pool1.mlp.batch_norm.weight', 'encoder.0.pool1.mlp.batch_norm.bias', 'encoder.0.pool1.mlp.batch_norm.running_mean', 'encoder.0.pool1.mlp.batch_norm.running_var', 'encoder.0.pool1.mlp.batch_norm.num_batches_tracked', 'encoder.0.lse2.mlp.conv.weight', 'encoder.0.lse2.mlp.conv.bias', 'encoder.0.lse2.mlp.batch_norm.weight', 'encoder.0.lse2.mlp.batch_norm.bias', 'encoder.0.lse2.mlp.batch_norm.running_mean', 'encoder.0.lse2.mlp.batch_norm.running_var', 'encoder.0.lse2.mlp.batch_norm.num_batches_tracked', 'encoder.0.pool2.score_fn.0.weight', 'encoder.0.pool2.score_fn.0.bias', 'encoder.0.pool2.mlp.conv.weight', 'encoder.0.pool2.mlp.conv.bias', 'encoder.0.pool2.mlp.batch_norm.weight', 'encoder.0.pool2.mlp.batch_norm.bias', 'encoder.0.pool2.mlp.batch_norm.running_mean', 'encoder.0.pool2.mlp.batch_norm.running_var', 'encoder.0.pool2.mlp.batch_norm.num_batches_tracked', 'encoder.0.mlp2.conv.weight', 'encoder.0.mlp2.conv.bias', 'encoder.0.mlp2.batch_norm.weight', 'encoder.0.mlp2.batch_norm.bias', 'encoder.0.mlp2.batch_norm.running_mean', 'encoder.0.mlp2.batch_norm.running_var', 'encoder.0.mlp2.batch_norm.num_batches_tracked', 'encoder.0.shortcut.conv.weight', 'encoder.0.shortcut.conv.bias', 'encoder.0.shortcut.batch_norm.weight', 'encoder.0.shortcut.batch_norm.bias', 'encoder.0.shortcut.batch_norm.running_mean', 'encoder.0.shortcut.batch_norm.running_var', 'encoder.0.shortcut.batch_norm.num_batches_tracked', 'encoder.1.mlp1.conv.weight', 'encoder.1.mlp1.conv.bias', 'encoder.1.mlp1.batch_norm.weight', 'encoder.1.mlp1.batch_norm.bias', 'encoder.1.mlp1.batch_norm.running_mean', 'encoder.1.mlp1.batch_norm.running_var', 'encoder.1.mlp1.batch_norm.num_batches_tracked', 'encoder.1.lse1.mlp.conv.weight', 'encoder.1.lse1.mlp.conv.bias', 'encoder.1.lse1.mlp.batch_norm.weight', 'encoder.1.lse1.mlp.batch_norm.bias', 'encoder.1.lse1.mlp.batch_norm.running_mean', 'encoder.1.lse1.mlp.batch_norm.running_var', 'encoder.1.lse1.mlp.batch_norm.num_batches_tracked', 'encoder.1.pool1.score_fn.0.weight', 'encoder.1.pool1.score_fn.0.bias', 'encoder.1.pool1.mlp.conv.weight', 'encoder.1.pool1.mlp.conv.bias', 'encoder.1.pool1.mlp.batch_norm.weight', 'encoder.1.pool1.mlp.batch_norm.bias', 'encoder.1.pool1.mlp.batch_norm.running_mean', 'encoder.1.pool1.mlp.batch_norm.running_var', 'encoder.1.pool1.mlp.batch_norm.num_batches_tracked', 'encoder.1.lse2.mlp.conv.weight', 'encoder.1.lse2.mlp.conv.bias', 'encoder.1.lse2.mlp.batch_norm.weight', 'encoder.1.lse2.mlp.batch_norm.bias', 'encoder.1.lse2.mlp.batch_norm.running_mean', 'encoder.1.lse2.mlp.batch_norm.running_var', 'encoder.1.lse2.mlp.batch_norm.num_batches_tracked', 'encoder.1.pool2.score_fn.0.weight', 'encoder.1.pool2.score_fn.0.bias', 'encoder.1.pool2.mlp.conv.weight', 'encoder.1.pool2.mlp.conv.bias', 'encoder.1.pool2.mlp.batch_norm.weight', 'encoder.1.pool2.mlp.batch_norm.bias', 'encoder.1.pool2.mlp.batch_norm.running_mean', 'encoder.1.pool2.mlp.batch_norm.running_var', 'encoder.1.pool2.mlp.batch_norm.num_batches_tracked', 'encoder.1.mlp2.conv.weight', 'encoder.1.mlp2.conv.bias', 'encoder.1.mlp2.batch_norm.weight', 'encoder.1.mlp2.batch_norm.bias', 'encoder.1.mlp2.batch_norm.running_mean', 'encoder.1.mlp2.batch_norm.running_var', 'encoder.1.mlp2.batch_norm.num_batches_tracked', 'encoder.1.shortcut.conv.weight', 'encoder.1.shortcut.conv.bias', 'encoder.1.shortcut.batch_norm.weight', 'encoder.1.shortcut.batch_norm.bias', 'encoder.1.shortcut.batch_norm.running_mean', 'encoder.1.shortcut.batch_norm.running_var', 'encoder.1.shortcut.batch_norm.num_batches_tracked', 'encoder.2.mlp1.conv.weight', 'encoder.2.mlp1.conv.bias', 'encoder.2.mlp1.batch_norm.weight', 'encoder.2.mlp1.batch_norm.bias', 'encoder.2.mlp1.batch_norm.running_mean', 'encoder.2.mlp1.batch_norm.running_var', 'encoder.2.mlp1.batch_norm.num_batches_tracked', 'encoder.2.lse1.mlp.conv.weight', 'encoder.2.lse1.mlp.conv.bias', 'encoder.2.lse1.mlp.batch_norm.weight', 'encoder.2.lse1.mlp.batch_norm.bias', 'encoder.2.lse1.mlp.batch_norm.running_mean', 'encoder.2.lse1.mlp.batch_norm.running_var', 'encoder.2.lse1.mlp.batch_norm.num_batches_tracked', 'encoder.2.pool1.score_fn.0.weight', 'encoder.2.pool1.score_fn.0.bias', 'encoder.2.pool1.mlp.conv.weight', 'encoder.2.pool1.mlp.conv.bias', 'encoder.2.pool1.mlp.batch_norm.weight', 'encoder.2.pool1.mlp.batch_norm.bias', 'encoder.2.pool1.mlp.batch_norm.running_mean', 'encoder.2.pool1.mlp.batch_norm.running_var', 'encoder.2.pool1.mlp.batch_norm.num_batches_tracked', 'encoder.2.lse2.mlp.conv.weight', 'encoder.2.lse2.mlp.conv.bias', 'encoder.2.lse2.mlp.batch_norm.weight', 'encoder.2.lse2.mlp.batch_norm.bias', 'encoder.2.lse2.mlp.batch_norm.running_mean', 'encoder.2.lse2.mlp.batch_norm.running_var', 'encoder.2.lse2.mlp.batch_norm.num_batches_tracked', 'encoder.2.pool2.score_fn.0.weight', 'encoder.2.pool2.score_fn.0.bias', 'encoder.2.pool2.mlp.conv.weight', 'encoder.2.pool2.mlp.conv.bias', 'encoder.2.pool2.mlp.batch_norm.weight', 'encoder.2.pool2.mlp.batch_norm.bias', 'encoder.2.pool2.mlp.batch_norm.running_mean', 'encoder.2.pool2.mlp.batch_norm.running_var', 'encoder.2.pool2.mlp.batch_norm.num_batches_tracked', 'encoder.2.mlp2.conv.weight', 'encoder.2.mlp2.conv.bias', 'encoder.2.mlp2.batch_norm.weight', 'encoder.2.mlp2.batch_norm.bias', 'encoder.2.mlp2.batch_norm.running_mean', 'encoder.2.mlp2.batch_norm.running_var', 'encoder.2.mlp2.batch_norm.num_batches_tracked', 'encoder.2.shortcut.conv.weight', 'encoder.2.shortcut.conv.bias', 'encoder.2.shortcut.batch_norm.weight', 'encoder.2.shortcut.batch_norm.bias', 'encoder.2.shortcut.batch_norm.running_mean', 'encoder.2.shortcut.batch_norm.running_var', 'encoder.2.shortcut.batch_norm.num_batches_tracked', 'encoder.3.mlp1.conv.weight', 'encoder.3.mlp1.conv.bias', 'encoder.3.mlp1.batch_norm.weight', 'encoder.3.mlp1.batch_norm.bias', 'encoder.3.mlp1.batch_norm.running_mean', 'encoder.3.mlp1.batch_norm.running_var', 'encoder.3.mlp1.batch_norm.num_batches_tracked', 'encoder.3.lse1.mlp.conv.weight', 'encoder.3.lse1.mlp.conv.bias', 'encoder.3.lse1.mlp.batch_norm.weight', 'encoder.3.lse1.mlp.batch_norm.bias', 'encoder.3.lse1.mlp.batch_norm.running_mean', 'encoder.3.lse1.mlp.batch_norm.running_var', 'encoder.3.lse1.mlp.batch_norm.num_batches_tracked', 'encoder.3.pool1.score_fn.0.weight', 'encoder.3.pool1.score_fn.0.bias', 'encoder.3.pool1.mlp.conv.weight', 'encoder.3.pool1.mlp.conv.bias', 'encoder.3.pool1.mlp.batch_norm.weight', 'encoder.3.pool1.mlp.batch_norm.bias', 'encoder.3.pool1.mlp.batch_norm.running_mean', 'encoder.3.pool1.mlp.batch_norm.running_var', 'encoder.3.pool1.mlp.batch_norm.num_batches_tracked', 'encoder.3.lse2.mlp.conv.weight', 'encoder.3.lse2.mlp.conv.bias', 'encoder.3.lse2.mlp.batch_norm.weight', 'encoder.3.lse2.mlp.batch_norm.bias', 'encoder.3.lse2.mlp.batch_norm.running_mean', 'encoder.3.lse2.mlp.batch_norm.running_var', 'encoder.3.lse2.mlp.batch_norm.num_batches_tracked', 'encoder.3.pool2.score_fn.0.weight', 'encoder.3.pool2.score_fn.0.bias', 'encoder.3.pool2.mlp.conv.weight', 'encoder.3.pool2.mlp.conv.bias', 'encoder.3.pool2.mlp.batch_norm.weight', 'encoder.3.pool2.mlp.batch_norm.bias', 'encoder.3.pool2.mlp.batch_norm.running_mean', 'encoder.3.pool2.mlp.batch_norm.running_var', 'encoder.3.pool2.mlp.batch_norm.num_batches_tracked', 'encoder.3.mlp2.conv.weight', 'encoder.3.mlp2.conv.bias', 'encoder.3.mlp2.batch_norm.weight', 'encoder.3.mlp2.batch_norm.bias', 'encoder.3.mlp2.batch_norm.running_mean', 'encoder.3.mlp2.batch_norm.running_var', 'encoder.3.mlp2.batch_norm.num_batches_tracked', 'encoder.3.shortcut.conv.weight', 'encoder.3.shortcut.conv.bias', 'encoder.3.shortcut.batch_norm.weight', 'encoder.3.shortcut.batch_norm.bias', 'encoder.3.shortcut.batch_norm.running_mean', 'encoder.3.shortcut.batch_norm.running_var', 'encoder.3.shortcut.batch_norm.num_batches_tracked', 'encoder.4.mlp1.conv.weight', 'encoder.4.mlp1.conv.bias', 'encoder.4.mlp1.batch_norm.weight', 'encoder.4.mlp1.batch_norm.bias', 'encoder.4.mlp1.batch_norm.running_mean', 'encoder.4.mlp1.batch_norm.running_var', 'encoder.4.mlp1.batch_norm.num_batches_tracked', 'encoder.4.lse1.mlp.conv.weight', 'encoder.4.lse1.mlp.conv.bias', 'encoder.4.lse1.mlp.batch_norm.weight', 'encoder.4.lse1.mlp.batch_norm.bias', 'encoder.4.lse1.mlp.batch_norm.running_mean', 'encoder.4.lse1.mlp.batch_norm.running_var', 'encoder.4.lse1.mlp.batch_norm.num_batches_tracked', 'encoder.4.pool1.score_fn.0.weight', 'encoder.4.pool1.score_fn.0.bias', 'encoder.4.pool1.mlp.conv.weight', 'encoder.4.pool1.mlp.conv.bias', 'encoder.4.pool1.mlp.batch_norm.weight', 'encoder.4.pool1.mlp.batch_norm.bias', 'encoder.4.pool1.mlp.batch_norm.running_mean', 'encoder.4.pool1.mlp.batch_norm.running_var', 'encoder.4.pool1.mlp.batch_norm.num_batches_tracked', 'encoder.4.lse2.mlp.conv.weight', 'encoder.4.lse2.mlp.conv.bias', 'encoder.4.lse2.mlp.batch_norm.weight', 'encoder.4.lse2.mlp.batch_norm.bias', 'encoder.4.lse2.mlp.batch_norm.running_mean', 'encoder.4.lse2.mlp.batch_norm.running_var', 'encoder.4.lse2.mlp.batch_norm.num_batches_tracked', 'encoder.4.pool2.score_fn.0.weight', 'encoder.4.pool2.score_fn.0.bias', 'encoder.4.pool2.mlp.conv.weight', 'encoder.4.pool2.mlp.conv.bias', 'encoder.4.pool2.mlp.batch_norm.weight', 'encoder.4.pool2.mlp.batch_norm.bias', 'encoder.4.pool2.mlp.batch_norm.running_mean', 'encoder.4.pool2.mlp.batch_norm.running_var', 'encoder.4.pool2.mlp.batch_norm.num_batches_tracked', 'encoder.4.mlp2.conv.weight', 'encoder.4.mlp2.conv.bias', 'encoder.4.mlp2.batch_norm.weight', 'encoder.4.mlp2.batch_norm.bias', 'encoder.4.mlp2.batch_norm.running_mean', 'encoder.4.mlp2.batch_norm.running_var', 'encoder.4.mlp2.batch_norm.num_batches_tracked', 'encoder.4.shortcut.conv.weight', 'encoder.4.shortcut.conv.bias', 'encoder.4.shortcut.batch_norm.weight', 'encoder.4.shortcut.batch_norm.bias', 'encoder.4.shortcut.batch_norm.running_mean', 'encoder.4.shortcut.batch_norm.running_var', 'encoder.4.shortcut.batch_norm.num_batches_tracked', 'mlp.conv.weight', 'mlp.conv.bias', 'mlp.batch_norm.weight', 'mlp.batch_norm.bias', 'mlp.batch_norm.running_mean', 'mlp.batch_norm.running_var', 'mlp.batch_norm.num_batches_tracked']
2025-11-02 20:34:03,506 - ml3d.torch.models.randlanet_contrast - INFO - Successfully loaded 279 encoder parameters
2025-11-02 20:34:03,507 - ml3d.torch.models.randlanet_contrast - INFO - Encoder frozen (only training projection head)
2025-11-02 20:34:03,507 - ml3d.torch.models.randlanet_contrast - INFO - RandLANetContrast initialized:
2025-11-02 20:34:03,507 - ml3d.torch.models.randlanet_contrast - INFO -   Encoder output dim: 1024
2025-11-02 20:34:03,507 - ml3d.torch.models.randlanet_contrast - INFO -   Projection output dim: 128
2025-11-02 20:34:03,508 - ml3d.torch.models.randlanet_contrast - INFO -   Freeze encoder epochs: 5
2025-11-02 20:34:03,569 - __main__ - INFO - Model initialized and moved to cuda
2025-11-02 20:34:03,569 - __main__ - INFO - Initializing ContrastiveLearning pipeline...
2025-11-02 20:34:03,835 - ml3d.torch.models.randlanet_contrast - INFO - Optimizer created: encoder_lr=1.00e-04, projection_lr=1.00e-03
2025-11-02 20:34:03,836 - ml3d.torch.pipelines.contrastive_learning - INFO - ContrastiveLearning pipeline initialized:
2025-11-02 20:34:03,836 - ml3d.torch.pipelines.contrastive_learning - INFO -   Temperature: 0.07
2025-11-02 20:34:03,836 - ml3d.torch.pipelines.contrastive_learning - INFO -   Freeze encoder epochs: 5
2025-11-02 20:34:03,836 - ml3d.torch.pipelines.contrastive_learning - INFO -   Base LR: 0.001
2025-11-02 20:34:03,836 - ml3d.torch.pipelines.contrastive_learning - INFO -   Max epochs: 100
2025-11-02 20:34:03,836 - __main__ - INFO - Pipeline initialized successfully
2025-11-02 20:34:03,836 - __main__ - INFO - 
================================================================================
2025-11-02 20:34:03,836 - __main__ - INFO - STARTING TRAINING
2025-11-02 20:34:03,836 - __main__ - INFO - ================================================================================

2025-11-02 20:34:03,836 - ml3d.torch.pipelines.contrastive_learning - INFO - ==================================================
2025-11-02 20:34:03,836 - ml3d.torch.pipelines.contrastive_learning - INFO - Starting contrastive learning training
2025-11-02 20:34:03,836 - ml3d.torch.pipelines.contrastive_learning - INFO - ==================================================
2025-11-02 20:34:03,836 - ml3d.datasets.harvardforest3d - INFO - Found 56 LAS files for train
2025-11-02 20:34:03,836 - ml3d.datasets.harvardforest3d_contrastive - INFO - Contrastive split 'train' ready with 56 samples
2025-11-02 20:34:03,836 - ml3d.datasets.harvardforest3d - INFO - Found 6 LAS files for val
2025-11-02 20:34:03,836 - ml3d.datasets.harvardforest3d_contrastive - INFO - Contrastive split 'val' ready with 6 samples
2025-11-02 20:34:03,836 - ml3d.torch.pipelines.contrastive_learning - INFO - Train batches: 7, Val batches: 1
2025-11-02 20:34:06,623 - ml3d.torch.pipelines.contrastive_learning - INFO - Epoch 1/100 | Train Loss: 1.3758 | Train Acc: 0.5000 | Val Loss: 1.7918 | Val Acc: 0.1667 | LR: 9.90e-05
2025-11-02 20:34:06,647 - ml3d.torch.pipelines.contrastive_learning - INFO - Checkpoint saved: logs/checkpoint/ckpt_best.pth
2025-11-02 20:34:06,647 - ml3d.torch.pipelines.contrastive_learning - INFO -   *** New best validation loss: 1.7918 ***
2025-11-02 20:34:09,101 - ml3d.torch.pipelines.contrastive_learning - INFO - Epoch 2/100 | Train Loss: 1.3357 | Train Acc: 0.5357 | Val Loss: 1.7918 | Val Acc: 0.3333 | LR: 9.80e-05
2025-11-02 20:34:09,124 - ml3d.torch.pipelines.contrastive_learning - INFO - Checkpoint saved: logs/checkpoint/ckpt_best.pth
2025-11-02 20:34:09,124 - ml3d.torch.pipelines.contrastive_learning - INFO -   *** New best validation loss: 1.7918 ***
2025-11-02 20:34:11,575 - ml3d.torch.pipelines.contrastive_learning - INFO - Epoch 3/100 | Train Loss: 0.8532 | Train Acc: 0.6607 | Val Loss: 1.7917 | Val Acc: 0.3333 | LR: 9.70e-05
2025-11-02 20:34:11,599 - ml3d.torch.pipelines.contrastive_learning - INFO - Checkpoint saved: logs/checkpoint/ckpt_best.pth
2025-11-02 20:34:11,599 - ml3d.torch.pipelines.contrastive_learning - INFO -   *** New best validation loss: 1.7917 ***
2025-11-02 20:38:36,212 - __main__ - INFO - Random seed set to 42
2025-11-02 20:38:36,216 - __main__ - INFO - Loaded config from ml3d/configs/randlanet_harvardforest_contrast.yml
2025-11-02 20:38:36,216 - __main__ - INFO - ================================================================================
2025-11-02 20:38:36,216 - __main__ - INFO - POINTCONTRAST-STYLE CONTRASTIVE LEARNING ON HARVARDFOREST3D
2025-11-02 20:38:36,216 - __main__ - INFO - ================================================================================
2025-11-02 20:38:36,216 - __main__ - INFO - Config: ml3d/configs/randlanet_harvardforest_contrast.yml
2025-11-02 20:38:36,216 - __main__ - INFO - Device: cuda
2025-11-02 20:38:36,216 - __main__ - INFO - Model: RandLANetContrast
2025-11-02 20:38:36,216 - __main__ - INFO - ================================================================================
2025-11-02 20:38:36,216 - __main__ - INFO - Initializing HarvardForest3DContrastive dataset...
2025-11-02 20:38:36,216 - __main__ - INFO - Found 62 .las files in /home/fzhcis/mylab/data/HarvardForest
2025-11-02 20:38:36,216 - ml3d.datasets.harvardforest3d - INFO - Found 62 .las files in /home/fzhcis/mylab/data/HarvardForest
2025-11-02 20:38:36,217 - ml3d.datasets.harvardforest3d - INFO - Loaded existing train/val/test split from manifest.
2025-11-02 20:38:36,217 - ml3d.datasets.harvardforest3d - INFO - HarvardForest3D: train=56 val=6 test=0
2025-11-02 20:38:36,217 - ml3d.datasets.harvardforest3d_contrastive - INFO - HarvardForest3DContrastive initialized for contrastive learning
2025-11-02 20:38:36,217 - ml3d.datasets.harvardforest3d_contrastive - INFO -   Augmentation: rotation=±360°, scale=[0.8,1.2], jitter=0.01, dropout=0.2
2025-11-02 20:38:36,217 - __main__ - INFO - Dataset initialized successfully
2025-11-02 20:38:36,217 - __main__ - INFO - Initializing model: RandLANetContrast
2025-11-02 20:38:36,221 - ml3d.torch.models.randlanet_contrast - INFO - Built simplified encoder with PointNet-style 1x1 convolutions
2025-11-02 20:38:36,221 - ml3d.torch.models.randlanet_contrast - INFO -   Input: 3 -> Output: 1024
2025-11-02 20:38:36,224 - ml3d.torch.models.randlanet_contrast - INFO - Loading pretrained encoder from /home/fzhcis/mylab/data/semantic3d/open3d_randlanet/test_1027/randlanet_semantic3d_xyz_ckpt_2025-10-30_22-15-32_00400.pth
2025-11-02 20:38:36,338 - ml3d.torch.models.randlanet_contrast - INFO - Missing keys (expected for projection head): 44
2025-11-02 20:38:36,339 - ml3d.torch.models.randlanet_contrast - WARNING - Unexpected keys: ['encoder.0.mlp1.conv.weight', 'encoder.0.mlp1.conv.bias', 'encoder.0.mlp1.batch_norm.weight', 'encoder.0.mlp1.batch_norm.bias', 'encoder.0.mlp1.batch_norm.running_mean', 'encoder.0.mlp1.batch_norm.running_var', 'encoder.0.mlp1.batch_norm.num_batches_tracked', 'encoder.0.lse1.mlp.conv.weight', 'encoder.0.lse1.mlp.conv.bias', 'encoder.0.lse1.mlp.batch_norm.weight', 'encoder.0.lse1.mlp.batch_norm.bias', 'encoder.0.lse1.mlp.batch_norm.running_mean', 'encoder.0.lse1.mlp.batch_norm.running_var', 'encoder.0.lse1.mlp.batch_norm.num_batches_tracked', 'encoder.0.pool1.score_fn.0.weight', 'encoder.0.pool1.score_fn.0.bias', 'encoder.0.pool1.mlp.conv.weight', 'encoder.0.pool1.mlp.conv.bias', 'encoder.0.pool1.mlp.batch_norm.weight', 'encoder.0.pool1.mlp.batch_norm.bias', 'encoder.0.pool1.mlp.batch_norm.running_mean', 'encoder.0.pool1.mlp.batch_norm.running_var', 'encoder.0.pool1.mlp.batch_norm.num_batches_tracked', 'encoder.0.lse2.mlp.conv.weight', 'encoder.0.lse2.mlp.conv.bias', 'encoder.0.lse2.mlp.batch_norm.weight', 'encoder.0.lse2.mlp.batch_norm.bias', 'encoder.0.lse2.mlp.batch_norm.running_mean', 'encoder.0.lse2.mlp.batch_norm.running_var', 'encoder.0.lse2.mlp.batch_norm.num_batches_tracked', 'encoder.0.pool2.score_fn.0.weight', 'encoder.0.pool2.score_fn.0.bias', 'encoder.0.pool2.mlp.conv.weight', 'encoder.0.pool2.mlp.conv.bias', 'encoder.0.pool2.mlp.batch_norm.weight', 'encoder.0.pool2.mlp.batch_norm.bias', 'encoder.0.pool2.mlp.batch_norm.running_mean', 'encoder.0.pool2.mlp.batch_norm.running_var', 'encoder.0.pool2.mlp.batch_norm.num_batches_tracked', 'encoder.0.mlp2.conv.weight', 'encoder.0.mlp2.conv.bias', 'encoder.0.mlp2.batch_norm.weight', 'encoder.0.mlp2.batch_norm.bias', 'encoder.0.mlp2.batch_norm.running_mean', 'encoder.0.mlp2.batch_norm.running_var', 'encoder.0.mlp2.batch_norm.num_batches_tracked', 'encoder.0.shortcut.conv.weight', 'encoder.0.shortcut.conv.bias', 'encoder.0.shortcut.batch_norm.weight', 'encoder.0.shortcut.batch_norm.bias', 'encoder.0.shortcut.batch_norm.running_mean', 'encoder.0.shortcut.batch_norm.running_var', 'encoder.0.shortcut.batch_norm.num_batches_tracked', 'encoder.1.mlp1.conv.weight', 'encoder.1.mlp1.conv.bias', 'encoder.1.mlp1.batch_norm.weight', 'encoder.1.mlp1.batch_norm.bias', 'encoder.1.mlp1.batch_norm.running_mean', 'encoder.1.mlp1.batch_norm.running_var', 'encoder.1.mlp1.batch_norm.num_batches_tracked', 'encoder.1.lse1.mlp.conv.weight', 'encoder.1.lse1.mlp.conv.bias', 'encoder.1.lse1.mlp.batch_norm.weight', 'encoder.1.lse1.mlp.batch_norm.bias', 'encoder.1.lse1.mlp.batch_norm.running_mean', 'encoder.1.lse1.mlp.batch_norm.running_var', 'encoder.1.lse1.mlp.batch_norm.num_batches_tracked', 'encoder.1.pool1.score_fn.0.weight', 'encoder.1.pool1.score_fn.0.bias', 'encoder.1.pool1.mlp.conv.weight', 'encoder.1.pool1.mlp.conv.bias', 'encoder.1.pool1.mlp.batch_norm.weight', 'encoder.1.pool1.mlp.batch_norm.bias', 'encoder.1.pool1.mlp.batch_norm.running_mean', 'encoder.1.pool1.mlp.batch_norm.running_var', 'encoder.1.pool1.mlp.batch_norm.num_batches_tracked', 'encoder.1.lse2.mlp.conv.weight', 'encoder.1.lse2.mlp.conv.bias', 'encoder.1.lse2.mlp.batch_norm.weight', 'encoder.1.lse2.mlp.batch_norm.bias', 'encoder.1.lse2.mlp.batch_norm.running_mean', 'encoder.1.lse2.mlp.batch_norm.running_var', 'encoder.1.lse2.mlp.batch_norm.num_batches_tracked', 'encoder.1.pool2.score_fn.0.weight', 'encoder.1.pool2.score_fn.0.bias', 'encoder.1.pool2.mlp.conv.weight', 'encoder.1.pool2.mlp.conv.bias', 'encoder.1.pool2.mlp.batch_norm.weight', 'encoder.1.pool2.mlp.batch_norm.bias', 'encoder.1.pool2.mlp.batch_norm.running_mean', 'encoder.1.pool2.mlp.batch_norm.running_var', 'encoder.1.pool2.mlp.batch_norm.num_batches_tracked', 'encoder.1.mlp2.conv.weight', 'encoder.1.mlp2.conv.bias', 'encoder.1.mlp2.batch_norm.weight', 'encoder.1.mlp2.batch_norm.bias', 'encoder.1.mlp2.batch_norm.running_mean', 'encoder.1.mlp2.batch_norm.running_var', 'encoder.1.mlp2.batch_norm.num_batches_tracked', 'encoder.1.shortcut.conv.weight', 'encoder.1.shortcut.conv.bias', 'encoder.1.shortcut.batch_norm.weight', 'encoder.1.shortcut.batch_norm.bias', 'encoder.1.shortcut.batch_norm.running_mean', 'encoder.1.shortcut.batch_norm.running_var', 'encoder.1.shortcut.batch_norm.num_batches_tracked', 'encoder.2.mlp1.conv.weight', 'encoder.2.mlp1.conv.bias', 'encoder.2.mlp1.batch_norm.weight', 'encoder.2.mlp1.batch_norm.bias', 'encoder.2.mlp1.batch_norm.running_mean', 'encoder.2.mlp1.batch_norm.running_var', 'encoder.2.mlp1.batch_norm.num_batches_tracked', 'encoder.2.lse1.mlp.conv.weight', 'encoder.2.lse1.mlp.conv.bias', 'encoder.2.lse1.mlp.batch_norm.weight', 'encoder.2.lse1.mlp.batch_norm.bias', 'encoder.2.lse1.mlp.batch_norm.running_mean', 'encoder.2.lse1.mlp.batch_norm.running_var', 'encoder.2.lse1.mlp.batch_norm.num_batches_tracked', 'encoder.2.pool1.score_fn.0.weight', 'encoder.2.pool1.score_fn.0.bias', 'encoder.2.pool1.mlp.conv.weight', 'encoder.2.pool1.mlp.conv.bias', 'encoder.2.pool1.mlp.batch_norm.weight', 'encoder.2.pool1.mlp.batch_norm.bias', 'encoder.2.pool1.mlp.batch_norm.running_mean', 'encoder.2.pool1.mlp.batch_norm.running_var', 'encoder.2.pool1.mlp.batch_norm.num_batches_tracked', 'encoder.2.lse2.mlp.conv.weight', 'encoder.2.lse2.mlp.conv.bias', 'encoder.2.lse2.mlp.batch_norm.weight', 'encoder.2.lse2.mlp.batch_norm.bias', 'encoder.2.lse2.mlp.batch_norm.running_mean', 'encoder.2.lse2.mlp.batch_norm.running_var', 'encoder.2.lse2.mlp.batch_norm.num_batches_tracked', 'encoder.2.pool2.score_fn.0.weight', 'encoder.2.pool2.score_fn.0.bias', 'encoder.2.pool2.mlp.conv.weight', 'encoder.2.pool2.mlp.conv.bias', 'encoder.2.pool2.mlp.batch_norm.weight', 'encoder.2.pool2.mlp.batch_norm.bias', 'encoder.2.pool2.mlp.batch_norm.running_mean', 'encoder.2.pool2.mlp.batch_norm.running_var', 'encoder.2.pool2.mlp.batch_norm.num_batches_tracked', 'encoder.2.mlp2.conv.weight', 'encoder.2.mlp2.conv.bias', 'encoder.2.mlp2.batch_norm.weight', 'encoder.2.mlp2.batch_norm.bias', 'encoder.2.mlp2.batch_norm.running_mean', 'encoder.2.mlp2.batch_norm.running_var', 'encoder.2.mlp2.batch_norm.num_batches_tracked', 'encoder.2.shortcut.conv.weight', 'encoder.2.shortcut.conv.bias', 'encoder.2.shortcut.batch_norm.weight', 'encoder.2.shortcut.batch_norm.bias', 'encoder.2.shortcut.batch_norm.running_mean', 'encoder.2.shortcut.batch_norm.running_var', 'encoder.2.shortcut.batch_norm.num_batches_tracked', 'encoder.3.mlp1.conv.weight', 'encoder.3.mlp1.conv.bias', 'encoder.3.mlp1.batch_norm.weight', 'encoder.3.mlp1.batch_norm.bias', 'encoder.3.mlp1.batch_norm.running_mean', 'encoder.3.mlp1.batch_norm.running_var', 'encoder.3.mlp1.batch_norm.num_batches_tracked', 'encoder.3.lse1.mlp.conv.weight', 'encoder.3.lse1.mlp.conv.bias', 'encoder.3.lse1.mlp.batch_norm.weight', 'encoder.3.lse1.mlp.batch_norm.bias', 'encoder.3.lse1.mlp.batch_norm.running_mean', 'encoder.3.lse1.mlp.batch_norm.running_var', 'encoder.3.lse1.mlp.batch_norm.num_batches_tracked', 'encoder.3.pool1.score_fn.0.weight', 'encoder.3.pool1.score_fn.0.bias', 'encoder.3.pool1.mlp.conv.weight', 'encoder.3.pool1.mlp.conv.bias', 'encoder.3.pool1.mlp.batch_norm.weight', 'encoder.3.pool1.mlp.batch_norm.bias', 'encoder.3.pool1.mlp.batch_norm.running_mean', 'encoder.3.pool1.mlp.batch_norm.running_var', 'encoder.3.pool1.mlp.batch_norm.num_batches_tracked', 'encoder.3.lse2.mlp.conv.weight', 'encoder.3.lse2.mlp.conv.bias', 'encoder.3.lse2.mlp.batch_norm.weight', 'encoder.3.lse2.mlp.batch_norm.bias', 'encoder.3.lse2.mlp.batch_norm.running_mean', 'encoder.3.lse2.mlp.batch_norm.running_var', 'encoder.3.lse2.mlp.batch_norm.num_batches_tracked', 'encoder.3.pool2.score_fn.0.weight', 'encoder.3.pool2.score_fn.0.bias', 'encoder.3.pool2.mlp.conv.weight', 'encoder.3.pool2.mlp.conv.bias', 'encoder.3.pool2.mlp.batch_norm.weight', 'encoder.3.pool2.mlp.batch_norm.bias', 'encoder.3.pool2.mlp.batch_norm.running_mean', 'encoder.3.pool2.mlp.batch_norm.running_var', 'encoder.3.pool2.mlp.batch_norm.num_batches_tracked', 'encoder.3.mlp2.conv.weight', 'encoder.3.mlp2.conv.bias', 'encoder.3.mlp2.batch_norm.weight', 'encoder.3.mlp2.batch_norm.bias', 'encoder.3.mlp2.batch_norm.running_mean', 'encoder.3.mlp2.batch_norm.running_var', 'encoder.3.mlp2.batch_norm.num_batches_tracked', 'encoder.3.shortcut.conv.weight', 'encoder.3.shortcut.conv.bias', 'encoder.3.shortcut.batch_norm.weight', 'encoder.3.shortcut.batch_norm.bias', 'encoder.3.shortcut.batch_norm.running_mean', 'encoder.3.shortcut.batch_norm.running_var', 'encoder.3.shortcut.batch_norm.num_batches_tracked', 'encoder.4.mlp1.conv.weight', 'encoder.4.mlp1.conv.bias', 'encoder.4.mlp1.batch_norm.weight', 'encoder.4.mlp1.batch_norm.bias', 'encoder.4.mlp1.batch_norm.running_mean', 'encoder.4.mlp1.batch_norm.running_var', 'encoder.4.mlp1.batch_norm.num_batches_tracked', 'encoder.4.lse1.mlp.conv.weight', 'encoder.4.lse1.mlp.conv.bias', 'encoder.4.lse1.mlp.batch_norm.weight', 'encoder.4.lse1.mlp.batch_norm.bias', 'encoder.4.lse1.mlp.batch_norm.running_mean', 'encoder.4.lse1.mlp.batch_norm.running_var', 'encoder.4.lse1.mlp.batch_norm.num_batches_tracked', 'encoder.4.pool1.score_fn.0.weight', 'encoder.4.pool1.score_fn.0.bias', 'encoder.4.pool1.mlp.conv.weight', 'encoder.4.pool1.mlp.conv.bias', 'encoder.4.pool1.mlp.batch_norm.weight', 'encoder.4.pool1.mlp.batch_norm.bias', 'encoder.4.pool1.mlp.batch_norm.running_mean', 'encoder.4.pool1.mlp.batch_norm.running_var', 'encoder.4.pool1.mlp.batch_norm.num_batches_tracked', 'encoder.4.lse2.mlp.conv.weight', 'encoder.4.lse2.mlp.conv.bias', 'encoder.4.lse2.mlp.batch_norm.weight', 'encoder.4.lse2.mlp.batch_norm.bias', 'encoder.4.lse2.mlp.batch_norm.running_mean', 'encoder.4.lse2.mlp.batch_norm.running_var', 'encoder.4.lse2.mlp.batch_norm.num_batches_tracked', 'encoder.4.pool2.score_fn.0.weight', 'encoder.4.pool2.score_fn.0.bias', 'encoder.4.pool2.mlp.conv.weight', 'encoder.4.pool2.mlp.conv.bias', 'encoder.4.pool2.mlp.batch_norm.weight', 'encoder.4.pool2.mlp.batch_norm.bias', 'encoder.4.pool2.mlp.batch_norm.running_mean', 'encoder.4.pool2.mlp.batch_norm.running_var', 'encoder.4.pool2.mlp.batch_norm.num_batches_tracked', 'encoder.4.mlp2.conv.weight', 'encoder.4.mlp2.conv.bias', 'encoder.4.mlp2.batch_norm.weight', 'encoder.4.mlp2.batch_norm.bias', 'encoder.4.mlp2.batch_norm.running_mean', 'encoder.4.mlp2.batch_norm.running_var', 'encoder.4.mlp2.batch_norm.num_batches_tracked', 'encoder.4.shortcut.conv.weight', 'encoder.4.shortcut.conv.bias', 'encoder.4.shortcut.batch_norm.weight', 'encoder.4.shortcut.batch_norm.bias', 'encoder.4.shortcut.batch_norm.running_mean', 'encoder.4.shortcut.batch_norm.running_var', 'encoder.4.shortcut.batch_norm.num_batches_tracked', 'mlp.conv.weight', 'mlp.conv.bias', 'mlp.batch_norm.weight', 'mlp.batch_norm.bias', 'mlp.batch_norm.running_mean', 'mlp.batch_norm.running_var', 'mlp.batch_norm.num_batches_tracked']
2025-11-02 20:38:36,339 - ml3d.torch.models.randlanet_contrast - INFO - Successfully loaded 279 encoder parameters
2025-11-02 20:38:36,340 - ml3d.torch.models.randlanet_contrast - INFO - Encoder frozen (only training projection head)
2025-11-02 20:38:36,341 - ml3d.torch.models.randlanet_contrast - INFO - RandLANetContrast initialized:
2025-11-02 20:38:36,341 - ml3d.torch.models.randlanet_contrast - INFO -   Encoder output dim: 1024
2025-11-02 20:38:36,341 - ml3d.torch.models.randlanet_contrast - INFO -   Projection output dim: 128
2025-11-02 20:38:36,341 - ml3d.torch.models.randlanet_contrast - INFO -   Freeze encoder epochs: 5
2025-11-02 20:38:36,412 - __main__ - INFO - Model initialized and moved to cuda
2025-11-02 20:38:36,412 - __main__ - INFO - Initializing ContrastiveLearning pipeline...
2025-11-02 20:38:36,673 - ml3d.torch.models.randlanet_contrast - INFO - Optimizer created: encoder_lr=1.00e-04, projection_lr=1.00e-03
2025-11-02 20:38:36,674 - ml3d.torch.pipelines.contrastive_learning - INFO - TensorBoard logs will be saved to: logs/train_log
2025-11-02 20:38:36,674 - ml3d.torch.pipelines.contrastive_learning - INFO - ContrastiveLearning pipeline initialized:
2025-11-02 20:38:36,674 - ml3d.torch.pipelines.contrastive_learning - INFO -   Temperature: 0.07
2025-11-02 20:38:36,674 - ml3d.torch.pipelines.contrastive_learning - INFO -   Freeze encoder epochs: 5
2025-11-02 20:38:36,674 - ml3d.torch.pipelines.contrastive_learning - INFO -   Base LR: 0.001
2025-11-02 20:38:36,674 - ml3d.torch.pipelines.contrastive_learning - INFO -   Max epochs: 100
2025-11-02 20:38:36,674 - __main__ - INFO - Pipeline initialized successfully
2025-11-02 20:38:36,674 - __main__ - INFO - 
================================================================================
2025-11-02 20:38:36,674 - __main__ - INFO - STARTING TRAINING
2025-11-02 20:38:36,674 - __main__ - INFO - ================================================================================

2025-11-02 20:38:36,674 - ml3d.torch.pipelines.contrastive_learning - INFO - ==================================================
2025-11-02 20:38:36,674 - ml3d.torch.pipelines.contrastive_learning - INFO - Starting contrastive learning training
2025-11-02 20:38:36,674 - ml3d.torch.pipelines.contrastive_learning - INFO - ==================================================
2025-11-02 20:38:36,674 - ml3d.datasets.harvardforest3d - INFO - Found 56 LAS files for train
2025-11-02 20:38:36,674 - ml3d.datasets.harvardforest3d_contrastive - INFO - Contrastive split 'train' ready with 56 samples
2025-11-02 20:38:36,674 - ml3d.datasets.harvardforest3d - INFO - Found 6 LAS files for val
2025-11-02 20:38:36,674 - ml3d.datasets.harvardforest3d_contrastive - INFO - Contrastive split 'val' ready with 6 samples
2025-11-02 20:38:36,674 - ml3d.torch.pipelines.contrastive_learning - INFO - Train batches: 7, Val batches: 1
2025-11-02 20:38:39,351 - ml3d.torch.pipelines.contrastive_learning - INFO - Epoch 1/100 | Train Loss: 1.3758 | Train Acc: 0.5000 | Val Loss: 1.7918 | Val Acc: 0.1667 | LR: 9.90e-05
2025-11-02 20:38:39,375 - ml3d.torch.pipelines.contrastive_learning - INFO - Checkpoint saved: logs/checkpoint/ckpt_best.pth
2025-11-02 20:38:39,375 - ml3d.torch.pipelines.contrastive_learning - INFO -   *** New best validation loss: 1.7918 ***
2025-11-02 20:38:41,717 - ml3d.torch.pipelines.contrastive_learning - INFO - Epoch 2/100 | Train Loss: 1.3357 | Train Acc: 0.5357 | Val Loss: 1.7918 | Val Acc: 0.3333 | LR: 9.80e-05
2025-11-02 20:38:41,733 - ml3d.torch.pipelines.contrastive_learning - INFO - Checkpoint saved: logs/checkpoint/ckpt_best.pth
2025-11-02 20:38:41,733 - ml3d.torch.pipelines.contrastive_learning - INFO -   *** New best validation loss: 1.7918 ***
2025-11-02 20:38:44,114 - ml3d.torch.pipelines.contrastive_learning - INFO - Epoch 3/100 | Train Loss: 0.8532 | Train Acc: 0.6607 | Val Loss: 1.7917 | Val Acc: 0.3333 | LR: 9.70e-05
2025-11-02 20:38:44,138 - ml3d.torch.pipelines.contrastive_learning - INFO - Checkpoint saved: logs/checkpoint/ckpt_best.pth
2025-11-02 20:38:44,138 - ml3d.torch.pipelines.contrastive_learning - INFO -   *** New best validation loss: 1.7917 ***
2025-11-02 20:38:46,477 - ml3d.torch.pipelines.contrastive_learning - INFO - Epoch 4/100 | Train Loss: 0.7399 | Train Acc: 0.7143 | Val Loss: 1.7918 | Val Acc: 0.1667 | LR: 9.61e-05
2025-11-02 20:38:48,825 - ml3d.torch.pipelines.contrastive_learning - INFO - Epoch 5/100 | Train Loss: 0.7639 | Train Acc: 0.6607 | Val Loss: 1.7918 | Val Acc: 0.5000 | LR: 9.51e-05
2025-11-02 20:38:48,825 - ml3d.torch.models.randlanet_contrast - INFO - Encoder unfrozen (training full model)
2025-11-02 20:38:48,826 - ml3d.torch.models.randlanet_contrast - INFO - Optimizer created: encoder_lr=1.00e-04, projection_lr=1.00e-03
2025-11-02 20:38:51,705 - ml3d.torch.pipelines.contrastive_learning - INFO - Epoch 6/100 | Train Loss: 0.6743 | Train Acc: 0.7321 | Val Loss: 1.7918 | Val Acc: 0.1667 | LR: 9.90e-05
2025-11-02 20:38:54,546 - ml3d.torch.pipelines.contrastive_learning - INFO - Epoch 7/100 | Train Loss: 0.7564 | Train Acc: 0.7500 | Val Loss: 1.7917 | Val Acc: 0.5000 | LR: 9.80e-05
2025-11-02 20:38:54,578 - ml3d.torch.pipelines.contrastive_learning - INFO - Checkpoint saved: logs/checkpoint/ckpt_best.pth
2025-11-02 20:38:54,578 - ml3d.torch.pipelines.contrastive_learning - INFO -   *** New best validation loss: 1.7917 ***
2025-11-02 20:38:57,431 - ml3d.torch.pipelines.contrastive_learning - INFO - Epoch 8/100 | Train Loss: 0.3922 | Train Acc: 0.8750 | Val Loss: 1.7917 | Val Acc: 0.1667 | LR: 9.70e-05
2025-11-02 20:39:00,270 - ml3d.torch.pipelines.contrastive_learning - INFO - Epoch 9/100 | Train Loss: 0.7036 | Train Acc: 0.7143 | Val Loss: 1.7917 | Val Acc: 0.3333 | LR: 9.61e-05
2025-11-02 20:39:00,301 - ml3d.torch.pipelines.contrastive_learning - INFO - Checkpoint saved: logs/checkpoint/ckpt_best.pth
2025-11-02 20:39:00,301 - ml3d.torch.pipelines.contrastive_learning - INFO -   *** New best validation loss: 1.7917 ***
2025-11-02 20:39:03,160 - ml3d.torch.pipelines.contrastive_learning - INFO - Epoch 10/100 | Train Loss: 0.3652 | Train Acc: 0.8750 | Val Loss: 1.7917 | Val Acc: 0.3333 | LR: 9.51e-05
2025-11-02 20:39:03,193 - ml3d.torch.pipelines.contrastive_learning - INFO - Checkpoint saved: logs/checkpoint/ckpt_epoch_010.pth
2025-11-02 20:39:06,036 - ml3d.torch.pipelines.contrastive_learning - INFO - Epoch 11/100 | Train Loss: 0.3659 | Train Acc: 0.8036 | Val Loss: 1.7916 | Val Acc: 0.3333 | LR: 9.41e-05
2025-11-02 20:39:06,067 - ml3d.torch.pipelines.contrastive_learning - INFO - Checkpoint saved: logs/checkpoint/ckpt_best.pth
2025-11-02 20:39:06,067 - ml3d.torch.pipelines.contrastive_learning - INFO -   *** New best validation loss: 1.7916 ***
2025-11-02 20:39:08,899 - ml3d.torch.pipelines.contrastive_learning - INFO - Epoch 12/100 | Train Loss: 0.2100 | Train Acc: 0.9821 | Val Loss: 1.7917 | Val Acc: 0.6667 | LR: 9.32e-05
2025-11-02 20:39:11,730 - ml3d.torch.pipelines.contrastive_learning - INFO - Epoch 13/100 | Train Loss: 0.2006 | Train Acc: 0.9464 | Val Loss: 1.7917 | Val Acc: 0.3333 | LR: 9.23e-05
2025-11-02 20:39:14,565 - ml3d.torch.pipelines.contrastive_learning - INFO - Epoch 14/100 | Train Loss: 0.1978 | Train Acc: 0.9286 | Val Loss: 1.7917 | Val Acc: 0.6667 | LR: 9.14e-05
2025-11-02 20:39:17,416 - ml3d.torch.pipelines.contrastive_learning - INFO - Epoch 15/100 | Train Loss: 0.1686 | Train Acc: 0.9286 | Val Loss: 1.7917 | Val Acc: 0.1667 | LR: 9.04e-05
2025-11-02 20:39:20,270 - ml3d.torch.pipelines.contrastive_learning - INFO - Epoch 16/100 | Train Loss: 0.1560 | Train Acc: 0.9107 | Val Loss: 1.7916 | Val Acc: 0.8333 | LR: 8.95e-05
2025-11-02 20:39:23,108 - ml3d.torch.pipelines.contrastive_learning - INFO - Epoch 17/100 | Train Loss: 0.1220 | Train Acc: 0.9643 | Val Loss: 1.7916 | Val Acc: 0.8333 | LR: 8.86e-05
2025-11-02 20:39:23,139 - ml3d.torch.pipelines.contrastive_learning - INFO - Checkpoint saved: logs/checkpoint/ckpt_best.pth
2025-11-02 20:39:23,139 - ml3d.torch.pipelines.contrastive_learning - INFO -   *** New best validation loss: 1.7916 ***
2025-11-02 20:39:25,967 - ml3d.torch.pipelines.contrastive_learning - INFO - Epoch 18/100 | Train Loss: 0.2068 | Train Acc: 0.9286 | Val Loss: 1.7914 | Val Acc: 0.8333 | LR: 8.78e-05
2025-11-02 20:39:25,990 - ml3d.torch.pipelines.contrastive_learning - INFO - Checkpoint saved: logs/checkpoint/ckpt_best.pth
2025-11-02 20:39:25,990 - ml3d.torch.pipelines.contrastive_learning - INFO -   *** New best validation loss: 1.7914 ***
2025-11-02 20:39:28,817 - ml3d.torch.pipelines.contrastive_learning - INFO - Epoch 19/100 | Train Loss: 0.1014 | Train Acc: 0.9643 | Val Loss: 1.7916 | Val Acc: 0.6667 | LR: 8.69e-05
2025-11-02 20:39:31,652 - ml3d.torch.pipelines.contrastive_learning - INFO - Epoch 20/100 | Train Loss: 0.1692 | Train Acc: 0.9286 | Val Loss: 1.7915 | Val Acc: 0.5000 | LR: 8.60e-05
2025-11-02 20:39:31,682 - ml3d.torch.pipelines.contrastive_learning - INFO - Checkpoint saved: logs/checkpoint/ckpt_epoch_020.pth
2025-11-02 20:39:34,550 - ml3d.torch.pipelines.contrastive_learning - INFO - Epoch 21/100 | Train Loss: 0.0884 | Train Acc: 0.9643 | Val Loss: 1.7916 | Val Acc: 0.5000 | LR: 8.51e-05
2025-11-02 20:39:37,406 - ml3d.torch.pipelines.contrastive_learning - INFO - Epoch 22/100 | Train Loss: 0.1109 | Train Acc: 0.9286 | Val Loss: 1.7917 | Val Acc: 0.6667 | LR: 8.43e-05
2025-11-02 20:39:40,255 - ml3d.torch.pipelines.contrastive_learning - INFO - Epoch 23/100 | Train Loss: 0.1667 | Train Acc: 0.9286 | Val Loss: 1.7915 | Val Acc: 0.6667 | LR: 8.35e-05
2025-11-02 20:39:43,097 - ml3d.torch.pipelines.contrastive_learning - INFO - Epoch 24/100 | Train Loss: 0.1856 | Train Acc: 0.9643 | Val Loss: 1.7914 | Val Acc: 0.5000 | LR: 8.26e-05
2025-11-02 20:39:43,129 - ml3d.torch.pipelines.contrastive_learning - INFO - Checkpoint saved: logs/checkpoint/ckpt_best.pth
2025-11-02 20:39:43,129 - ml3d.torch.pipelines.contrastive_learning - INFO -   *** New best validation loss: 1.7914 ***
2025-11-02 20:39:45,974 - ml3d.torch.pipelines.contrastive_learning - INFO - Epoch 25/100 | Train Loss: 0.1029 | Train Acc: 0.9643 | Val Loss: 1.7915 | Val Acc: 0.1667 | LR: 8.18e-05
2025-11-02 20:39:48,806 - ml3d.torch.pipelines.contrastive_learning - INFO - Epoch 26/100 | Train Loss: 0.1520 | Train Acc: 0.9464 | Val Loss: 1.7913 | Val Acc: 0.8333 | LR: 8.10e-05
2025-11-02 20:39:48,836 - ml3d.torch.pipelines.contrastive_learning - INFO - Checkpoint saved: logs/checkpoint/ckpt_best.pth
2025-11-02 20:39:48,836 - ml3d.torch.pipelines.contrastive_learning - INFO -   *** New best validation loss: 1.7913 ***
2025-11-02 20:39:51,667 - ml3d.torch.pipelines.contrastive_learning - INFO - Epoch 27/100 | Train Loss: 0.0873 | Train Acc: 0.9821 | Val Loss: 1.7908 | Val Acc: 0.6667 | LR: 8.02e-05
2025-11-02 20:39:51,697 - ml3d.torch.pipelines.contrastive_learning - INFO - Checkpoint saved: logs/checkpoint/ckpt_best.pth
2025-11-02 20:39:51,698 - ml3d.torch.pipelines.contrastive_learning - INFO -   *** New best validation loss: 1.7908 ***
2025-11-02 20:39:54,535 - ml3d.torch.pipelines.contrastive_learning - INFO - Epoch 28/100 | Train Loss: 0.0940 | Train Acc: 0.9464 | Val Loss: 1.7905 | Val Acc: 1.0000 | LR: 7.94e-05
2025-11-02 20:39:54,565 - ml3d.torch.pipelines.contrastive_learning - INFO - Checkpoint saved: logs/checkpoint/ckpt_best.pth
2025-11-02 20:39:54,565 - ml3d.torch.pipelines.contrastive_learning - INFO -   *** New best validation loss: 1.7905 ***
2025-11-02 20:39:57,405 - ml3d.torch.pipelines.contrastive_learning - INFO - Epoch 29/100 | Train Loss: 0.0472 | Train Acc: 1.0000 | Val Loss: 1.7913 | Val Acc: 0.5000 | LR: 7.86e-05
2025-11-02 20:40:00,250 - ml3d.torch.pipelines.contrastive_learning - INFO - Epoch 30/100 | Train Loss: 0.0972 | Train Acc: 0.9821 | Val Loss: 1.7904 | Val Acc: 0.8333 | LR: 7.78e-05
2025-11-02 20:40:00,280 - ml3d.torch.pipelines.contrastive_learning - INFO - Checkpoint saved: logs/checkpoint/ckpt_epoch_030.pth
2025-11-02 20:40:00,302 - ml3d.torch.pipelines.contrastive_learning - INFO - Checkpoint saved: logs/checkpoint/ckpt_best.pth
2025-11-02 20:40:00,302 - ml3d.torch.pipelines.contrastive_learning - INFO -   *** New best validation loss: 1.7904 ***
2025-11-02 20:40:03,154 - ml3d.torch.pipelines.contrastive_learning - INFO - Epoch 31/100 | Train Loss: 0.1526 | Train Acc: 0.9464 | Val Loss: 1.7890 | Val Acc: 1.0000 | LR: 7.70e-05
2025-11-02 20:40:03,185 - ml3d.torch.pipelines.contrastive_learning - INFO - Checkpoint saved: logs/checkpoint/ckpt_best.pth
2025-11-02 20:40:03,186 - ml3d.torch.pipelines.contrastive_learning - INFO -   *** New best validation loss: 1.7890 ***
2025-11-02 20:40:06,025 - ml3d.torch.pipelines.contrastive_learning - INFO - Epoch 32/100 | Train Loss: 0.1098 | Train Acc: 0.9643 | Val Loss: 1.7884 | Val Acc: 0.8333 | LR: 7.62e-05
2025-11-02 20:40:06,055 - ml3d.torch.pipelines.contrastive_learning - INFO - Checkpoint saved: logs/checkpoint/ckpt_best.pth
2025-11-02 20:40:06,055 - ml3d.torch.pipelines.contrastive_learning - INFO -   *** New best validation loss: 1.7884 ***
2025-11-02 20:40:08,913 - ml3d.torch.pipelines.contrastive_learning - INFO - Epoch 33/100 | Train Loss: 0.0980 | Train Acc: 0.9643 | Val Loss: 1.7890 | Val Acc: 0.8333 | LR: 7.55e-05
2025-11-02 20:40:11,746 - ml3d.torch.pipelines.contrastive_learning - INFO - Epoch 34/100 | Train Loss: 0.1065 | Train Acc: 0.9821 | Val Loss: 1.7860 | Val Acc: 0.8333 | LR: 7.47e-05
2025-11-02 20:40:11,769 - ml3d.torch.pipelines.contrastive_learning - INFO - Checkpoint saved: logs/checkpoint/ckpt_best.pth
2025-11-02 20:40:11,769 - ml3d.torch.pipelines.contrastive_learning - INFO -   *** New best validation loss: 1.7860 ***
2025-11-02 20:40:14,641 - ml3d.torch.pipelines.contrastive_learning - INFO - Epoch 35/100 | Train Loss: 0.0549 | Train Acc: 0.9821 | Val Loss: 1.7865 | Val Acc: 0.5000 | LR: 7.40e-05
2025-11-02 20:40:17,484 - ml3d.torch.pipelines.contrastive_learning - INFO - Epoch 36/100 | Train Loss: 0.1009 | Train Acc: 0.9821 | Val Loss: 1.7820 | Val Acc: 0.8333 | LR: 7.32e-05
2025-11-02 20:40:17,516 - ml3d.torch.pipelines.contrastive_learning - INFO - Checkpoint saved: logs/checkpoint/ckpt_best.pth
2025-11-02 20:40:17,516 - ml3d.torch.pipelines.contrastive_learning - INFO -   *** New best validation loss: 1.7820 ***
2025-11-02 20:40:20,384 - ml3d.torch.pipelines.contrastive_learning - INFO - Epoch 37/100 | Train Loss: 0.1274 | Train Acc: 0.9643 | Val Loss: 1.7763 | Val Acc: 0.8333 | LR: 7.25e-05
2025-11-02 20:40:20,413 - ml3d.torch.pipelines.contrastive_learning - INFO - Checkpoint saved: logs/checkpoint/ckpt_best.pth
2025-11-02 20:40:20,413 - ml3d.torch.pipelines.contrastive_learning - INFO -   *** New best validation loss: 1.7763 ***
2025-11-02 20:40:23,248 - ml3d.torch.pipelines.contrastive_learning - INFO - Epoch 38/100 | Train Loss: 0.1243 | Train Acc: 0.9464 | Val Loss: 1.7732 | Val Acc: 1.0000 | LR: 7.18e-05
2025-11-02 20:40:23,271 - ml3d.torch.pipelines.contrastive_learning - INFO - Checkpoint saved: logs/checkpoint/ckpt_best.pth
2025-11-02 20:40:23,271 - ml3d.torch.pipelines.contrastive_learning - INFO -   *** New best validation loss: 1.7732 ***
2025-11-02 20:40:26,131 - ml3d.torch.pipelines.contrastive_learning - INFO - Epoch 39/100 | Train Loss: 0.0709 | Train Acc: 0.9821 | Val Loss: 1.7653 | Val Acc: 1.0000 | LR: 7.11e-05
2025-11-02 20:40:26,163 - ml3d.torch.pipelines.contrastive_learning - INFO - Checkpoint saved: logs/checkpoint/ckpt_best.pth
2025-11-02 20:40:26,163 - ml3d.torch.pipelines.contrastive_learning - INFO -   *** New best validation loss: 1.7653 ***
2025-11-02 20:40:29,009 - ml3d.torch.pipelines.contrastive_learning - INFO - Epoch 40/100 | Train Loss: 0.0913 | Train Acc: 0.9821 | Val Loss: 1.7578 | Val Acc: 1.0000 | LR: 7.03e-05
2025-11-02 20:40:29,038 - ml3d.torch.pipelines.contrastive_learning - INFO - Checkpoint saved: logs/checkpoint/ckpt_epoch_040.pth
2025-11-02 20:40:29,062 - ml3d.torch.pipelines.contrastive_learning - INFO - Checkpoint saved: logs/checkpoint/ckpt_best.pth
2025-11-02 20:40:29,062 - ml3d.torch.pipelines.contrastive_learning - INFO -   *** New best validation loss: 1.7578 ***
2025-11-02 20:40:31,928 - ml3d.torch.pipelines.contrastive_learning - INFO - Epoch 41/100 | Train Loss: 0.1525 | Train Acc: 0.9286 | Val Loss: 1.7200 | Val Acc: 0.8333 | LR: 6.96e-05
2025-11-02 20:40:31,958 - ml3d.torch.pipelines.contrastive_learning - INFO - Checkpoint saved: logs/checkpoint/ckpt_best.pth
2025-11-02 20:40:31,958 - ml3d.torch.pipelines.contrastive_learning - INFO -   *** New best validation loss: 1.7200 ***
2025-11-02 20:40:34,826 - ml3d.torch.pipelines.contrastive_learning - INFO - Epoch 42/100 | Train Loss: 0.0621 | Train Acc: 1.0000 | Val Loss: 1.7199 | Val Acc: 0.8333 | LR: 6.89e-05
2025-11-02 20:40:34,858 - ml3d.torch.pipelines.contrastive_learning - INFO - Checkpoint saved: logs/checkpoint/ckpt_best.pth
2025-11-02 20:40:34,858 - ml3d.torch.pipelines.contrastive_learning - INFO -   *** New best validation loss: 1.7199 ***
2025-11-02 20:40:37,696 - ml3d.torch.pipelines.contrastive_learning - INFO - Epoch 43/100 | Train Loss: 0.0980 | Train Acc: 0.9286 | Val Loss: 1.7349 | Val Acc: 1.0000 | LR: 6.83e-05
2025-11-02 20:40:40,563 - ml3d.torch.pipelines.contrastive_learning - INFO - Epoch 44/100 | Train Loss: 0.1084 | Train Acc: 0.9643 | Val Loss: 1.6341 | Val Acc: 1.0000 | LR: 6.76e-05
2025-11-02 20:40:40,594 - ml3d.torch.pipelines.contrastive_learning - INFO - Checkpoint saved: logs/checkpoint/ckpt_best.pth
2025-11-02 20:40:40,594 - ml3d.torch.pipelines.contrastive_learning - INFO -   *** New best validation loss: 1.6341 ***
2025-11-02 20:40:43,420 - ml3d.torch.pipelines.contrastive_learning - INFO - Epoch 45/100 | Train Loss: 0.1129 | Train Acc: 0.9643 | Val Loss: 1.5947 | Val Acc: 0.8333 | LR: 6.69e-05
2025-11-02 20:40:43,451 - ml3d.torch.pipelines.contrastive_learning - INFO - Checkpoint saved: logs/checkpoint/ckpt_best.pth
2025-11-02 20:40:43,451 - ml3d.torch.pipelines.contrastive_learning - INFO -   *** New best validation loss: 1.5947 ***
2025-11-02 20:40:46,289 - ml3d.torch.pipelines.contrastive_learning - INFO - Epoch 46/100 | Train Loss: 0.0887 | Train Acc: 0.9821 | Val Loss: 1.6348 | Val Acc: 1.0000 | LR: 6.62e-05
2025-11-02 20:40:49,122 - ml3d.torch.pipelines.contrastive_learning - INFO - Epoch 47/100 | Train Loss: 0.1037 | Train Acc: 0.9643 | Val Loss: 1.5854 | Val Acc: 0.8333 | LR: 6.56e-05
2025-11-02 20:40:49,154 - ml3d.torch.pipelines.contrastive_learning - INFO - Checkpoint saved: logs/checkpoint/ckpt_best.pth
2025-11-02 20:40:49,154 - ml3d.torch.pipelines.contrastive_learning - INFO -   *** New best validation loss: 1.5854 ***
2025-11-02 20:40:51,992 - ml3d.torch.pipelines.contrastive_learning - INFO - Epoch 48/100 | Train Loss: 0.0844 | Train Acc: 0.9643 | Val Loss: 1.4279 | Val Acc: 1.0000 | LR: 6.49e-05
2025-11-02 20:40:52,013 - ml3d.torch.pipelines.contrastive_learning - INFO - Checkpoint saved: logs/checkpoint/ckpt_best.pth
2025-11-02 20:40:52,013 - ml3d.torch.pipelines.contrastive_learning - INFO -   *** New best validation loss: 1.4279 ***
2025-11-02 20:40:54,890 - ml3d.torch.pipelines.contrastive_learning - INFO - Epoch 49/100 | Train Loss: 0.0883 | Train Acc: 0.9643 | Val Loss: 1.5263 | Val Acc: 1.0000 | LR: 6.43e-05
2025-11-02 20:40:57,758 - ml3d.torch.pipelines.contrastive_learning - INFO - Epoch 50/100 | Train Loss: 0.0598 | Train Acc: 0.9821 | Val Loss: 1.3973 | Val Acc: 1.0000 | LR: 6.36e-05
2025-11-02 20:40:57,788 - ml3d.torch.pipelines.contrastive_learning - INFO - Checkpoint saved: logs/checkpoint/ckpt_epoch_050.pth
2025-11-02 20:40:57,811 - ml3d.torch.pipelines.contrastive_learning - INFO - Checkpoint saved: logs/checkpoint/ckpt_best.pth
2025-11-02 20:40:57,811 - ml3d.torch.pipelines.contrastive_learning - INFO -   *** New best validation loss: 1.3973 ***
2025-11-02 20:41:00,651 - ml3d.torch.pipelines.contrastive_learning - INFO - Epoch 51/100 | Train Loss: 0.1215 | Train Acc: 0.9464 | Val Loss: 0.8469 | Val Acc: 1.0000 | LR: 6.30e-05
2025-11-02 20:41:00,682 - ml3d.torch.pipelines.contrastive_learning - INFO - Checkpoint saved: logs/checkpoint/ckpt_best.pth
2025-11-02 20:41:00,682 - ml3d.torch.pipelines.contrastive_learning - INFO -   *** New best validation loss: 0.8469 ***
2025-11-02 20:41:03,505 - ml3d.torch.pipelines.contrastive_learning - INFO - Epoch 52/100 | Train Loss: 0.0473 | Train Acc: 1.0000 | Val Loss: 0.9587 | Val Acc: 1.0000 | LR: 6.24e-05
2025-11-02 20:41:06,331 - ml3d.torch.pipelines.contrastive_learning - INFO - Epoch 53/100 | Train Loss: 0.1019 | Train Acc: 0.9821 | Val Loss: 1.0732 | Val Acc: 1.0000 | LR: 6.17e-05
2025-11-02 20:41:09,149 - ml3d.torch.pipelines.contrastive_learning - INFO - Epoch 54/100 | Train Loss: 0.0606 | Train Acc: 0.9821 | Val Loss: 0.6519 | Val Acc: 1.0000 | LR: 6.11e-05
2025-11-02 20:41:09,182 - ml3d.torch.pipelines.contrastive_learning - INFO - Checkpoint saved: logs/checkpoint/ckpt_best.pth
2025-11-02 20:41:09,182 - ml3d.torch.pipelines.contrastive_learning - INFO -   *** New best validation loss: 0.6519 ***
2025-11-02 20:41:12,043 - ml3d.torch.pipelines.contrastive_learning - INFO - Epoch 55/100 | Train Loss: 0.0665 | Train Acc: 1.0000 | Val Loss: 1.0066 | Val Acc: 0.6667 | LR: 6.05e-05
2025-11-02 20:41:14,904 - ml3d.torch.pipelines.contrastive_learning - INFO - Epoch 56/100 | Train Loss: 0.0284 | Train Acc: 1.0000 | Val Loss: 0.4608 | Val Acc: 1.0000 | LR: 5.99e-05
2025-11-02 20:41:14,935 - ml3d.torch.pipelines.contrastive_learning - INFO - Checkpoint saved: logs/checkpoint/ckpt_best.pth
2025-11-02 20:41:14,935 - ml3d.torch.pipelines.contrastive_learning - INFO -   *** New best validation loss: 0.4608 ***
2025-11-02 20:41:17,790 - ml3d.torch.pipelines.contrastive_learning - INFO - Epoch 57/100 | Train Loss: 0.0414 | Train Acc: 1.0000 | Val Loss: 0.4319 | Val Acc: 1.0000 | LR: 5.93e-05
2025-11-02 20:41:17,821 - ml3d.torch.pipelines.contrastive_learning - INFO - Checkpoint saved: logs/checkpoint/ckpt_best.pth
2025-11-02 20:41:17,821 - ml3d.torch.pipelines.contrastive_learning - INFO -   *** New best validation loss: 0.4319 ***
2025-11-02 20:41:20,668 - ml3d.torch.pipelines.contrastive_learning - INFO - Epoch 58/100 | Train Loss: 0.0173 | Train Acc: 1.0000 | Val Loss: 0.3109 | Val Acc: 1.0000 | LR: 5.87e-05
2025-11-02 20:41:20,698 - ml3d.torch.pipelines.contrastive_learning - INFO - Checkpoint saved: logs/checkpoint/ckpt_best.pth
2025-11-02 20:41:20,698 - ml3d.torch.pipelines.contrastive_learning - INFO -   *** New best validation loss: 0.3109 ***
2025-11-02 20:41:23,547 - ml3d.torch.pipelines.contrastive_learning - INFO - Epoch 59/100 | Train Loss: 0.0294 | Train Acc: 0.9821 | Val Loss: 0.3908 | Val Acc: 1.0000 | LR: 5.81e-05
2025-11-02 20:41:26,395 - ml3d.torch.pipelines.contrastive_learning - INFO - Epoch 60/100 | Train Loss: 0.0191 | Train Acc: 1.0000 | Val Loss: 0.1038 | Val Acc: 1.0000 | LR: 5.75e-05
2025-11-02 20:41:26,426 - ml3d.torch.pipelines.contrastive_learning - INFO - Checkpoint saved: logs/checkpoint/ckpt_epoch_060.pth
2025-11-02 20:41:26,448 - ml3d.torch.pipelines.contrastive_learning - INFO - Checkpoint saved: logs/checkpoint/ckpt_best.pth
2025-11-02 20:41:26,448 - ml3d.torch.pipelines.contrastive_learning - INFO -   *** New best validation loss: 0.1038 ***
2025-11-02 20:41:29,283 - ml3d.torch.pipelines.contrastive_learning - INFO - Epoch 61/100 | Train Loss: 0.0205 | Train Acc: 1.0000 | Val Loss: 0.0517 | Val Acc: 1.0000 | LR: 5.70e-05
2025-11-02 20:41:29,315 - ml3d.torch.pipelines.contrastive_learning - INFO - Checkpoint saved: logs/checkpoint/ckpt_best.pth
2025-11-02 20:41:29,315 - ml3d.torch.pipelines.contrastive_learning - INFO -   *** New best validation loss: 0.0517 ***
2025-11-02 20:41:32,164 - ml3d.torch.pipelines.contrastive_learning - INFO - Epoch 62/100 | Train Loss: 0.0774 | Train Acc: 0.9821 | Val Loss: 0.2486 | Val Acc: 1.0000 | LR: 5.64e-05
2025-11-02 20:41:35,012 - ml3d.torch.pipelines.contrastive_learning - INFO - Epoch 63/100 | Train Loss: 0.0409 | Train Acc: 0.9821 | Val Loss: 0.2037 | Val Acc: 1.0000 | LR: 5.58e-05
2025-11-02 20:41:37,877 - ml3d.torch.pipelines.contrastive_learning - INFO - Epoch 64/100 | Train Loss: 0.0370 | Train Acc: 0.9821 | Val Loss: 0.2144 | Val Acc: 1.0000 | LR: 5.53e-05
2025-11-02 20:41:40,749 - ml3d.torch.pipelines.contrastive_learning - INFO - Epoch 65/100 | Train Loss: 0.0362 | Train Acc: 0.9821 | Val Loss: 0.0666 | Val Acc: 1.0000 | LR: 5.47e-05
2025-11-02 20:41:43,621 - ml3d.torch.pipelines.contrastive_learning - INFO - Epoch 66/100 | Train Loss: 0.0327 | Train Acc: 0.9821 | Val Loss: 0.1107 | Val Acc: 1.0000 | LR: 5.42e-05
2025-11-02 20:41:46,482 - ml3d.torch.pipelines.contrastive_learning - INFO - Epoch 67/100 | Train Loss: 0.0531 | Train Acc: 0.9821 | Val Loss: 0.3285 | Val Acc: 0.8333 | LR: 5.36e-05
2025-11-02 20:41:49,303 - ml3d.torch.pipelines.contrastive_learning - INFO - Epoch 68/100 | Train Loss: 0.0719 | Train Acc: 0.9821 | Val Loss: 0.0036 | Val Acc: 1.0000 | LR: 5.31e-05
2025-11-02 20:41:49,326 - ml3d.torch.pipelines.contrastive_learning - INFO - Checkpoint saved: logs/checkpoint/ckpt_best.pth
2025-11-02 20:41:49,326 - ml3d.torch.pipelines.contrastive_learning - INFO -   *** New best validation loss: 0.0036 ***
2025-11-02 20:41:52,169 - ml3d.torch.pipelines.contrastive_learning - INFO - Epoch 69/100 | Train Loss: 0.1089 | Train Acc: 0.9643 | Val Loss: 0.1358 | Val Acc: 1.0000 | LR: 5.26e-05
2025-11-02 20:41:55,003 - ml3d.torch.pipelines.contrastive_learning - INFO - Epoch 70/100 | Train Loss: 0.0478 | Train Acc: 0.9643 | Val Loss: 0.0860 | Val Acc: 1.0000 | LR: 5.20e-05
2025-11-02 20:41:55,034 - ml3d.torch.pipelines.contrastive_learning - INFO - Checkpoint saved: logs/checkpoint/ckpt_epoch_070.pth
2025-11-02 20:41:57,874 - ml3d.torch.pipelines.contrastive_learning - INFO - Epoch 71/100 | Train Loss: 0.0333 | Train Acc: 0.9821 | Val Loss: 0.1502 | Val Acc: 1.0000 | LR: 5.15e-05
2025-11-02 20:42:00,719 - ml3d.torch.pipelines.contrastive_learning - INFO - Epoch 72/100 | Train Loss: 0.0381 | Train Acc: 1.0000 | Val Loss: 0.1360 | Val Acc: 1.0000 | LR: 5.10e-05
2025-11-02 20:42:03,551 - ml3d.torch.pipelines.contrastive_learning - INFO - Epoch 73/100 | Train Loss: 0.0567 | Train Acc: 1.0000 | Val Loss: 0.0999 | Val Acc: 1.0000 | LR: 5.05e-05
2025-11-02 20:42:06,414 - ml3d.torch.pipelines.contrastive_learning - INFO - Epoch 74/100 | Train Loss: 0.0566 | Train Acc: 1.0000 | Val Loss: 0.2356 | Val Acc: 0.8333 | LR: 5.00e-05
2025-11-02 20:42:09,280 - ml3d.torch.pipelines.contrastive_learning - INFO - Epoch 75/100 | Train Loss: 0.0579 | Train Acc: 1.0000 | Val Loss: 0.1992 | Val Acc: 0.8333 | LR: 4.95e-05
2025-11-02 20:42:12,169 - ml3d.torch.pipelines.contrastive_learning - INFO - Epoch 76/100 | Train Loss: 0.0281 | Train Acc: 1.0000 | Val Loss: 0.2090 | Val Acc: 0.8333 | LR: 4.90e-05
2025-11-02 20:42:15,017 - ml3d.torch.pipelines.contrastive_learning - INFO - Epoch 77/100 | Train Loss: 0.0961 | Train Acc: 0.9821 | Val Loss: 0.0253 | Val Acc: 1.0000 | LR: 4.85e-05
2025-11-02 20:42:17,863 - ml3d.torch.pipelines.contrastive_learning - INFO - Epoch 78/100 | Train Loss: 0.0525 | Train Acc: 0.9643 | Val Loss: 0.0061 | Val Acc: 1.0000 | LR: 4.80e-05
2025-11-02 20:42:20,734 - ml3d.torch.pipelines.contrastive_learning - INFO - Epoch 79/100 | Train Loss: 0.0279 | Train Acc: 1.0000 | Val Loss: 0.0235 | Val Acc: 1.0000 | LR: 4.75e-05
2025-11-02 20:42:23,604 - ml3d.torch.pipelines.contrastive_learning - INFO - Epoch 80/100 | Train Loss: 0.0504 | Train Acc: 1.0000 | Val Loss: 0.1713 | Val Acc: 1.0000 | LR: 4.71e-05
2025-11-02 20:42:23,635 - ml3d.torch.pipelines.contrastive_learning - INFO - Checkpoint saved: logs/checkpoint/ckpt_epoch_080.pth
2025-11-02 20:42:26,520 - ml3d.torch.pipelines.contrastive_learning - INFO - Epoch 81/100 | Train Loss: 0.0310 | Train Acc: 1.0000 | Val Loss: 0.0746 | Val Acc: 1.0000 | LR: 4.66e-05
2025-11-02 20:42:29,359 - ml3d.torch.pipelines.contrastive_learning - INFO - Epoch 82/100 | Train Loss: 0.0860 | Train Acc: 0.9464 | Val Loss: 0.1178 | Val Acc: 1.0000 | LR: 4.61e-05
2025-11-02 20:42:32,221 - ml3d.torch.pipelines.contrastive_learning - INFO - Epoch 83/100 | Train Loss: 0.0444 | Train Acc: 1.0000 | Val Loss: 0.0026 | Val Acc: 1.0000 | LR: 4.57e-05
2025-11-02 20:42:32,252 - ml3d.torch.pipelines.contrastive_learning - INFO - Checkpoint saved: logs/checkpoint/ckpt_best.pth
2025-11-02 20:42:32,252 - ml3d.torch.pipelines.contrastive_learning - INFO -   *** New best validation loss: 0.0026 ***
2025-11-02 20:42:35,085 - ml3d.torch.pipelines.contrastive_learning - INFO - Epoch 84/100 | Train Loss: 0.0406 | Train Acc: 0.9821 | Val Loss: 0.0040 | Val Acc: 1.0000 | LR: 4.52e-05
2025-11-02 20:42:37,941 - ml3d.torch.pipelines.contrastive_learning - INFO - Epoch 85/100 | Train Loss: 0.0346 | Train Acc: 1.0000 | Val Loss: 0.0106 | Val Acc: 1.0000 | LR: 4.48e-05
2025-11-02 20:42:40,807 - ml3d.torch.pipelines.contrastive_learning - INFO - Epoch 86/100 | Train Loss: 0.0588 | Train Acc: 0.9643 | Val Loss: 0.1295 | Val Acc: 1.0000 | LR: 4.43e-05
2025-11-02 20:42:43,656 - ml3d.torch.pipelines.contrastive_learning - INFO - Epoch 87/100 | Train Loss: 0.0360 | Train Acc: 1.0000 | Val Loss: 0.1367 | Val Acc: 0.8333 | LR: 4.39e-05
2025-11-02 20:42:46,503 - ml3d.torch.pipelines.contrastive_learning - INFO - Epoch 88/100 | Train Loss: 0.0485 | Train Acc: 1.0000 | Val Loss: 0.0001 | Val Acc: 1.0000 | LR: 4.34e-05
2025-11-02 20:42:46,534 - ml3d.torch.pipelines.contrastive_learning - INFO - Checkpoint saved: logs/checkpoint/ckpt_best.pth
2025-11-02 20:42:46,534 - ml3d.torch.pipelines.contrastive_learning - INFO -   *** New best validation loss: 0.0001 ***
2025-11-02 20:42:49,401 - ml3d.torch.pipelines.contrastive_learning - INFO - Epoch 89/100 | Train Loss: 0.0320 | Train Acc: 0.9821 | Val Loss: 0.0111 | Val Acc: 1.0000 | LR: 4.30e-05
2025-11-02 20:42:52,285 - ml3d.torch.pipelines.contrastive_learning - INFO - Epoch 90/100 | Train Loss: 0.0106 | Train Acc: 1.0000 | Val Loss: 0.0244 | Val Acc: 1.0000 | LR: 4.26e-05
2025-11-02 20:42:52,305 - ml3d.torch.pipelines.contrastive_learning - INFO - Checkpoint saved: logs/checkpoint/ckpt_epoch_090.pth
2025-11-02 20:42:55,160 - ml3d.torch.pipelines.contrastive_learning - INFO - Epoch 91/100 | Train Loss: 0.0268 | Train Acc: 1.0000 | Val Loss: 0.0101 | Val Acc: 1.0000 | LR: 4.21e-05
2025-11-02 20:42:57,991 - ml3d.torch.pipelines.contrastive_learning - INFO - Epoch 92/100 | Train Loss: 0.0577 | Train Acc: 0.9821 | Val Loss: 0.0081 | Val Acc: 1.0000 | LR: 4.17e-05
2025-11-02 20:43:00,832 - ml3d.torch.pipelines.contrastive_learning - INFO - Epoch 93/100 | Train Loss: 0.0338 | Train Acc: 1.0000 | Val Loss: 0.0427 | Val Acc: 1.0000 | LR: 4.13e-05
2025-11-02 20:43:03,701 - ml3d.torch.pipelines.contrastive_learning - INFO - Epoch 94/100 | Train Loss: 0.0228 | Train Acc: 1.0000 | Val Loss: 0.0306 | Val Acc: 1.0000 | LR: 4.09e-05
2025-11-02 20:43:06,576 - ml3d.torch.pipelines.contrastive_learning - INFO - Epoch 95/100 | Train Loss: 0.0482 | Train Acc: 1.0000 | Val Loss: 0.0004 | Val Acc: 1.0000 | LR: 4.05e-05
2025-11-02 20:43:09,448 - ml3d.torch.pipelines.contrastive_learning - INFO - Epoch 96/100 | Train Loss: 0.0407 | Train Acc: 0.9821 | Val Loss: 0.0636 | Val Acc: 1.0000 | LR: 4.01e-05
2025-11-02 20:43:12,307 - ml3d.torch.pipelines.contrastive_learning - INFO - Epoch 97/100 | Train Loss: 0.0282 | Train Acc: 1.0000 | Val Loss: 0.0034 | Val Acc: 1.0000 | LR: 3.97e-05
2025-11-02 20:43:15,149 - ml3d.torch.pipelines.contrastive_learning - INFO - Epoch 98/100 | Train Loss: 0.0294 | Train Acc: 0.9821 | Val Loss: 0.0191 | Val Acc: 1.0000 | LR: 3.93e-05
2025-11-02 20:43:18,022 - ml3d.torch.pipelines.contrastive_learning - INFO - Epoch 99/100 | Train Loss: 0.0262 | Train Acc: 0.9821 | Val Loss: 0.0229 | Val Acc: 1.0000 | LR: 3.89e-05
2025-11-02 20:43:20,918 - ml3d.torch.pipelines.contrastive_learning - INFO - Epoch 100/100 | Train Loss: 0.0417 | Train Acc: 0.9821 | Val Loss: 0.1167 | Val Acc: 1.0000 | LR: 3.85e-05
2025-11-02 20:43:20,946 - ml3d.torch.pipelines.contrastive_learning - INFO - Checkpoint saved: logs/checkpoint/ckpt_epoch_100.pth
2025-11-02 20:43:20,947 - ml3d.torch.pipelines.contrastive_learning - INFO - ==================================================
2025-11-02 20:43:20,947 - ml3d.torch.pipelines.contrastive_learning - INFO - Training completed!
2025-11-02 20:43:20,947 - ml3d.torch.pipelines.contrastive_learning - INFO - Best validation loss: 0.0001
2025-11-02 20:43:20,947 - ml3d.torch.pipelines.contrastive_learning - INFO - ==================================================
2025-11-02 20:43:20,947 - __main__ - INFO - 
================================================================================
2025-11-02 20:43:20,947 - __main__ - INFO - TRAINING COMPLETED
2025-11-02 20:43:20,947 - __main__ - INFO - ================================================================================
2025-11-02 20:43:20,947 - __main__ - INFO - Checkpoints saved in: ./logs/checkpoint/
2025-11-02 20:43:20,947 - __main__ - INFO - Best model: ./logs/checkpoint/ckpt_best.pth
2025-11-02 20:43:20,947 - __main__ - INFO - ================================================================================
2025-11-02 20:53:18,077 - __main__ - INFO - Random seed set to 42
2025-11-02 20:53:18,080 - __main__ - INFO - Loaded config from ml3d/configs/randlanet_harvardforest_contrast.yml
2025-11-02 20:53:18,080 - __main__ - INFO - ================================================================================
2025-11-02 20:53:18,080 - __main__ - INFO - POINTCONTRAST-STYLE CONTRASTIVE LEARNING ON HARVARDFOREST3D
2025-11-02 20:53:18,080 - __main__ - INFO - ================================================================================
2025-11-02 20:53:18,080 - __main__ - INFO - Config: ml3d/configs/randlanet_harvardforest_contrast.yml
2025-11-02 20:53:18,080 - __main__ - INFO - Device: cuda
2025-11-02 20:53:18,080 - __main__ - INFO - Model: RandLANetContrast
2025-11-02 20:53:18,080 - __main__ - INFO - ================================================================================
2025-11-02 20:53:18,080 - __main__ - INFO - Initializing HarvardForest3DContrastive dataset...
2025-11-02 20:53:18,081 - __main__ - INFO - Found 62 .las files in /home/fzhcis/mylab/data/HarvardForest
2025-11-02 20:53:18,081 - ml3d.datasets.harvardforest3d - INFO - Found 62 .las files in /home/fzhcis/mylab/data/HarvardForest
2025-11-02 20:53:18,081 - ml3d.datasets.harvardforest3d - INFO - Loaded existing train/val/test split from manifest.
2025-11-02 20:53:18,081 - ml3d.datasets.harvardforest3d - INFO - HarvardForest3D: train=56 val=6 test=0
2025-11-02 20:53:18,081 - ml3d.datasets.harvardforest3d_contrastive - INFO - HarvardForest3DContrastive initialized for contrastive learning
2025-11-02 20:53:18,081 - ml3d.datasets.harvardforest3d_contrastive - INFO -   Augmentation: rotation=±360°, scale=[0.8,1.2], jitter=0.01, dropout=0.2
2025-11-02 20:53:18,081 - __main__ - INFO - Dataset initialized successfully
2025-11-02 20:53:18,081 - __main__ - INFO - Initializing model: RandLANetContrast
2025-11-02 20:53:18,086 - ml3d.torch.models.randlanet_contrast - INFO - Built simplified encoder with PointNet-style 1x1 convolutions
2025-11-02 20:53:18,086 - ml3d.torch.models.randlanet_contrast - INFO -   Input: 3 -> Output: 1024
2025-11-02 20:53:18,089 - ml3d.torch.models.randlanet_contrast - INFO - Loading pretrained encoder from /home/fzhcis/mylab/data/semantic3d/open3d_randlanet/test_1027/randlanet_semantic3d_xyz_ckpt_2025-10-30_22-15-32_00400.pth
2025-11-02 20:53:18,204 - ml3d.torch.models.randlanet_contrast - INFO - Missing keys (expected for projection head): 44
2025-11-02 20:53:18,205 - ml3d.torch.models.randlanet_contrast - WARNING - Unexpected keys: ['encoder.0.mlp1.conv.weight', 'encoder.0.mlp1.conv.bias', 'encoder.0.mlp1.batch_norm.weight', 'encoder.0.mlp1.batch_norm.bias', 'encoder.0.mlp1.batch_norm.running_mean', 'encoder.0.mlp1.batch_norm.running_var', 'encoder.0.mlp1.batch_norm.num_batches_tracked', 'encoder.0.lse1.mlp.conv.weight', 'encoder.0.lse1.mlp.conv.bias', 'encoder.0.lse1.mlp.batch_norm.weight', 'encoder.0.lse1.mlp.batch_norm.bias', 'encoder.0.lse1.mlp.batch_norm.running_mean', 'encoder.0.lse1.mlp.batch_norm.running_var', 'encoder.0.lse1.mlp.batch_norm.num_batches_tracked', 'encoder.0.pool1.score_fn.0.weight', 'encoder.0.pool1.score_fn.0.bias', 'encoder.0.pool1.mlp.conv.weight', 'encoder.0.pool1.mlp.conv.bias', 'encoder.0.pool1.mlp.batch_norm.weight', 'encoder.0.pool1.mlp.batch_norm.bias', 'encoder.0.pool1.mlp.batch_norm.running_mean', 'encoder.0.pool1.mlp.batch_norm.running_var', 'encoder.0.pool1.mlp.batch_norm.num_batches_tracked', 'encoder.0.lse2.mlp.conv.weight', 'encoder.0.lse2.mlp.conv.bias', 'encoder.0.lse2.mlp.batch_norm.weight', 'encoder.0.lse2.mlp.batch_norm.bias', 'encoder.0.lse2.mlp.batch_norm.running_mean', 'encoder.0.lse2.mlp.batch_norm.running_var', 'encoder.0.lse2.mlp.batch_norm.num_batches_tracked', 'encoder.0.pool2.score_fn.0.weight', 'encoder.0.pool2.score_fn.0.bias', 'encoder.0.pool2.mlp.conv.weight', 'encoder.0.pool2.mlp.conv.bias', 'encoder.0.pool2.mlp.batch_norm.weight', 'encoder.0.pool2.mlp.batch_norm.bias', 'encoder.0.pool2.mlp.batch_norm.running_mean', 'encoder.0.pool2.mlp.batch_norm.running_var', 'encoder.0.pool2.mlp.batch_norm.num_batches_tracked', 'encoder.0.mlp2.conv.weight', 'encoder.0.mlp2.conv.bias', 'encoder.0.mlp2.batch_norm.weight', 'encoder.0.mlp2.batch_norm.bias', 'encoder.0.mlp2.batch_norm.running_mean', 'encoder.0.mlp2.batch_norm.running_var', 'encoder.0.mlp2.batch_norm.num_batches_tracked', 'encoder.0.shortcut.conv.weight', 'encoder.0.shortcut.conv.bias', 'encoder.0.shortcut.batch_norm.weight', 'encoder.0.shortcut.batch_norm.bias', 'encoder.0.shortcut.batch_norm.running_mean', 'encoder.0.shortcut.batch_norm.running_var', 'encoder.0.shortcut.batch_norm.num_batches_tracked', 'encoder.1.mlp1.conv.weight', 'encoder.1.mlp1.conv.bias', 'encoder.1.mlp1.batch_norm.weight', 'encoder.1.mlp1.batch_norm.bias', 'encoder.1.mlp1.batch_norm.running_mean', 'encoder.1.mlp1.batch_norm.running_var', 'encoder.1.mlp1.batch_norm.num_batches_tracked', 'encoder.1.lse1.mlp.conv.weight', 'encoder.1.lse1.mlp.conv.bias', 'encoder.1.lse1.mlp.batch_norm.weight', 'encoder.1.lse1.mlp.batch_norm.bias', 'encoder.1.lse1.mlp.batch_norm.running_mean', 'encoder.1.lse1.mlp.batch_norm.running_var', 'encoder.1.lse1.mlp.batch_norm.num_batches_tracked', 'encoder.1.pool1.score_fn.0.weight', 'encoder.1.pool1.score_fn.0.bias', 'encoder.1.pool1.mlp.conv.weight', 'encoder.1.pool1.mlp.conv.bias', 'encoder.1.pool1.mlp.batch_norm.weight', 'encoder.1.pool1.mlp.batch_norm.bias', 'encoder.1.pool1.mlp.batch_norm.running_mean', 'encoder.1.pool1.mlp.batch_norm.running_var', 'encoder.1.pool1.mlp.batch_norm.num_batches_tracked', 'encoder.1.lse2.mlp.conv.weight', 'encoder.1.lse2.mlp.conv.bias', 'encoder.1.lse2.mlp.batch_norm.weight', 'encoder.1.lse2.mlp.batch_norm.bias', 'encoder.1.lse2.mlp.batch_norm.running_mean', 'encoder.1.lse2.mlp.batch_norm.running_var', 'encoder.1.lse2.mlp.batch_norm.num_batches_tracked', 'encoder.1.pool2.score_fn.0.weight', 'encoder.1.pool2.score_fn.0.bias', 'encoder.1.pool2.mlp.conv.weight', 'encoder.1.pool2.mlp.conv.bias', 'encoder.1.pool2.mlp.batch_norm.weight', 'encoder.1.pool2.mlp.batch_norm.bias', 'encoder.1.pool2.mlp.batch_norm.running_mean', 'encoder.1.pool2.mlp.batch_norm.running_var', 'encoder.1.pool2.mlp.batch_norm.num_batches_tracked', 'encoder.1.mlp2.conv.weight', 'encoder.1.mlp2.conv.bias', 'encoder.1.mlp2.batch_norm.weight', 'encoder.1.mlp2.batch_norm.bias', 'encoder.1.mlp2.batch_norm.running_mean', 'encoder.1.mlp2.batch_norm.running_var', 'encoder.1.mlp2.batch_norm.num_batches_tracked', 'encoder.1.shortcut.conv.weight', 'encoder.1.shortcut.conv.bias', 'encoder.1.shortcut.batch_norm.weight', 'encoder.1.shortcut.batch_norm.bias', 'encoder.1.shortcut.batch_norm.running_mean', 'encoder.1.shortcut.batch_norm.running_var', 'encoder.1.shortcut.batch_norm.num_batches_tracked', 'encoder.2.mlp1.conv.weight', 'encoder.2.mlp1.conv.bias', 'encoder.2.mlp1.batch_norm.weight', 'encoder.2.mlp1.batch_norm.bias', 'encoder.2.mlp1.batch_norm.running_mean', 'encoder.2.mlp1.batch_norm.running_var', 'encoder.2.mlp1.batch_norm.num_batches_tracked', 'encoder.2.lse1.mlp.conv.weight', 'encoder.2.lse1.mlp.conv.bias', 'encoder.2.lse1.mlp.batch_norm.weight', 'encoder.2.lse1.mlp.batch_norm.bias', 'encoder.2.lse1.mlp.batch_norm.running_mean', 'encoder.2.lse1.mlp.batch_norm.running_var', 'encoder.2.lse1.mlp.batch_norm.num_batches_tracked', 'encoder.2.pool1.score_fn.0.weight', 'encoder.2.pool1.score_fn.0.bias', 'encoder.2.pool1.mlp.conv.weight', 'encoder.2.pool1.mlp.conv.bias', 'encoder.2.pool1.mlp.batch_norm.weight', 'encoder.2.pool1.mlp.batch_norm.bias', 'encoder.2.pool1.mlp.batch_norm.running_mean', 'encoder.2.pool1.mlp.batch_norm.running_var', 'encoder.2.pool1.mlp.batch_norm.num_batches_tracked', 'encoder.2.lse2.mlp.conv.weight', 'encoder.2.lse2.mlp.conv.bias', 'encoder.2.lse2.mlp.batch_norm.weight', 'encoder.2.lse2.mlp.batch_norm.bias', 'encoder.2.lse2.mlp.batch_norm.running_mean', 'encoder.2.lse2.mlp.batch_norm.running_var', 'encoder.2.lse2.mlp.batch_norm.num_batches_tracked', 'encoder.2.pool2.score_fn.0.weight', 'encoder.2.pool2.score_fn.0.bias', 'encoder.2.pool2.mlp.conv.weight', 'encoder.2.pool2.mlp.conv.bias', 'encoder.2.pool2.mlp.batch_norm.weight', 'encoder.2.pool2.mlp.batch_norm.bias', 'encoder.2.pool2.mlp.batch_norm.running_mean', 'encoder.2.pool2.mlp.batch_norm.running_var', 'encoder.2.pool2.mlp.batch_norm.num_batches_tracked', 'encoder.2.mlp2.conv.weight', 'encoder.2.mlp2.conv.bias', 'encoder.2.mlp2.batch_norm.weight', 'encoder.2.mlp2.batch_norm.bias', 'encoder.2.mlp2.batch_norm.running_mean', 'encoder.2.mlp2.batch_norm.running_var', 'encoder.2.mlp2.batch_norm.num_batches_tracked', 'encoder.2.shortcut.conv.weight', 'encoder.2.shortcut.conv.bias', 'encoder.2.shortcut.batch_norm.weight', 'encoder.2.shortcut.batch_norm.bias', 'encoder.2.shortcut.batch_norm.running_mean', 'encoder.2.shortcut.batch_norm.running_var', 'encoder.2.shortcut.batch_norm.num_batches_tracked', 'encoder.3.mlp1.conv.weight', 'encoder.3.mlp1.conv.bias', 'encoder.3.mlp1.batch_norm.weight', 'encoder.3.mlp1.batch_norm.bias', 'encoder.3.mlp1.batch_norm.running_mean', 'encoder.3.mlp1.batch_norm.running_var', 'encoder.3.mlp1.batch_norm.num_batches_tracked', 'encoder.3.lse1.mlp.conv.weight', 'encoder.3.lse1.mlp.conv.bias', 'encoder.3.lse1.mlp.batch_norm.weight', 'encoder.3.lse1.mlp.batch_norm.bias', 'encoder.3.lse1.mlp.batch_norm.running_mean', 'encoder.3.lse1.mlp.batch_norm.running_var', 'encoder.3.lse1.mlp.batch_norm.num_batches_tracked', 'encoder.3.pool1.score_fn.0.weight', 'encoder.3.pool1.score_fn.0.bias', 'encoder.3.pool1.mlp.conv.weight', 'encoder.3.pool1.mlp.conv.bias', 'encoder.3.pool1.mlp.batch_norm.weight', 'encoder.3.pool1.mlp.batch_norm.bias', 'encoder.3.pool1.mlp.batch_norm.running_mean', 'encoder.3.pool1.mlp.batch_norm.running_var', 'encoder.3.pool1.mlp.batch_norm.num_batches_tracked', 'encoder.3.lse2.mlp.conv.weight', 'encoder.3.lse2.mlp.conv.bias', 'encoder.3.lse2.mlp.batch_norm.weight', 'encoder.3.lse2.mlp.batch_norm.bias', 'encoder.3.lse2.mlp.batch_norm.running_mean', 'encoder.3.lse2.mlp.batch_norm.running_var', 'encoder.3.lse2.mlp.batch_norm.num_batches_tracked', 'encoder.3.pool2.score_fn.0.weight', 'encoder.3.pool2.score_fn.0.bias', 'encoder.3.pool2.mlp.conv.weight', 'encoder.3.pool2.mlp.conv.bias', 'encoder.3.pool2.mlp.batch_norm.weight', 'encoder.3.pool2.mlp.batch_norm.bias', 'encoder.3.pool2.mlp.batch_norm.running_mean', 'encoder.3.pool2.mlp.batch_norm.running_var', 'encoder.3.pool2.mlp.batch_norm.num_batches_tracked', 'encoder.3.mlp2.conv.weight', 'encoder.3.mlp2.conv.bias', 'encoder.3.mlp2.batch_norm.weight', 'encoder.3.mlp2.batch_norm.bias', 'encoder.3.mlp2.batch_norm.running_mean', 'encoder.3.mlp2.batch_norm.running_var', 'encoder.3.mlp2.batch_norm.num_batches_tracked', 'encoder.3.shortcut.conv.weight', 'encoder.3.shortcut.conv.bias', 'encoder.3.shortcut.batch_norm.weight', 'encoder.3.shortcut.batch_norm.bias', 'encoder.3.shortcut.batch_norm.running_mean', 'encoder.3.shortcut.batch_norm.running_var', 'encoder.3.shortcut.batch_norm.num_batches_tracked', 'encoder.4.mlp1.conv.weight', 'encoder.4.mlp1.conv.bias', 'encoder.4.mlp1.batch_norm.weight', 'encoder.4.mlp1.batch_norm.bias', 'encoder.4.mlp1.batch_norm.running_mean', 'encoder.4.mlp1.batch_norm.running_var', 'encoder.4.mlp1.batch_norm.num_batches_tracked', 'encoder.4.lse1.mlp.conv.weight', 'encoder.4.lse1.mlp.conv.bias', 'encoder.4.lse1.mlp.batch_norm.weight', 'encoder.4.lse1.mlp.batch_norm.bias', 'encoder.4.lse1.mlp.batch_norm.running_mean', 'encoder.4.lse1.mlp.batch_norm.running_var', 'encoder.4.lse1.mlp.batch_norm.num_batches_tracked', 'encoder.4.pool1.score_fn.0.weight', 'encoder.4.pool1.score_fn.0.bias', 'encoder.4.pool1.mlp.conv.weight', 'encoder.4.pool1.mlp.conv.bias', 'encoder.4.pool1.mlp.batch_norm.weight', 'encoder.4.pool1.mlp.batch_norm.bias', 'encoder.4.pool1.mlp.batch_norm.running_mean', 'encoder.4.pool1.mlp.batch_norm.running_var', 'encoder.4.pool1.mlp.batch_norm.num_batches_tracked', 'encoder.4.lse2.mlp.conv.weight', 'encoder.4.lse2.mlp.conv.bias', 'encoder.4.lse2.mlp.batch_norm.weight', 'encoder.4.lse2.mlp.batch_norm.bias', 'encoder.4.lse2.mlp.batch_norm.running_mean', 'encoder.4.lse2.mlp.batch_norm.running_var', 'encoder.4.lse2.mlp.batch_norm.num_batches_tracked', 'encoder.4.pool2.score_fn.0.weight', 'encoder.4.pool2.score_fn.0.bias', 'encoder.4.pool2.mlp.conv.weight', 'encoder.4.pool2.mlp.conv.bias', 'encoder.4.pool2.mlp.batch_norm.weight', 'encoder.4.pool2.mlp.batch_norm.bias', 'encoder.4.pool2.mlp.batch_norm.running_mean', 'encoder.4.pool2.mlp.batch_norm.running_var', 'encoder.4.pool2.mlp.batch_norm.num_batches_tracked', 'encoder.4.mlp2.conv.weight', 'encoder.4.mlp2.conv.bias', 'encoder.4.mlp2.batch_norm.weight', 'encoder.4.mlp2.batch_norm.bias', 'encoder.4.mlp2.batch_norm.running_mean', 'encoder.4.mlp2.batch_norm.running_var', 'encoder.4.mlp2.batch_norm.num_batches_tracked', 'encoder.4.shortcut.conv.weight', 'encoder.4.shortcut.conv.bias', 'encoder.4.shortcut.batch_norm.weight', 'encoder.4.shortcut.batch_norm.bias', 'encoder.4.shortcut.batch_norm.running_mean', 'encoder.4.shortcut.batch_norm.running_var', 'encoder.4.shortcut.batch_norm.num_batches_tracked', 'mlp.conv.weight', 'mlp.conv.bias', 'mlp.batch_norm.weight', 'mlp.batch_norm.bias', 'mlp.batch_norm.running_mean', 'mlp.batch_norm.running_var', 'mlp.batch_norm.num_batches_tracked']
2025-11-02 20:53:18,205 - ml3d.torch.models.randlanet_contrast - INFO - Successfully loaded 279 encoder parameters
2025-11-02 20:53:18,206 - ml3d.torch.models.randlanet_contrast - INFO - Encoder frozen (only training projection head)
2025-11-02 20:53:18,206 - ml3d.torch.models.randlanet_contrast - INFO - RandLANetContrast initialized:
2025-11-02 20:53:18,206 - ml3d.torch.models.randlanet_contrast - INFO -   Encoder output dim: 1024
2025-11-02 20:53:18,206 - ml3d.torch.models.randlanet_contrast - INFO -   Projection output dim: 128
2025-11-02 20:53:18,206 - ml3d.torch.models.randlanet_contrast - INFO -   Freeze encoder epochs: 5
2025-11-02 20:53:18,266 - __main__ - INFO - Model initialized and moved to cuda
2025-11-02 20:53:18,266 - __main__ - INFO - Initializing ContrastiveLearning pipeline...
2025-11-02 20:53:18,550 - ml3d.torch.models.randlanet_contrast - INFO - Optimizer created: encoder_lr=1.00e-04, projection_lr=1.00e-03
2025-11-02 20:53:18,551 - ml3d.torch.pipelines.contrastive_learning - INFO - TensorBoard logs will be saved to: logs/train_log
2025-11-02 20:53:18,551 - ml3d.torch.pipelines.contrastive_learning - INFO - ContrastiveLearning pipeline initialized:
2025-11-02 20:53:18,551 - ml3d.torch.pipelines.contrastive_learning - INFO -   Temperature: 0.07
2025-11-02 20:53:18,551 - ml3d.torch.pipelines.contrastive_learning - INFO -   Freeze encoder epochs: 5
2025-11-02 20:53:18,551 - ml3d.torch.pipelines.contrastive_learning - INFO -   Base LR: 0.001
2025-11-02 20:53:18,551 - ml3d.torch.pipelines.contrastive_learning - INFO -   Max epochs: 100
2025-11-02 20:53:18,551 - __main__ - INFO - Pipeline initialized successfully
2025-11-02 20:53:18,551 - __main__ - INFO - 
================================================================================
2025-11-02 20:53:18,551 - __main__ - INFO - STARTING TRAINING
2025-11-02 20:53:18,551 - __main__ - INFO - ================================================================================

2025-11-02 20:53:18,551 - ml3d.torch.pipelines.contrastive_learning - INFO - ==================================================
2025-11-02 20:53:18,551 - ml3d.torch.pipelines.contrastive_learning - INFO - Starting contrastive learning training
2025-11-02 20:53:18,551 - ml3d.torch.pipelines.contrastive_learning - INFO - ==================================================
2025-11-02 20:53:18,552 - ml3d.datasets.harvardforest3d - INFO - Found 56 LAS files for train
2025-11-02 20:53:18,552 - ml3d.datasets.harvardforest3d_contrastive - INFO - Contrastive split 'train' ready with 56 samples
2025-11-02 20:53:18,552 - ml3d.datasets.harvardforest3d - INFO - Found 6 LAS files for val
2025-11-02 20:53:18,552 - ml3d.datasets.harvardforest3d_contrastive - INFO - Contrastive split 'val' ready with 6 samples
2025-11-02 20:53:18,552 - ml3d.torch.pipelines.contrastive_learning - INFO - Train batches: 7, Val batches: 1
2025-11-02 20:53:21,380 - ml3d.torch.pipelines.contrastive_learning - INFO - Epoch 1/100 | Train Loss: 1.3758 | Train Acc: 0.5000 | Val Loss: 1.7918 | Val Acc: 0.1667 | LR: 9.90e-05
2025-11-02 20:53:21,395 - ml3d.torch.pipelines.contrastive_learning - INFO - Checkpoint saved: logs/checkpoint/ckpt_best.pth
2025-11-02 20:53:21,395 - ml3d.torch.pipelines.contrastive_learning - INFO -   *** New best validation loss: 1.7918 ***
2025-11-02 20:53:23,793 - ml3d.torch.pipelines.contrastive_learning - INFO - Epoch 2/100 | Train Loss: 1.3357 | Train Acc: 0.5357 | Val Loss: 1.7918 | Val Acc: 0.3333 | LR: 9.80e-05
2025-11-02 20:53:23,807 - ml3d.torch.pipelines.contrastive_learning - INFO - Checkpoint saved: logs/checkpoint/ckpt_best.pth
2025-11-02 20:53:23,807 - ml3d.torch.pipelines.contrastive_learning - INFO -   *** New best validation loss: 1.7918 ***
2025-11-02 20:53:26,272 - ml3d.torch.pipelines.contrastive_learning - INFO - Epoch 3/100 | Train Loss: 0.8532 | Train Acc: 0.6607 | Val Loss: 1.7917 | Val Acc: 0.3333 | LR: 9.70e-05
2025-11-02 20:53:26,294 - ml3d.torch.pipelines.contrastive_learning - INFO - Checkpoint saved: logs/checkpoint/ckpt_best.pth
2025-11-02 20:53:26,294 - ml3d.torch.pipelines.contrastive_learning - INFO -   *** New best validation loss: 1.7917 ***
2025-11-02 20:53:28,746 - ml3d.torch.pipelines.contrastive_learning - INFO - Epoch 4/100 | Train Loss: 0.7399 | Train Acc: 0.7143 | Val Loss: 1.7918 | Val Acc: 0.1667 | LR: 9.61e-05
2025-11-02 20:53:31,249 - ml3d.torch.pipelines.contrastive_learning - INFO - Epoch 5/100 | Train Loss: 0.7639 | Train Acc: 0.6607 | Val Loss: 1.7918 | Val Acc: 0.5000 | LR: 9.51e-05
2025-11-02 20:53:31,249 - ml3d.torch.models.randlanet_contrast - INFO - Encoder unfrozen (training full model)
2025-11-02 20:53:31,250 - ml3d.torch.models.randlanet_contrast - INFO - Optimizer created: encoder_lr=1.00e-04, projection_lr=1.00e-03
2025-11-02 20:53:34,336 - ml3d.torch.pipelines.contrastive_learning - INFO - Epoch 6/100 | Train Loss: 0.6743 | Train Acc: 0.7321 | Val Loss: 1.7918 | Val Acc: 0.1667 | LR: 9.90e-05
2025-11-02 20:53:37,280 - ml3d.torch.pipelines.contrastive_learning - INFO - Epoch 7/100 | Train Loss: 0.7595 | Train Acc: 0.7321 | Val Loss: 1.7917 | Val Acc: 0.5000 | LR: 9.80e-05
2025-11-02 20:53:37,309 - ml3d.torch.pipelines.contrastive_learning - INFO - Checkpoint saved: logs/checkpoint/ckpt_best.pth
2025-11-02 20:53:37,309 - ml3d.torch.pipelines.contrastive_learning - INFO -   *** New best validation loss: 1.7917 ***
2025-11-02 20:53:40,173 - ml3d.torch.pipelines.contrastive_learning - INFO - Epoch 8/100 | Train Loss: 0.3986 | Train Acc: 0.8571 | Val Loss: 1.7917 | Val Acc: 0.1667 | LR: 9.70e-05
2025-11-02 20:53:43,017 - ml3d.torch.pipelines.contrastive_learning - INFO - Epoch 9/100 | Train Loss: 0.7061 | Train Acc: 0.7143 | Val Loss: 1.7917 | Val Acc: 0.1667 | LR: 9.61e-05
2025-11-02 20:53:43,047 - ml3d.torch.pipelines.contrastive_learning - INFO - Checkpoint saved: logs/checkpoint/ckpt_best.pth
2025-11-02 20:53:43,047 - ml3d.torch.pipelines.contrastive_learning - INFO -   *** New best validation loss: 1.7917 ***
2025-11-02 20:53:45,902 - ml3d.torch.pipelines.contrastive_learning - INFO - Epoch 10/100 | Train Loss: 0.3967 | Train Acc: 0.8571 | Val Loss: 1.7917 | Val Acc: 0.3333 | LR: 9.51e-05
2025-11-02 20:53:45,933 - ml3d.torch.pipelines.contrastive_learning - INFO - Checkpoint saved: logs/checkpoint/ckpt_epoch_010.pth
2025-11-02 20:53:48,794 - ml3d.torch.pipelines.contrastive_learning - INFO - Epoch 11/100 | Train Loss: 0.3840 | Train Acc: 0.7857 | Val Loss: 1.7916 | Val Acc: 0.3333 | LR: 9.41e-05
2025-11-02 20:53:48,824 - ml3d.torch.pipelines.contrastive_learning - INFO - Checkpoint saved: logs/checkpoint/ckpt_best.pth
2025-11-02 20:53:48,824 - ml3d.torch.pipelines.contrastive_learning - INFO -   *** New best validation loss: 1.7916 ***
2025-11-02 20:53:51,705 - ml3d.torch.pipelines.contrastive_learning - INFO - Epoch 12/100 | Train Loss: 0.2231 | Train Acc: 0.9643 | Val Loss: 1.7917 | Val Acc: 0.5000 | LR: 9.32e-05
2025-11-02 20:53:54,572 - ml3d.torch.pipelines.contrastive_learning - INFO - Epoch 13/100 | Train Loss: 0.2167 | Train Acc: 0.9464 | Val Loss: 1.7918 | Val Acc: 0.3333 | LR: 9.23e-05
2025-11-02 20:53:57,416 - ml3d.torch.pipelines.contrastive_learning - INFO - Epoch 14/100 | Train Loss: 0.1894 | Train Acc: 0.9107 | Val Loss: 1.7917 | Val Acc: 0.6667 | LR: 9.14e-05
2025-11-02 20:54:00,280 - ml3d.torch.pipelines.contrastive_learning - INFO - Epoch 15/100 | Train Loss: 0.1835 | Train Acc: 0.9286 | Val Loss: 1.7916 | Val Acc: 0.1667 | LR: 9.04e-05
2025-11-02 20:54:03,137 - ml3d.torch.pipelines.contrastive_learning - INFO - Epoch 16/100 | Train Loss: 0.1761 | Train Acc: 0.9286 | Val Loss: 1.7916 | Val Acc: 0.5000 | LR: 8.95e-05
2025-11-02 20:54:05,994 - ml3d.torch.pipelines.contrastive_learning - INFO - Epoch 17/100 | Train Loss: 0.1268 | Train Acc: 0.9643 | Val Loss: 1.7916 | Val Acc: 0.6667 | LR: 8.86e-05
2025-11-02 20:54:06,023 - ml3d.torch.pipelines.contrastive_learning - INFO - Checkpoint saved: logs/checkpoint/ckpt_best.pth
2025-11-02 20:54:06,024 - ml3d.torch.pipelines.contrastive_learning - INFO -   *** New best validation loss: 1.7916 ***
2025-11-02 20:54:08,857 - ml3d.torch.pipelines.contrastive_learning - INFO - Epoch 18/100 | Train Loss: 0.2071 | Train Acc: 0.8929 | Val Loss: 1.7914 | Val Acc: 0.8333 | LR: 8.78e-05
2025-11-02 20:54:08,886 - ml3d.torch.pipelines.contrastive_learning - INFO - Checkpoint saved: logs/checkpoint/ckpt_best.pth
2025-11-02 20:54:08,886 - ml3d.torch.pipelines.contrastive_learning - INFO -   *** New best validation loss: 1.7914 ***
2025-11-02 20:54:11,761 - ml3d.torch.pipelines.contrastive_learning - INFO - Epoch 19/100 | Train Loss: 0.1280 | Train Acc: 0.9464 | Val Loss: 1.7915 | Val Acc: 0.5000 | LR: 8.69e-05
2025-11-02 20:54:14,638 - ml3d.torch.pipelines.contrastive_learning - INFO - Epoch 20/100 | Train Loss: 0.1735 | Train Acc: 0.9464 | Val Loss: 1.7913 | Val Acc: 0.6667 | LR: 8.60e-05
2025-11-02 20:54:14,668 - ml3d.torch.pipelines.contrastive_learning - INFO - Checkpoint saved: logs/checkpoint/ckpt_epoch_020.pth
2025-11-02 20:54:14,690 - ml3d.torch.pipelines.contrastive_learning - INFO - Checkpoint saved: logs/checkpoint/ckpt_best.pth
2025-11-02 20:54:14,690 - ml3d.torch.pipelines.contrastive_learning - INFO -   *** New best validation loss: 1.7913 ***
2025-11-02 20:54:17,561 - ml3d.torch.pipelines.contrastive_learning - INFO - Epoch 21/100 | Train Loss: 0.1216 | Train Acc: 0.9464 | Val Loss: 1.7916 | Val Acc: 0.8333 | LR: 8.51e-05
2025-11-02 20:54:20,451 - ml3d.torch.pipelines.contrastive_learning - INFO - Epoch 22/100 | Train Loss: 0.1232 | Train Acc: 0.9464 | Val Loss: 1.7916 | Val Acc: 0.6667 | LR: 8.43e-05
2025-11-02 20:54:23,337 - ml3d.torch.pipelines.contrastive_learning - INFO - Epoch 23/100 | Train Loss: 0.1604 | Train Acc: 0.9286 | Val Loss: 1.7914 | Val Acc: 0.3333 | LR: 8.35e-05
2025-11-02 20:54:26,223 - ml3d.torch.pipelines.contrastive_learning - INFO - Epoch 24/100 | Train Loss: 0.1284 | Train Acc: 0.9643 | Val Loss: 1.7911 | Val Acc: 0.5000 | LR: 8.26e-05
2025-11-02 20:54:26,253 - ml3d.torch.pipelines.contrastive_learning - INFO - Checkpoint saved: logs/checkpoint/ckpt_best.pth
2025-11-02 20:54:26,253 - ml3d.torch.pipelines.contrastive_learning - INFO -   *** New best validation loss: 1.7911 ***
2025-11-02 20:54:29,111 - ml3d.torch.pipelines.contrastive_learning - INFO - Epoch 25/100 | Train Loss: 0.0825 | Train Acc: 0.9643 | Val Loss: 1.7913 | Val Acc: 0.3333 | LR: 8.18e-05
2025-11-02 20:54:31,986 - ml3d.torch.pipelines.contrastive_learning - INFO - Epoch 26/100 | Train Loss: 0.1233 | Train Acc: 0.9643 | Val Loss: 1.7911 | Val Acc: 0.8333 | LR: 8.10e-05
2025-11-02 20:54:32,015 - ml3d.torch.pipelines.contrastive_learning - INFO - Checkpoint saved: logs/checkpoint/ckpt_best.pth
2025-11-02 20:54:32,015 - ml3d.torch.pipelines.contrastive_learning - INFO -   *** New best validation loss: 1.7911 ***
2025-11-02 20:54:34,866 - ml3d.torch.pipelines.contrastive_learning - INFO - Epoch 27/100 | Train Loss: 0.0768 | Train Acc: 0.9821 | Val Loss: 1.7907 | Val Acc: 0.6667 | LR: 8.02e-05
2025-11-02 20:54:34,895 - ml3d.torch.pipelines.contrastive_learning - INFO - Checkpoint saved: logs/checkpoint/ckpt_best.pth
2025-11-02 20:54:34,895 - ml3d.torch.pipelines.contrastive_learning - INFO -   *** New best validation loss: 1.7907 ***
2025-11-02 20:54:37,756 - ml3d.torch.pipelines.contrastive_learning - INFO - Epoch 28/100 | Train Loss: 0.0814 | Train Acc: 0.9643 | Val Loss: 1.7905 | Val Acc: 0.8333 | LR: 7.94e-05
2025-11-02 20:54:37,785 - ml3d.torch.pipelines.contrastive_learning - INFO - Checkpoint saved: logs/checkpoint/ckpt_best.pth
2025-11-02 20:54:37,785 - ml3d.torch.pipelines.contrastive_learning - INFO -   *** New best validation loss: 1.7905 ***
2025-11-02 20:54:40,633 - ml3d.torch.pipelines.contrastive_learning - INFO - Epoch 29/100 | Train Loss: 0.0540 | Train Acc: 0.9821 | Val Loss: 1.7911 | Val Acc: 0.5000 | LR: 7.86e-05
2025-11-02 20:54:43,485 - ml3d.torch.pipelines.contrastive_learning - INFO - Epoch 30/100 | Train Loss: 0.0574 | Train Acc: 1.0000 | Val Loss: 1.7904 | Val Acc: 0.5000 | LR: 7.78e-05
2025-11-02 20:54:43,514 - ml3d.torch.pipelines.contrastive_learning - INFO - Checkpoint saved: logs/checkpoint/ckpt_epoch_030.pth
2025-11-02 20:54:43,535 - ml3d.torch.pipelines.contrastive_learning - INFO - Checkpoint saved: logs/checkpoint/ckpt_best.pth
2025-11-02 20:54:43,535 - ml3d.torch.pipelines.contrastive_learning - INFO -   *** New best validation loss: 1.7904 ***
2025-11-02 20:54:46,434 - ml3d.torch.pipelines.contrastive_learning - INFO - Epoch 31/100 | Train Loss: 0.1167 | Train Acc: 0.9821 | Val Loss: 1.7891 | Val Acc: 1.0000 | LR: 7.70e-05
2025-11-02 20:54:46,463 - ml3d.torch.pipelines.contrastive_learning - INFO - Checkpoint saved: logs/checkpoint/ckpt_best.pth
2025-11-02 20:54:46,463 - ml3d.torch.pipelines.contrastive_learning - INFO -   *** New best validation loss: 1.7891 ***
2025-11-02 20:54:49,334 - ml3d.torch.pipelines.contrastive_learning - INFO - Epoch 32/100 | Train Loss: 0.1164 | Train Acc: 0.9821 | Val Loss: 1.7886 | Val Acc: 0.8333 | LR: 7.62e-05
2025-11-02 20:54:49,364 - ml3d.torch.pipelines.contrastive_learning - INFO - Checkpoint saved: logs/checkpoint/ckpt_best.pth
2025-11-02 20:54:49,364 - ml3d.torch.pipelines.contrastive_learning - INFO -   *** New best validation loss: 1.7886 ***
2025-11-02 20:54:52,235 - ml3d.torch.pipelines.contrastive_learning - INFO - Epoch 33/100 | Train Loss: 0.0943 | Train Acc: 0.9643 | Val Loss: 1.7887 | Val Acc: 0.8333 | LR: 7.55e-05
2025-11-02 20:54:55,072 - ml3d.torch.pipelines.contrastive_learning - INFO - Epoch 34/100 | Train Loss: 0.1314 | Train Acc: 0.9821 | Val Loss: 1.7867 | Val Acc: 1.0000 | LR: 7.47e-05
2025-11-02 20:54:55,101 - ml3d.torch.pipelines.contrastive_learning - INFO - Checkpoint saved: logs/checkpoint/ckpt_best.pth
2025-11-02 20:54:55,101 - ml3d.torch.pipelines.contrastive_learning - INFO -   *** New best validation loss: 1.7867 ***
2025-11-02 20:54:57,972 - ml3d.torch.pipelines.contrastive_learning - INFO - Epoch 35/100 | Train Loss: 0.0626 | Train Acc: 0.9821 | Val Loss: 1.7864 | Val Acc: 1.0000 | LR: 7.40e-05
2025-11-02 20:54:58,003 - ml3d.torch.pipelines.contrastive_learning - INFO - Checkpoint saved: logs/checkpoint/ckpt_best.pth
2025-11-02 20:54:58,003 - ml3d.torch.pipelines.contrastive_learning - INFO -   *** New best validation loss: 1.7864 ***
2025-11-02 20:55:00,882 - ml3d.torch.pipelines.contrastive_learning - INFO - Epoch 36/100 | Train Loss: 0.0937 | Train Acc: 0.9464 | Val Loss: 1.7814 | Val Acc: 1.0000 | LR: 7.32e-05
2025-11-02 20:55:00,911 - ml3d.torch.pipelines.contrastive_learning - INFO - Checkpoint saved: logs/checkpoint/ckpt_best.pth
2025-11-02 20:55:00,911 - ml3d.torch.pipelines.contrastive_learning - INFO -   *** New best validation loss: 1.7814 ***
2025-11-02 20:55:03,790 - ml3d.torch.pipelines.contrastive_learning - INFO - Epoch 37/100 | Train Loss: 0.1161 | Train Acc: 0.9643 | Val Loss: 1.7745 | Val Acc: 0.8333 | LR: 7.25e-05
2025-11-02 20:55:03,820 - ml3d.torch.pipelines.contrastive_learning - INFO - Checkpoint saved: logs/checkpoint/ckpt_best.pth
2025-11-02 20:55:03,820 - ml3d.torch.pipelines.contrastive_learning - INFO -   *** New best validation loss: 1.7745 ***
2025-11-02 20:55:06,672 - ml3d.torch.pipelines.contrastive_learning - INFO - Epoch 38/100 | Train Loss: 0.1570 | Train Acc: 0.9286 | Val Loss: 1.7767 | Val Acc: 1.0000 | LR: 7.18e-05
2025-11-02 20:55:09,523 - ml3d.torch.pipelines.contrastive_learning - INFO - Epoch 39/100 | Train Loss: 0.0811 | Train Acc: 0.9643 | Val Loss: 1.7751 | Val Acc: 1.0000 | LR: 7.11e-05
2025-11-02 20:55:12,390 - ml3d.torch.pipelines.contrastive_learning - INFO - Epoch 40/100 | Train Loss: 0.0660 | Train Acc: 0.9821 | Val Loss: 1.7615 | Val Acc: 1.0000 | LR: 7.03e-05
2025-11-02 20:55:12,420 - ml3d.torch.pipelines.contrastive_learning - INFO - Checkpoint saved: logs/checkpoint/ckpt_epoch_040.pth
2025-11-02 20:55:12,441 - ml3d.torch.pipelines.contrastive_learning - INFO - Checkpoint saved: logs/checkpoint/ckpt_best.pth
2025-11-02 20:55:12,442 - ml3d.torch.pipelines.contrastive_learning - INFO -   *** New best validation loss: 1.7615 ***
2025-11-02 20:55:15,304 - ml3d.torch.pipelines.contrastive_learning - INFO - Epoch 41/100 | Train Loss: 0.0907 | Train Acc: 0.9643 | Val Loss: 1.7364 | Val Acc: 1.0000 | LR: 6.96e-05
2025-11-02 20:55:15,335 - ml3d.torch.pipelines.contrastive_learning - INFO - Checkpoint saved: logs/checkpoint/ckpt_best.pth
2025-11-02 20:55:15,335 - ml3d.torch.pipelines.contrastive_learning - INFO -   *** New best validation loss: 1.7364 ***
2025-11-02 20:55:18,229 - ml3d.torch.pipelines.contrastive_learning - INFO - Epoch 42/100 | Train Loss: 0.1109 | Train Acc: 0.9464 | Val Loss: 1.7389 | Val Acc: 0.8333 | LR: 6.89e-05
2025-11-02 20:55:21,139 - ml3d.torch.pipelines.contrastive_learning - INFO - Epoch 43/100 | Train Loss: 0.0781 | Train Acc: 0.9643 | Val Loss: 1.7416 | Val Acc: 1.0000 | LR: 6.83e-05
2025-11-02 20:55:24,024 - ml3d.torch.pipelines.contrastive_learning - INFO - Epoch 44/100 | Train Loss: 0.0676 | Train Acc: 0.9643 | Val Loss: 1.6409 | Val Acc: 0.8333 | LR: 6.76e-05
2025-11-02 20:55:24,054 - ml3d.torch.pipelines.contrastive_learning - INFO - Checkpoint saved: logs/checkpoint/ckpt_best.pth
2025-11-02 20:55:24,054 - ml3d.torch.pipelines.contrastive_learning - INFO -   *** New best validation loss: 1.6409 ***
2025-11-02 20:55:26,934 - ml3d.torch.pipelines.contrastive_learning - INFO - Epoch 45/100 | Train Loss: 0.1187 | Train Acc: 0.9643 | Val Loss: 1.6106 | Val Acc: 1.0000 | LR: 6.69e-05
2025-11-02 20:55:26,964 - ml3d.torch.pipelines.contrastive_learning - INFO - Checkpoint saved: logs/checkpoint/ckpt_best.pth
2025-11-02 20:55:26,964 - ml3d.torch.pipelines.contrastive_learning - INFO -   *** New best validation loss: 1.6106 ***
2025-11-02 20:55:29,852 - ml3d.torch.pipelines.contrastive_learning - INFO - Epoch 46/100 | Train Loss: 0.1570 | Train Acc: 0.9464 | Val Loss: 1.6438 | Val Acc: 1.0000 | LR: 6.62e-05
2025-11-02 20:55:32,732 - ml3d.torch.pipelines.contrastive_learning - INFO - Epoch 47/100 | Train Loss: 0.0713 | Train Acc: 0.9821 | Val Loss: 1.5836 | Val Acc: 1.0000 | LR: 6.56e-05
2025-11-02 20:55:32,762 - ml3d.torch.pipelines.contrastive_learning - INFO - Checkpoint saved: logs/checkpoint/ckpt_best.pth
2025-11-02 20:55:32,762 - ml3d.torch.pipelines.contrastive_learning - INFO -   *** New best validation loss: 1.5836 ***
2025-11-02 20:55:35,658 - ml3d.torch.pipelines.contrastive_learning - INFO - Epoch 48/100 | Train Loss: 0.1053 | Train Acc: 0.9821 | Val Loss: 1.4141 | Val Acc: 1.0000 | LR: 6.49e-05
2025-11-02 20:55:35,689 - ml3d.torch.pipelines.contrastive_learning - INFO - Checkpoint saved: logs/checkpoint/ckpt_best.pth
2025-11-02 20:55:35,689 - ml3d.torch.pipelines.contrastive_learning - INFO -   *** New best validation loss: 1.4141 ***
2025-11-02 20:55:38,565 - ml3d.torch.pipelines.contrastive_learning - INFO - Epoch 49/100 | Train Loss: 0.0987 | Train Acc: 0.9643 | Val Loss: 1.5662 | Val Acc: 1.0000 | LR: 6.43e-05
2025-11-02 20:55:41,431 - ml3d.torch.pipelines.contrastive_learning - INFO - Epoch 50/100 | Train Loss: 0.0696 | Train Acc: 0.9821 | Val Loss: 1.4422 | Val Acc: 1.0000 | LR: 6.36e-05
2025-11-02 20:55:41,462 - ml3d.torch.pipelines.contrastive_learning - INFO - Checkpoint saved: logs/checkpoint/ckpt_epoch_050.pth
2025-11-02 20:55:44,344 - ml3d.torch.pipelines.contrastive_learning - INFO - Epoch 51/100 | Train Loss: 0.1189 | Train Acc: 0.9286 | Val Loss: 0.8733 | Val Acc: 1.0000 | LR: 6.30e-05
2025-11-02 20:55:44,374 - ml3d.torch.pipelines.contrastive_learning - INFO - Checkpoint saved: logs/checkpoint/ckpt_best.pth
2025-11-02 20:55:44,374 - ml3d.torch.pipelines.contrastive_learning - INFO -   *** New best validation loss: 0.8733 ***
2025-11-02 20:55:47,238 - ml3d.torch.pipelines.contrastive_learning - INFO - Epoch 52/100 | Train Loss: 0.0494 | Train Acc: 0.9643 | Val Loss: 1.1337 | Val Acc: 1.0000 | LR: 6.24e-05
2025-11-02 20:55:50,094 - ml3d.torch.pipelines.contrastive_learning - INFO - Epoch 53/100 | Train Loss: 0.0713 | Train Acc: 1.0000 | Val Loss: 1.1465 | Val Acc: 1.0000 | LR: 6.17e-05
2025-11-02 20:55:52,990 - ml3d.torch.pipelines.contrastive_learning - INFO - Epoch 54/100 | Train Loss: 0.0410 | Train Acc: 1.0000 | Val Loss: 0.6863 | Val Acc: 1.0000 | LR: 6.11e-05
2025-11-02 20:55:53,020 - ml3d.torch.pipelines.contrastive_learning - INFO - Checkpoint saved: logs/checkpoint/ckpt_best.pth
2025-11-02 20:55:53,020 - ml3d.torch.pipelines.contrastive_learning - INFO -   *** New best validation loss: 0.6863 ***
2025-11-02 20:55:55,892 - ml3d.torch.pipelines.contrastive_learning - INFO - Epoch 55/100 | Train Loss: 0.1532 | Train Acc: 0.9107 | Val Loss: 0.8922 | Val Acc: 1.0000 | LR: 6.05e-05
2025-11-02 20:55:58,771 - ml3d.torch.pipelines.contrastive_learning - INFO - Epoch 56/100 | Train Loss: 0.0306 | Train Acc: 1.0000 | Val Loss: 0.4628 | Val Acc: 1.0000 | LR: 5.99e-05
2025-11-02 20:55:58,801 - ml3d.torch.pipelines.contrastive_learning - INFO - Checkpoint saved: logs/checkpoint/ckpt_best.pth
2025-11-02 20:55:58,801 - ml3d.torch.pipelines.contrastive_learning - INFO -   *** New best validation loss: 0.4628 ***
2025-11-02 20:56:01,676 - ml3d.torch.pipelines.contrastive_learning - INFO - Epoch 57/100 | Train Loss: 0.0407 | Train Acc: 1.0000 | Val Loss: 0.3127 | Val Acc: 1.0000 | LR: 5.93e-05
2025-11-02 20:56:01,706 - ml3d.torch.pipelines.contrastive_learning - INFO - Checkpoint saved: logs/checkpoint/ckpt_best.pth
2025-11-02 20:56:01,706 - ml3d.torch.pipelines.contrastive_learning - INFO -   *** New best validation loss: 0.3127 ***
2025-11-02 20:56:04,569 - ml3d.torch.pipelines.contrastive_learning - INFO - Epoch 58/100 | Train Loss: 0.0375 | Train Acc: 0.9821 | Val Loss: 0.3102 | Val Acc: 1.0000 | LR: 5.87e-05
2025-11-02 20:56:04,598 - ml3d.torch.pipelines.contrastive_learning - INFO - Checkpoint saved: logs/checkpoint/ckpt_best.pth
2025-11-02 20:56:04,598 - ml3d.torch.pipelines.contrastive_learning - INFO -   *** New best validation loss: 0.3102 ***
2025-11-02 20:56:07,473 - ml3d.torch.pipelines.contrastive_learning - INFO - Epoch 59/100 | Train Loss: 0.0344 | Train Acc: 1.0000 | Val Loss: 0.4106 | Val Acc: 1.0000 | LR: 5.81e-05
2025-11-02 20:56:10,354 - ml3d.torch.pipelines.contrastive_learning - INFO - Epoch 60/100 | Train Loss: 0.0475 | Train Acc: 0.9821 | Val Loss: 0.1171 | Val Acc: 1.0000 | LR: 5.75e-05
2025-11-02 20:56:10,384 - ml3d.torch.pipelines.contrastive_learning - INFO - Checkpoint saved: logs/checkpoint/ckpt_epoch_060.pth
2025-11-02 20:56:10,405 - ml3d.torch.pipelines.contrastive_learning - INFO - Checkpoint saved: logs/checkpoint/ckpt_best.pth
2025-11-02 20:56:10,405 - ml3d.torch.pipelines.contrastive_learning - INFO -   *** New best validation loss: 0.1171 ***
2025-11-02 20:56:13,310 - ml3d.torch.pipelines.contrastive_learning - INFO - Epoch 61/100 | Train Loss: 0.0809 | Train Acc: 0.9821 | Val Loss: 0.0339 | Val Acc: 1.0000 | LR: 5.70e-05
2025-11-02 20:56:13,340 - ml3d.torch.pipelines.contrastive_learning - INFO - Checkpoint saved: logs/checkpoint/ckpt_best.pth
2025-11-02 20:56:13,340 - ml3d.torch.pipelines.contrastive_learning - INFO -   *** New best validation loss: 0.0339 ***
2025-11-02 20:56:16,210 - ml3d.torch.pipelines.contrastive_learning - INFO - Epoch 62/100 | Train Loss: 0.0477 | Train Acc: 0.9821 | Val Loss: 0.2687 | Val Acc: 1.0000 | LR: 5.64e-05
2025-11-02 20:56:19,105 - ml3d.torch.pipelines.contrastive_learning - INFO - Epoch 63/100 | Train Loss: 0.0298 | Train Acc: 1.0000 | Val Loss: 0.1425 | Val Acc: 1.0000 | LR: 5.58e-05
2025-11-02 20:56:22,018 - ml3d.torch.pipelines.contrastive_learning - INFO - Epoch 64/100 | Train Loss: 0.0283 | Train Acc: 1.0000 | Val Loss: 0.1679 | Val Acc: 1.0000 | LR: 5.53e-05
2025-11-02 20:56:24,923 - ml3d.torch.pipelines.contrastive_learning - INFO - Epoch 65/100 | Train Loss: 0.0613 | Train Acc: 0.9643 | Val Loss: 0.0497 | Val Acc: 1.0000 | LR: 5.47e-05
2025-11-02 20:56:27,952 - ml3d.torch.pipelines.contrastive_learning - INFO - Epoch 66/100 | Train Loss: 0.0219 | Train Acc: 1.0000 | Val Loss: 0.1370 | Val Acc: 0.8333 | LR: 5.42e-05
2025-11-02 20:56:30,902 - ml3d.torch.pipelines.contrastive_learning - INFO - Epoch 67/100 | Train Loss: 0.0677 | Train Acc: 0.9821 | Val Loss: 0.2426 | Val Acc: 1.0000 | LR: 5.36e-05
2025-11-02 20:56:33,756 - ml3d.torch.pipelines.contrastive_learning - INFO - Epoch 68/100 | Train Loss: 0.0678 | Train Acc: 1.0000 | Val Loss: 0.0109 | Val Acc: 1.0000 | LR: 5.31e-05
2025-11-02 20:56:33,786 - ml3d.torch.pipelines.contrastive_learning - INFO - Checkpoint saved: logs/checkpoint/ckpt_best.pth
2025-11-02 20:56:33,786 - ml3d.torch.pipelines.contrastive_learning - INFO -   *** New best validation loss: 0.0109 ***
2025-11-02 20:56:36,667 - ml3d.torch.pipelines.contrastive_learning - INFO - Epoch 69/100 | Train Loss: 0.0644 | Train Acc: 0.9821 | Val Loss: 0.0334 | Val Acc: 1.0000 | LR: 5.26e-05
2025-11-02 20:56:39,555 - ml3d.torch.pipelines.contrastive_learning - INFO - Epoch 70/100 | Train Loss: 0.0490 | Train Acc: 0.9643 | Val Loss: 0.0779 | Val Acc: 1.0000 | LR: 5.20e-05
2025-11-02 20:56:39,586 - ml3d.torch.pipelines.contrastive_learning - INFO - Checkpoint saved: logs/checkpoint/ckpt_epoch_070.pth
2025-11-02 20:56:42,433 - ml3d.torch.pipelines.contrastive_learning - INFO - Epoch 71/100 | Train Loss: 0.0255 | Train Acc: 1.0000 | Val Loss: 0.0732 | Val Acc: 1.0000 | LR: 5.15e-05
2025-11-02 20:56:45,284 - ml3d.torch.pipelines.contrastive_learning - INFO - Epoch 72/100 | Train Loss: 0.0154 | Train Acc: 1.0000 | Val Loss: 0.0791 | Val Acc: 1.0000 | LR: 5.10e-05
2025-11-02 20:56:48,150 - ml3d.torch.pipelines.contrastive_learning - INFO - Epoch 73/100 | Train Loss: 0.0423 | Train Acc: 1.0000 | Val Loss: 0.0279 | Val Acc: 1.0000 | LR: 5.05e-05
2025-11-02 20:56:50,996 - ml3d.torch.pipelines.contrastive_learning - INFO - Epoch 74/100 | Train Loss: 0.0952 | Train Acc: 0.9821 | Val Loss: 0.3063 | Val Acc: 0.8333 | LR: 5.00e-05
2025-11-02 20:56:53,878 - ml3d.torch.pipelines.contrastive_learning - INFO - Epoch 75/100 | Train Loss: 0.0565 | Train Acc: 0.9821 | Val Loss: 0.1145 | Val Acc: 1.0000 | LR: 4.95e-05
2025-11-02 20:56:56,757 - ml3d.torch.pipelines.contrastive_learning - INFO - Epoch 76/100 | Train Loss: 0.0455 | Train Acc: 0.9821 | Val Loss: 0.1111 | Val Acc: 1.0000 | LR: 4.90e-05
2025-11-02 20:56:59,612 - ml3d.torch.pipelines.contrastive_learning - INFO - Epoch 77/100 | Train Loss: 0.0727 | Train Acc: 0.9821 | Val Loss: 0.0187 | Val Acc: 1.0000 | LR: 4.85e-05
2025-11-02 20:57:02,466 - ml3d.torch.pipelines.contrastive_learning - INFO - Epoch 78/100 | Train Loss: 0.0389 | Train Acc: 1.0000 | Val Loss: 0.0234 | Val Acc: 1.0000 | LR: 4.80e-05
2025-11-02 20:57:05,326 - ml3d.torch.pipelines.contrastive_learning - INFO - Epoch 79/100 | Train Loss: 0.0289 | Train Acc: 1.0000 | Val Loss: 0.0109 | Val Acc: 1.0000 | LR: 4.75e-05
2025-11-02 20:57:05,356 - ml3d.torch.pipelines.contrastive_learning - INFO - Checkpoint saved: logs/checkpoint/ckpt_best.pth
2025-11-02 20:57:05,356 - ml3d.torch.pipelines.contrastive_learning - INFO -   *** New best validation loss: 0.0109 ***
2025-11-02 20:57:08,216 - ml3d.torch.pipelines.contrastive_learning - INFO - Epoch 80/100 | Train Loss: 0.0827 | Train Acc: 0.9464 | Val Loss: 0.1080 | Val Acc: 1.0000 | LR: 4.71e-05
2025-11-02 20:57:08,246 - ml3d.torch.pipelines.contrastive_learning - INFO - Checkpoint saved: logs/checkpoint/ckpt_epoch_080.pth
2025-11-02 20:57:11,091 - ml3d.torch.pipelines.contrastive_learning - INFO - Epoch 81/100 | Train Loss: 0.0196 | Train Acc: 1.0000 | Val Loss: 0.0119 | Val Acc: 1.0000 | LR: 4.66e-05
2025-11-02 20:57:13,949 - ml3d.torch.pipelines.contrastive_learning - INFO - Epoch 82/100 | Train Loss: 0.0650 | Train Acc: 0.9821 | Val Loss: 0.0081 | Val Acc: 1.0000 | LR: 4.61e-05
2025-11-02 20:57:13,978 - ml3d.torch.pipelines.contrastive_learning - INFO - Checkpoint saved: logs/checkpoint/ckpt_best.pth
2025-11-02 20:57:13,978 - ml3d.torch.pipelines.contrastive_learning - INFO -   *** New best validation loss: 0.0081 ***
2025-11-02 20:57:16,829 - ml3d.torch.pipelines.contrastive_learning - INFO - Epoch 83/100 | Train Loss: 0.0783 | Train Acc: 0.9643 | Val Loss: 0.0043 | Val Acc: 1.0000 | LR: 4.57e-05
2025-11-02 20:57:16,858 - ml3d.torch.pipelines.contrastive_learning - INFO - Checkpoint saved: logs/checkpoint/ckpt_best.pth
2025-11-02 20:57:16,858 - ml3d.torch.pipelines.contrastive_learning - INFO -   *** New best validation loss: 0.0043 ***
2025-11-02 20:57:19,706 - ml3d.torch.pipelines.contrastive_learning - INFO - Epoch 84/100 | Train Loss: 0.0551 | Train Acc: 0.9821 | Val Loss: 0.0311 | Val Acc: 1.0000 | LR: 4.52e-05
2025-11-02 20:57:22,605 - ml3d.torch.pipelines.contrastive_learning - INFO - Epoch 85/100 | Train Loss: 0.0361 | Train Acc: 1.0000 | Val Loss: 0.0342 | Val Acc: 1.0000 | LR: 4.48e-05
2025-11-02 20:57:25,483 - ml3d.torch.pipelines.contrastive_learning - INFO - Epoch 86/100 | Train Loss: 0.0561 | Train Acc: 0.9821 | Val Loss: 0.1329 | Val Acc: 0.8333 | LR: 4.43e-05
2025-11-02 20:57:28,341 - ml3d.torch.pipelines.contrastive_learning - INFO - Epoch 87/100 | Train Loss: 0.0578 | Train Acc: 0.9643 | Val Loss: 0.1684 | Val Acc: 1.0000 | LR: 4.39e-05
2025-11-02 20:57:31,190 - ml3d.torch.pipelines.contrastive_learning - INFO - Epoch 88/100 | Train Loss: 0.0409 | Train Acc: 0.9821 | Val Loss: 0.0020 | Val Acc: 1.0000 | LR: 4.34e-05
2025-11-02 20:57:31,219 - ml3d.torch.pipelines.contrastive_learning - INFO - Checkpoint saved: logs/checkpoint/ckpt_best.pth
2025-11-02 20:57:31,219 - ml3d.torch.pipelines.contrastive_learning - INFO -   *** New best validation loss: 0.0020 ***
2025-11-02 20:57:34,063 - ml3d.torch.pipelines.contrastive_learning - INFO - Epoch 89/100 | Train Loss: 0.0257 | Train Acc: 1.0000 | Val Loss: 0.0136 | Val Acc: 1.0000 | LR: 4.30e-05
2025-11-02 20:57:36,917 - ml3d.torch.pipelines.contrastive_learning - INFO - Epoch 90/100 | Train Loss: 0.0137 | Train Acc: 1.0000 | Val Loss: 0.0417 | Val Acc: 1.0000 | LR: 4.26e-05
2025-11-02 20:57:36,946 - ml3d.torch.pipelines.contrastive_learning - INFO - Checkpoint saved: logs/checkpoint/ckpt_epoch_090.pth
2025-11-02 20:57:39,802 - ml3d.torch.pipelines.contrastive_learning - INFO - Epoch 91/100 | Train Loss: 0.0498 | Train Acc: 0.9821 | Val Loss: 0.0030 | Val Acc: 1.0000 | LR: 4.21e-05
2025-11-02 20:57:42,645 - ml3d.torch.pipelines.contrastive_learning - INFO - Epoch 92/100 | Train Loss: 0.0703 | Train Acc: 0.9643 | Val Loss: 0.0069 | Val Acc: 1.0000 | LR: 4.17e-05
2025-11-02 20:57:45,490 - ml3d.torch.pipelines.contrastive_learning - INFO - Epoch 93/100 | Train Loss: 0.0462 | Train Acc: 1.0000 | Val Loss: 0.0430 | Val Acc: 1.0000 | LR: 4.13e-05
2025-11-02 20:57:48,337 - ml3d.torch.pipelines.contrastive_learning - INFO - Epoch 94/100 | Train Loss: 0.0388 | Train Acc: 0.9821 | Val Loss: 0.0691 | Val Acc: 1.0000 | LR: 4.09e-05
2025-11-02 20:57:51,176 - ml3d.torch.pipelines.contrastive_learning - INFO - Epoch 95/100 | Train Loss: 0.0452 | Train Acc: 0.9643 | Val Loss: 0.0006 | Val Acc: 1.0000 | LR: 4.05e-05
2025-11-02 20:57:51,205 - ml3d.torch.pipelines.contrastive_learning - INFO - Checkpoint saved: logs/checkpoint/ckpt_best.pth
2025-11-02 20:57:51,205 - ml3d.torch.pipelines.contrastive_learning - INFO -   *** New best validation loss: 0.0006 ***
2025-11-02 20:57:54,046 - ml3d.torch.pipelines.contrastive_learning - INFO - Epoch 96/100 | Train Loss: 0.0505 | Train Acc: 0.9821 | Val Loss: 0.0339 | Val Acc: 1.0000 | LR: 4.01e-05
2025-11-02 20:57:56,900 - ml3d.torch.pipelines.contrastive_learning - INFO - Epoch 97/100 | Train Loss: 0.0768 | Train Acc: 0.9464 | Val Loss: 0.0364 | Val Acc: 1.0000 | LR: 3.97e-05
2025-11-02 20:57:59,751 - ml3d.torch.pipelines.contrastive_learning - INFO - Epoch 98/100 | Train Loss: 0.0188 | Train Acc: 1.0000 | Val Loss: 0.0232 | Val Acc: 1.0000 | LR: 3.93e-05
2025-11-02 20:58:02,602 - ml3d.torch.pipelines.contrastive_learning - INFO - Epoch 99/100 | Train Loss: 0.0322 | Train Acc: 0.9821 | Val Loss: 0.0269 | Val Acc: 1.0000 | LR: 3.89e-05
2025-11-02 20:58:05,442 - ml3d.torch.pipelines.contrastive_learning - INFO - Epoch 100/100 | Train Loss: 0.0255 | Train Acc: 0.9821 | Val Loss: 0.1193 | Val Acc: 1.0000 | LR: 3.85e-05
2025-11-02 20:58:05,462 - ml3d.torch.pipelines.contrastive_learning - INFO - Checkpoint saved: logs/checkpoint/ckpt_epoch_100.pth
2025-11-02 20:58:05,462 - ml3d.torch.pipelines.contrastive_learning - INFO - ==================================================
2025-11-02 20:58:05,462 - ml3d.torch.pipelines.contrastive_learning - INFO - Training completed!
2025-11-02 20:58:05,462 - ml3d.torch.pipelines.contrastive_learning - INFO - Best validation loss: 0.0006
2025-11-02 20:58:05,462 - ml3d.torch.pipelines.contrastive_learning - INFO - ==================================================
2025-11-02 20:58:05,462 - __main__ - INFO - 
================================================================================
2025-11-02 20:58:05,462 - __main__ - INFO - TRAINING COMPLETED
2025-11-02 20:58:05,462 - __main__ - INFO - ================================================================================
2025-11-02 20:58:05,462 - __main__ - INFO - Checkpoints saved in: ./logs/checkpoint/
2025-11-02 20:58:05,462 - __main__ - INFO - Best model: ./logs/checkpoint/ckpt_best.pth
2025-11-02 20:58:05,462 - __main__ - INFO - ================================================================================
2025-11-02 21:08:51,929 - __main__ - INFO - Random seed set to 42
2025-11-02 21:08:51,932 - __main__ - INFO - Loaded config from ml3d/configs/randlanet_harvardforest_contrast.yml
2025-11-02 21:08:51,932 - __main__ - INFO - ================================================================================
2025-11-02 21:08:51,932 - __main__ - INFO - POINTCONTRAST-STYLE CONTRASTIVE LEARNING ON HARVARDFOREST3D
2025-11-02 21:08:51,932 - __main__ - INFO - ================================================================================
2025-11-02 21:08:51,932 - __main__ - INFO - Config: ml3d/configs/randlanet_harvardforest_contrast.yml
2025-11-02 21:08:51,932 - __main__ - INFO - Device: cuda
2025-11-02 21:08:51,932 - __main__ - INFO - Model: RandLANetContrast
2025-11-02 21:08:51,932 - __main__ - INFO - ================================================================================
2025-11-02 21:08:51,932 - __main__ - INFO - Initializing HarvardForest3DContrastive dataset...
2025-11-02 21:08:51,932 - __main__ - INFO - Found 62 .las files in /home/fzhcis/mylab/data/HarvardForest
2025-11-02 21:08:51,933 - ml3d.datasets.harvardforest3d - INFO - Found 62 .las files in /home/fzhcis/mylab/data/HarvardForest
2025-11-02 21:08:51,933 - ml3d.datasets.harvardforest3d - INFO - Created new split and saved to logs/cache_harvardforest_contrast/HarvardForest3DContrastive_split.json
2025-11-02 21:08:51,933 - ml3d.datasets.harvardforest3d - INFO - HarvardForest3D: train=56 val=6 test=0
2025-11-02 21:08:51,933 - ml3d.datasets.harvardforest3d_contrastive - INFO - HarvardForest3DContrastive initialized for contrastive learning
2025-11-02 21:08:51,933 - ml3d.datasets.harvardforest3d_contrastive - INFO -   Augmentation: rotation=±360°, scale=[0.8,1.2], jitter=0.01, dropout=0.2
2025-11-02 21:08:51,933 - __main__ - INFO - Dataset initialized successfully
2025-11-02 21:08:51,933 - __main__ - INFO - Initializing model: RandLANetContrast
2025-11-02 21:08:51,938 - ml3d.torch.models.randlanet_contrast - INFO - Built simplified encoder with PointNet-style 1x1 convolutions
2025-11-02 21:08:51,938 - ml3d.torch.models.randlanet_contrast - INFO -   Input: 3 -> Output: 1024
2025-11-02 21:08:51,941 - ml3d.torch.models.randlanet_contrast - INFO - Loading pretrained encoder from /home/fzhcis/mylab/data/semantic3d/open3d_randlanet/test_1027/randlanet_semantic3d_xyz_ckpt_2025-10-30_22-15-32_00400.pth
2025-11-02 21:08:52,060 - ml3d.torch.models.randlanet_contrast - INFO - Missing keys (expected for projection head): 44
2025-11-02 21:08:52,060 - ml3d.torch.models.randlanet_contrast - WARNING - Unexpected keys: ['encoder.0.mlp1.conv.weight', 'encoder.0.mlp1.conv.bias', 'encoder.0.mlp1.batch_norm.weight', 'encoder.0.mlp1.batch_norm.bias', 'encoder.0.mlp1.batch_norm.running_mean', 'encoder.0.mlp1.batch_norm.running_var', 'encoder.0.mlp1.batch_norm.num_batches_tracked', 'encoder.0.lse1.mlp.conv.weight', 'encoder.0.lse1.mlp.conv.bias', 'encoder.0.lse1.mlp.batch_norm.weight', 'encoder.0.lse1.mlp.batch_norm.bias', 'encoder.0.lse1.mlp.batch_norm.running_mean', 'encoder.0.lse1.mlp.batch_norm.running_var', 'encoder.0.lse1.mlp.batch_norm.num_batches_tracked', 'encoder.0.pool1.score_fn.0.weight', 'encoder.0.pool1.score_fn.0.bias', 'encoder.0.pool1.mlp.conv.weight', 'encoder.0.pool1.mlp.conv.bias', 'encoder.0.pool1.mlp.batch_norm.weight', 'encoder.0.pool1.mlp.batch_norm.bias', 'encoder.0.pool1.mlp.batch_norm.running_mean', 'encoder.0.pool1.mlp.batch_norm.running_var', 'encoder.0.pool1.mlp.batch_norm.num_batches_tracked', 'encoder.0.lse2.mlp.conv.weight', 'encoder.0.lse2.mlp.conv.bias', 'encoder.0.lse2.mlp.batch_norm.weight', 'encoder.0.lse2.mlp.batch_norm.bias', 'encoder.0.lse2.mlp.batch_norm.running_mean', 'encoder.0.lse2.mlp.batch_norm.running_var', 'encoder.0.lse2.mlp.batch_norm.num_batches_tracked', 'encoder.0.pool2.score_fn.0.weight', 'encoder.0.pool2.score_fn.0.bias', 'encoder.0.pool2.mlp.conv.weight', 'encoder.0.pool2.mlp.conv.bias', 'encoder.0.pool2.mlp.batch_norm.weight', 'encoder.0.pool2.mlp.batch_norm.bias', 'encoder.0.pool2.mlp.batch_norm.running_mean', 'encoder.0.pool2.mlp.batch_norm.running_var', 'encoder.0.pool2.mlp.batch_norm.num_batches_tracked', 'encoder.0.mlp2.conv.weight', 'encoder.0.mlp2.conv.bias', 'encoder.0.mlp2.batch_norm.weight', 'encoder.0.mlp2.batch_norm.bias', 'encoder.0.mlp2.batch_norm.running_mean', 'encoder.0.mlp2.batch_norm.running_var', 'encoder.0.mlp2.batch_norm.num_batches_tracked', 'encoder.0.shortcut.conv.weight', 'encoder.0.shortcut.conv.bias', 'encoder.0.shortcut.batch_norm.weight', 'encoder.0.shortcut.batch_norm.bias', 'encoder.0.shortcut.batch_norm.running_mean', 'encoder.0.shortcut.batch_norm.running_var', 'encoder.0.shortcut.batch_norm.num_batches_tracked', 'encoder.1.mlp1.conv.weight', 'encoder.1.mlp1.conv.bias', 'encoder.1.mlp1.batch_norm.weight', 'encoder.1.mlp1.batch_norm.bias', 'encoder.1.mlp1.batch_norm.running_mean', 'encoder.1.mlp1.batch_norm.running_var', 'encoder.1.mlp1.batch_norm.num_batches_tracked', 'encoder.1.lse1.mlp.conv.weight', 'encoder.1.lse1.mlp.conv.bias', 'encoder.1.lse1.mlp.batch_norm.weight', 'encoder.1.lse1.mlp.batch_norm.bias', 'encoder.1.lse1.mlp.batch_norm.running_mean', 'encoder.1.lse1.mlp.batch_norm.running_var', 'encoder.1.lse1.mlp.batch_norm.num_batches_tracked', 'encoder.1.pool1.score_fn.0.weight', 'encoder.1.pool1.score_fn.0.bias', 'encoder.1.pool1.mlp.conv.weight', 'encoder.1.pool1.mlp.conv.bias', 'encoder.1.pool1.mlp.batch_norm.weight', 'encoder.1.pool1.mlp.batch_norm.bias', 'encoder.1.pool1.mlp.batch_norm.running_mean', 'encoder.1.pool1.mlp.batch_norm.running_var', 'encoder.1.pool1.mlp.batch_norm.num_batches_tracked', 'encoder.1.lse2.mlp.conv.weight', 'encoder.1.lse2.mlp.conv.bias', 'encoder.1.lse2.mlp.batch_norm.weight', 'encoder.1.lse2.mlp.batch_norm.bias', 'encoder.1.lse2.mlp.batch_norm.running_mean', 'encoder.1.lse2.mlp.batch_norm.running_var', 'encoder.1.lse2.mlp.batch_norm.num_batches_tracked', 'encoder.1.pool2.score_fn.0.weight', 'encoder.1.pool2.score_fn.0.bias', 'encoder.1.pool2.mlp.conv.weight', 'encoder.1.pool2.mlp.conv.bias', 'encoder.1.pool2.mlp.batch_norm.weight', 'encoder.1.pool2.mlp.batch_norm.bias', 'encoder.1.pool2.mlp.batch_norm.running_mean', 'encoder.1.pool2.mlp.batch_norm.running_var', 'encoder.1.pool2.mlp.batch_norm.num_batches_tracked', 'encoder.1.mlp2.conv.weight', 'encoder.1.mlp2.conv.bias', 'encoder.1.mlp2.batch_norm.weight', 'encoder.1.mlp2.batch_norm.bias', 'encoder.1.mlp2.batch_norm.running_mean', 'encoder.1.mlp2.batch_norm.running_var', 'encoder.1.mlp2.batch_norm.num_batches_tracked', 'encoder.1.shortcut.conv.weight', 'encoder.1.shortcut.conv.bias', 'encoder.1.shortcut.batch_norm.weight', 'encoder.1.shortcut.batch_norm.bias', 'encoder.1.shortcut.batch_norm.running_mean', 'encoder.1.shortcut.batch_norm.running_var', 'encoder.1.shortcut.batch_norm.num_batches_tracked', 'encoder.2.mlp1.conv.weight', 'encoder.2.mlp1.conv.bias', 'encoder.2.mlp1.batch_norm.weight', 'encoder.2.mlp1.batch_norm.bias', 'encoder.2.mlp1.batch_norm.running_mean', 'encoder.2.mlp1.batch_norm.running_var', 'encoder.2.mlp1.batch_norm.num_batches_tracked', 'encoder.2.lse1.mlp.conv.weight', 'encoder.2.lse1.mlp.conv.bias', 'encoder.2.lse1.mlp.batch_norm.weight', 'encoder.2.lse1.mlp.batch_norm.bias', 'encoder.2.lse1.mlp.batch_norm.running_mean', 'encoder.2.lse1.mlp.batch_norm.running_var', 'encoder.2.lse1.mlp.batch_norm.num_batches_tracked', 'encoder.2.pool1.score_fn.0.weight', 'encoder.2.pool1.score_fn.0.bias', 'encoder.2.pool1.mlp.conv.weight', 'encoder.2.pool1.mlp.conv.bias', 'encoder.2.pool1.mlp.batch_norm.weight', 'encoder.2.pool1.mlp.batch_norm.bias', 'encoder.2.pool1.mlp.batch_norm.running_mean', 'encoder.2.pool1.mlp.batch_norm.running_var', 'encoder.2.pool1.mlp.batch_norm.num_batches_tracked', 'encoder.2.lse2.mlp.conv.weight', 'encoder.2.lse2.mlp.conv.bias', 'encoder.2.lse2.mlp.batch_norm.weight', 'encoder.2.lse2.mlp.batch_norm.bias', 'encoder.2.lse2.mlp.batch_norm.running_mean', 'encoder.2.lse2.mlp.batch_norm.running_var', 'encoder.2.lse2.mlp.batch_norm.num_batches_tracked', 'encoder.2.pool2.score_fn.0.weight', 'encoder.2.pool2.score_fn.0.bias', 'encoder.2.pool2.mlp.conv.weight', 'encoder.2.pool2.mlp.conv.bias', 'encoder.2.pool2.mlp.batch_norm.weight', 'encoder.2.pool2.mlp.batch_norm.bias', 'encoder.2.pool2.mlp.batch_norm.running_mean', 'encoder.2.pool2.mlp.batch_norm.running_var', 'encoder.2.pool2.mlp.batch_norm.num_batches_tracked', 'encoder.2.mlp2.conv.weight', 'encoder.2.mlp2.conv.bias', 'encoder.2.mlp2.batch_norm.weight', 'encoder.2.mlp2.batch_norm.bias', 'encoder.2.mlp2.batch_norm.running_mean', 'encoder.2.mlp2.batch_norm.running_var', 'encoder.2.mlp2.batch_norm.num_batches_tracked', 'encoder.2.shortcut.conv.weight', 'encoder.2.shortcut.conv.bias', 'encoder.2.shortcut.batch_norm.weight', 'encoder.2.shortcut.batch_norm.bias', 'encoder.2.shortcut.batch_norm.running_mean', 'encoder.2.shortcut.batch_norm.running_var', 'encoder.2.shortcut.batch_norm.num_batches_tracked', 'encoder.3.mlp1.conv.weight', 'encoder.3.mlp1.conv.bias', 'encoder.3.mlp1.batch_norm.weight', 'encoder.3.mlp1.batch_norm.bias', 'encoder.3.mlp1.batch_norm.running_mean', 'encoder.3.mlp1.batch_norm.running_var', 'encoder.3.mlp1.batch_norm.num_batches_tracked', 'encoder.3.lse1.mlp.conv.weight', 'encoder.3.lse1.mlp.conv.bias', 'encoder.3.lse1.mlp.batch_norm.weight', 'encoder.3.lse1.mlp.batch_norm.bias', 'encoder.3.lse1.mlp.batch_norm.running_mean', 'encoder.3.lse1.mlp.batch_norm.running_var', 'encoder.3.lse1.mlp.batch_norm.num_batches_tracked', 'encoder.3.pool1.score_fn.0.weight', 'encoder.3.pool1.score_fn.0.bias', 'encoder.3.pool1.mlp.conv.weight', 'encoder.3.pool1.mlp.conv.bias', 'encoder.3.pool1.mlp.batch_norm.weight', 'encoder.3.pool1.mlp.batch_norm.bias', 'encoder.3.pool1.mlp.batch_norm.running_mean', 'encoder.3.pool1.mlp.batch_norm.running_var', 'encoder.3.pool1.mlp.batch_norm.num_batches_tracked', 'encoder.3.lse2.mlp.conv.weight', 'encoder.3.lse2.mlp.conv.bias', 'encoder.3.lse2.mlp.batch_norm.weight', 'encoder.3.lse2.mlp.batch_norm.bias', 'encoder.3.lse2.mlp.batch_norm.running_mean', 'encoder.3.lse2.mlp.batch_norm.running_var', 'encoder.3.lse2.mlp.batch_norm.num_batches_tracked', 'encoder.3.pool2.score_fn.0.weight', 'encoder.3.pool2.score_fn.0.bias', 'encoder.3.pool2.mlp.conv.weight', 'encoder.3.pool2.mlp.conv.bias', 'encoder.3.pool2.mlp.batch_norm.weight', 'encoder.3.pool2.mlp.batch_norm.bias', 'encoder.3.pool2.mlp.batch_norm.running_mean', 'encoder.3.pool2.mlp.batch_norm.running_var', 'encoder.3.pool2.mlp.batch_norm.num_batches_tracked', 'encoder.3.mlp2.conv.weight', 'encoder.3.mlp2.conv.bias', 'encoder.3.mlp2.batch_norm.weight', 'encoder.3.mlp2.batch_norm.bias', 'encoder.3.mlp2.batch_norm.running_mean', 'encoder.3.mlp2.batch_norm.running_var', 'encoder.3.mlp2.batch_norm.num_batches_tracked', 'encoder.3.shortcut.conv.weight', 'encoder.3.shortcut.conv.bias', 'encoder.3.shortcut.batch_norm.weight', 'encoder.3.shortcut.batch_norm.bias', 'encoder.3.shortcut.batch_norm.running_mean', 'encoder.3.shortcut.batch_norm.running_var', 'encoder.3.shortcut.batch_norm.num_batches_tracked', 'encoder.4.mlp1.conv.weight', 'encoder.4.mlp1.conv.bias', 'encoder.4.mlp1.batch_norm.weight', 'encoder.4.mlp1.batch_norm.bias', 'encoder.4.mlp1.batch_norm.running_mean', 'encoder.4.mlp1.batch_norm.running_var', 'encoder.4.mlp1.batch_norm.num_batches_tracked', 'encoder.4.lse1.mlp.conv.weight', 'encoder.4.lse1.mlp.conv.bias', 'encoder.4.lse1.mlp.batch_norm.weight', 'encoder.4.lse1.mlp.batch_norm.bias', 'encoder.4.lse1.mlp.batch_norm.running_mean', 'encoder.4.lse1.mlp.batch_norm.running_var', 'encoder.4.lse1.mlp.batch_norm.num_batches_tracked', 'encoder.4.pool1.score_fn.0.weight', 'encoder.4.pool1.score_fn.0.bias', 'encoder.4.pool1.mlp.conv.weight', 'encoder.4.pool1.mlp.conv.bias', 'encoder.4.pool1.mlp.batch_norm.weight', 'encoder.4.pool1.mlp.batch_norm.bias', 'encoder.4.pool1.mlp.batch_norm.running_mean', 'encoder.4.pool1.mlp.batch_norm.running_var', 'encoder.4.pool1.mlp.batch_norm.num_batches_tracked', 'encoder.4.lse2.mlp.conv.weight', 'encoder.4.lse2.mlp.conv.bias', 'encoder.4.lse2.mlp.batch_norm.weight', 'encoder.4.lse2.mlp.batch_norm.bias', 'encoder.4.lse2.mlp.batch_norm.running_mean', 'encoder.4.lse2.mlp.batch_norm.running_var', 'encoder.4.lse2.mlp.batch_norm.num_batches_tracked', 'encoder.4.pool2.score_fn.0.weight', 'encoder.4.pool2.score_fn.0.bias', 'encoder.4.pool2.mlp.conv.weight', 'encoder.4.pool2.mlp.conv.bias', 'encoder.4.pool2.mlp.batch_norm.weight', 'encoder.4.pool2.mlp.batch_norm.bias', 'encoder.4.pool2.mlp.batch_norm.running_mean', 'encoder.4.pool2.mlp.batch_norm.running_var', 'encoder.4.pool2.mlp.batch_norm.num_batches_tracked', 'encoder.4.mlp2.conv.weight', 'encoder.4.mlp2.conv.bias', 'encoder.4.mlp2.batch_norm.weight', 'encoder.4.mlp2.batch_norm.bias', 'encoder.4.mlp2.batch_norm.running_mean', 'encoder.4.mlp2.batch_norm.running_var', 'encoder.4.mlp2.batch_norm.num_batches_tracked', 'encoder.4.shortcut.conv.weight', 'encoder.4.shortcut.conv.bias', 'encoder.4.shortcut.batch_norm.weight', 'encoder.4.shortcut.batch_norm.bias', 'encoder.4.shortcut.batch_norm.running_mean', 'encoder.4.shortcut.batch_norm.running_var', 'encoder.4.shortcut.batch_norm.num_batches_tracked', 'mlp.conv.weight', 'mlp.conv.bias', 'mlp.batch_norm.weight', 'mlp.batch_norm.bias', 'mlp.batch_norm.running_mean', 'mlp.batch_norm.running_var', 'mlp.batch_norm.num_batches_tracked']
2025-11-02 21:08:52,060 - ml3d.torch.models.randlanet_contrast - INFO - Successfully loaded 279 encoder parameters
2025-11-02 21:08:52,062 - ml3d.torch.models.randlanet_contrast - INFO - Encoder frozen (only training projection head)
2025-11-02 21:08:52,062 - ml3d.torch.models.randlanet_contrast - INFO - RandLANetContrast initialized:
2025-11-02 21:08:52,062 - ml3d.torch.models.randlanet_contrast - INFO -   Encoder output dim: 1024
2025-11-02 21:08:52,063 - ml3d.torch.models.randlanet_contrast - INFO -   Projection output dim: 128
2025-11-02 21:08:52,063 - ml3d.torch.models.randlanet_contrast - INFO -   Freeze encoder epochs: 5
2025-11-02 21:08:52,133 - __main__ - INFO - Model initialized and moved to cuda
2025-11-02 21:08:52,133 - __main__ - INFO - Initializing ContrastiveLearning pipeline...
2025-11-02 21:08:52,402 - ml3d.torch.models.randlanet_contrast - INFO - Optimizer created: encoder_lr=1.00e-04, projection_lr=1.00e-03
2025-11-02 21:08:52,403 - ml3d.torch.pipelines.contrastive_learning - INFO - TensorBoard logs will be saved to: logs/train_log
2025-11-02 21:08:52,403 - ml3d.torch.pipelines.contrastive_learning - INFO - ContrastiveLearning pipeline initialized:
2025-11-02 21:08:52,403 - ml3d.torch.pipelines.contrastive_learning - INFO -   Temperature: 0.07
2025-11-02 21:08:52,403 - ml3d.torch.pipelines.contrastive_learning - INFO -   Freeze encoder epochs: 5
2025-11-02 21:08:52,403 - ml3d.torch.pipelines.contrastive_learning - INFO -   Base LR: 0.001
2025-11-02 21:08:52,403 - ml3d.torch.pipelines.contrastive_learning - INFO -   Max epochs: 100
2025-11-02 21:08:52,403 - __main__ - INFO - Pipeline initialized successfully
2025-11-02 21:08:52,403 - __main__ - INFO - 
================================================================================
2025-11-02 21:08:52,403 - __main__ - INFO - STARTING TRAINING
2025-11-02 21:08:52,403 - __main__ - INFO - ================================================================================

2025-11-02 21:08:52,404 - ml3d.torch.pipelines.contrastive_learning - INFO - ==================================================
2025-11-02 21:08:52,404 - ml3d.torch.pipelines.contrastive_learning - INFO - Starting contrastive learning training
2025-11-02 21:08:52,404 - ml3d.torch.pipelines.contrastive_learning - INFO - ==================================================
2025-11-02 21:08:52,404 - ml3d.datasets.harvardforest3d - INFO - Found 56 LAS files for train
2025-11-02 21:08:52,404 - ml3d.datasets.harvardforest3d_contrastive - INFO - Contrastive split 'train' ready with 56 samples
2025-11-02 21:08:52,404 - ml3d.datasets.harvardforest3d - INFO - Found 6 LAS files for val
2025-11-02 21:08:52,404 - ml3d.datasets.harvardforest3d_contrastive - INFO - Contrastive split 'val' ready with 6 samples
2025-11-02 21:08:52,404 - ml3d.torch.pipelines.contrastive_learning - INFO - Train batches: 7, Val batches: 1
2025-11-02 21:08:55,149 - ml3d.torch.pipelines.contrastive_learning - INFO - Epoch 1/100 | Train Loss: 1.3758 | Train Acc: 0.5000 | Val Loss: 1.7918 | Val Acc: 0.1667 | LR: 9.90e-05
2025-11-02 21:08:55,164 - ml3d.torch.pipelines.contrastive_learning - INFO - Checkpoint saved: logs/checkpoint/ckpt_best.pth
2025-11-02 21:08:55,164 - ml3d.torch.pipelines.contrastive_learning - INFO -   *** New best validation loss: 1.7918 ***
2025-11-02 21:08:57,568 - ml3d.torch.pipelines.contrastive_learning - INFO - Epoch 2/100 | Train Loss: 1.3357 | Train Acc: 0.5357 | Val Loss: 1.7918 | Val Acc: 0.3333 | LR: 9.80e-05
2025-11-02 21:08:57,590 - ml3d.torch.pipelines.contrastive_learning - INFO - Checkpoint saved: logs/checkpoint/ckpt_best.pth
2025-11-02 21:08:57,590 - ml3d.torch.pipelines.contrastive_learning - INFO -   *** New best validation loss: 1.7918 ***
2025-11-02 21:09:00,008 - ml3d.torch.pipelines.contrastive_learning - INFO - Epoch 3/100 | Train Loss: 0.8532 | Train Acc: 0.6607 | Val Loss: 1.7917 | Val Acc: 0.3333 | LR: 9.70e-05
2025-11-02 21:09:00,031 - ml3d.torch.pipelines.contrastive_learning - INFO - Checkpoint saved: logs/checkpoint/ckpt_best.pth
2025-11-02 21:09:00,031 - ml3d.torch.pipelines.contrastive_learning - INFO -   *** New best validation loss: 1.7917 ***
2025-11-02 21:09:02,424 - ml3d.torch.pipelines.contrastive_learning - INFO - Epoch 4/100 | Train Loss: 0.7399 | Train Acc: 0.7143 | Val Loss: 1.7918 | Val Acc: 0.1667 | LR: 9.61e-05
2025-11-02 21:09:04,799 - ml3d.torch.pipelines.contrastive_learning - INFO - Epoch 5/100 | Train Loss: 0.7639 | Train Acc: 0.6607 | Val Loss: 1.7918 | Val Acc: 0.5000 | LR: 9.51e-05
2025-11-02 21:09:04,800 - ml3d.torch.models.randlanet_contrast - INFO - Encoder unfrozen (training full model)
2025-11-02 21:09:04,800 - ml3d.torch.models.randlanet_contrast - INFO - Optimizer created: encoder_lr=1.00e-04, projection_lr=1.00e-03
2025-11-02 21:09:07,850 - ml3d.torch.pipelines.contrastive_learning - INFO - Epoch 6/100 | Train Loss: 0.6742 | Train Acc: 0.7321 | Val Loss: 1.7918 | Val Acc: 0.1667 | LR: 9.90e-05
2025-11-02 21:09:10,731 - ml3d.torch.pipelines.contrastive_learning - INFO - Epoch 7/100 | Train Loss: 0.7567 | Train Acc: 0.7500 | Val Loss: 1.7917 | Val Acc: 0.5000 | LR: 9.80e-05
2025-11-02 21:09:10,762 - ml3d.torch.pipelines.contrastive_learning - INFO - Checkpoint saved: logs/checkpoint/ckpt_best.pth
2025-11-02 21:09:10,762 - ml3d.torch.pipelines.contrastive_learning - INFO -   *** New best validation loss: 1.7917 ***
2025-11-02 21:09:13,804 - ml3d.torch.pipelines.contrastive_learning - INFO - Epoch 8/100 | Train Loss: 0.3960 | Train Acc: 0.8750 | Val Loss: 1.7917 | Val Acc: 0.1667 | LR: 9.70e-05
2025-11-02 21:09:16,747 - ml3d.torch.pipelines.contrastive_learning - INFO - Epoch 9/100 | Train Loss: 0.7120 | Train Acc: 0.7143 | Val Loss: 1.7917 | Val Acc: 0.3333 | LR: 9.61e-05
2025-11-02 21:09:16,779 - ml3d.torch.pipelines.contrastive_learning - INFO - Checkpoint saved: logs/checkpoint/ckpt_best.pth
2025-11-02 21:09:16,780 - ml3d.torch.pipelines.contrastive_learning - INFO -   *** New best validation loss: 1.7917 ***
2025-11-02 21:09:19,649 - ml3d.torch.pipelines.contrastive_learning - INFO - Epoch 10/100 | Train Loss: 0.3821 | Train Acc: 0.9107 | Val Loss: 1.7917 | Val Acc: 0.3333 | LR: 9.51e-05
2025-11-02 21:09:19,681 - ml3d.torch.pipelines.contrastive_learning - INFO - Checkpoint saved: logs/checkpoint/ckpt_epoch_010.pth
2025-11-02 21:09:22,605 - ml3d.torch.pipelines.contrastive_learning - INFO - Epoch 11/100 | Train Loss: 0.3789 | Train Acc: 0.8036 | Val Loss: 1.7916 | Val Acc: 0.3333 | LR: 9.41e-05
2025-11-02 21:09:22,636 - ml3d.torch.pipelines.contrastive_learning - INFO - Checkpoint saved: logs/checkpoint/ckpt_best.pth
2025-11-02 21:09:22,636 - ml3d.torch.pipelines.contrastive_learning - INFO -   *** New best validation loss: 1.7916 ***
2025-11-02 21:09:25,502 - ml3d.torch.pipelines.contrastive_learning - INFO - Epoch 12/100 | Train Loss: 0.2140 | Train Acc: 0.9821 | Val Loss: 1.7917 | Val Acc: 0.6667 | LR: 9.32e-05
2025-11-02 21:09:28,359 - ml3d.torch.pipelines.contrastive_learning - INFO - Epoch 13/100 | Train Loss: 0.1970 | Train Acc: 0.9464 | Val Loss: 1.7917 | Val Acc: 0.3333 | LR: 9.23e-05
2025-11-02 21:09:31,211 - ml3d.torch.pipelines.contrastive_learning - INFO - Epoch 14/100 | Train Loss: 0.1910 | Train Acc: 0.9286 | Val Loss: 1.7917 | Val Acc: 0.6667 | LR: 9.14e-05
2025-11-02 21:09:34,059 - ml3d.torch.pipelines.contrastive_learning - INFO - Epoch 15/100 | Train Loss: 0.1975 | Train Acc: 0.9286 | Val Loss: 1.7917 | Val Acc: 0.1667 | LR: 9.04e-05
2025-11-02 21:09:36,922 - ml3d.torch.pipelines.contrastive_learning - INFO - Epoch 16/100 | Train Loss: 0.1574 | Train Acc: 0.9286 | Val Loss: 1.7916 | Val Acc: 0.5000 | LR: 8.95e-05
2025-11-02 21:09:39,811 - ml3d.torch.pipelines.contrastive_learning - INFO - Epoch 17/100 | Train Loss: 0.1304 | Train Acc: 0.9464 | Val Loss: 1.7916 | Val Acc: 0.6667 | LR: 8.86e-05
2025-11-02 21:09:39,843 - ml3d.torch.pipelines.contrastive_learning - INFO - Checkpoint saved: logs/checkpoint/ckpt_best.pth
2025-11-02 21:09:39,843 - ml3d.torch.pipelines.contrastive_learning - INFO -   *** New best validation loss: 1.7916 ***
2025-11-02 21:09:42,693 - ml3d.torch.pipelines.contrastive_learning - INFO - Epoch 18/100 | Train Loss: 0.1949 | Train Acc: 0.9107 | Val Loss: 1.7914 | Val Acc: 0.8333 | LR: 8.78e-05
2025-11-02 21:09:42,725 - ml3d.torch.pipelines.contrastive_learning - INFO - Checkpoint saved: logs/checkpoint/ckpt_best.pth
2025-11-02 21:09:42,725 - ml3d.torch.pipelines.contrastive_learning - INFO -   *** New best validation loss: 1.7914 ***
2025-11-02 21:09:45,577 - ml3d.torch.pipelines.contrastive_learning - INFO - Epoch 19/100 | Train Loss: 0.1046 | Train Acc: 0.9464 | Val Loss: 1.7916 | Val Acc: 0.5000 | LR: 8.69e-05
2025-11-02 21:09:48,431 - ml3d.torch.pipelines.contrastive_learning - INFO - Epoch 20/100 | Train Loss: 0.1511 | Train Acc: 0.9464 | Val Loss: 1.7915 | Val Acc: 0.1667 | LR: 8.60e-05
2025-11-02 21:09:48,461 - ml3d.torch.pipelines.contrastive_learning - INFO - Checkpoint saved: logs/checkpoint/ckpt_epoch_020.pth
2025-11-02 21:09:51,343 - ml3d.torch.pipelines.contrastive_learning - INFO - Epoch 21/100 | Train Loss: 0.0889 | Train Acc: 0.9821 | Val Loss: 1.7916 | Val Acc: 0.5000 | LR: 8.51e-05
2025-11-02 21:09:54,196 - ml3d.torch.pipelines.contrastive_learning - INFO - Epoch 22/100 | Train Loss: 0.1083 | Train Acc: 0.9464 | Val Loss: 1.7917 | Val Acc: 0.5000 | LR: 8.43e-05
2025-11-02 21:09:57,051 - ml3d.torch.pipelines.contrastive_learning - INFO - Epoch 23/100 | Train Loss: 0.1856 | Train Acc: 0.9107 | Val Loss: 1.7914 | Val Acc: 0.5000 | LR: 8.35e-05
2025-11-02 21:09:57,082 - ml3d.torch.pipelines.contrastive_learning - INFO - Checkpoint saved: logs/checkpoint/ckpt_best.pth
2025-11-02 21:09:57,082 - ml3d.torch.pipelines.contrastive_learning - INFO -   *** New best validation loss: 1.7914 ***
2025-11-02 21:09:59,923 - ml3d.torch.pipelines.contrastive_learning - INFO - Epoch 24/100 | Train Loss: 0.1220 | Train Acc: 0.9643 | Val Loss: 1.7911 | Val Acc: 0.5000 | LR: 8.26e-05
2025-11-02 21:09:59,954 - ml3d.torch.pipelines.contrastive_learning - INFO - Checkpoint saved: logs/checkpoint/ckpt_best.pth
2025-11-02 21:09:59,954 - ml3d.torch.pipelines.contrastive_learning - INFO -   *** New best validation loss: 1.7911 ***
2025-11-02 21:10:02,829 - ml3d.torch.pipelines.contrastive_learning - INFO - Epoch 25/100 | Train Loss: 0.0925 | Train Acc: 0.9821 | Val Loss: 1.7914 | Val Acc: 0.3333 | LR: 8.18e-05
2025-11-02 21:10:05,725 - ml3d.torch.pipelines.contrastive_learning - INFO - Epoch 26/100 | Train Loss: 0.1375 | Train Acc: 0.9643 | Val Loss: 1.7909 | Val Acc: 1.0000 | LR: 8.10e-05
2025-11-02 21:10:05,757 - ml3d.torch.pipelines.contrastive_learning - INFO - Checkpoint saved: logs/checkpoint/ckpt_best.pth
2025-11-02 21:10:05,757 - ml3d.torch.pipelines.contrastive_learning - INFO -   *** New best validation loss: 1.7909 ***
2025-11-02 21:10:08,650 - ml3d.torch.pipelines.contrastive_learning - INFO - Epoch 27/100 | Train Loss: 0.0964 | Train Acc: 0.9821 | Val Loss: 1.7903 | Val Acc: 0.8333 | LR: 8.02e-05
2025-11-02 21:10:08,680 - ml3d.torch.pipelines.contrastive_learning - INFO - Checkpoint saved: logs/checkpoint/ckpt_best.pth
2025-11-02 21:10:08,680 - ml3d.torch.pipelines.contrastive_learning - INFO -   *** New best validation loss: 1.7903 ***
2025-11-02 21:10:11,538 - ml3d.torch.pipelines.contrastive_learning - INFO - Epoch 28/100 | Train Loss: 0.0606 | Train Acc: 0.9821 | Val Loss: 1.7903 | Val Acc: 0.8333 | LR: 7.94e-05
2025-11-02 21:10:14,388 - ml3d.torch.pipelines.contrastive_learning - INFO - Epoch 29/100 | Train Loss: 0.0535 | Train Acc: 1.0000 | Val Loss: 1.7909 | Val Acc: 0.5000 | LR: 7.86e-05
2025-11-02 21:10:17,261 - ml3d.torch.pipelines.contrastive_learning - INFO - Epoch 30/100 | Train Loss: 0.0571 | Train Acc: 1.0000 | Val Loss: 1.7898 | Val Acc: 0.6667 | LR: 7.78e-05
2025-11-02 21:10:17,292 - ml3d.torch.pipelines.contrastive_learning - INFO - Checkpoint saved: logs/checkpoint/ckpt_epoch_030.pth
2025-11-02 21:10:17,315 - ml3d.torch.pipelines.contrastive_learning - INFO - Checkpoint saved: logs/checkpoint/ckpt_best.pth
2025-11-02 21:10:17,315 - ml3d.torch.pipelines.contrastive_learning - INFO -   *** New best validation loss: 1.7898 ***
2025-11-02 21:10:20,190 - ml3d.torch.pipelines.contrastive_learning - INFO - Epoch 31/100 | Train Loss: 0.0984 | Train Acc: 0.9464 | Val Loss: 1.7875 | Val Acc: 1.0000 | LR: 7.70e-05
2025-11-02 21:10:20,212 - ml3d.torch.pipelines.contrastive_learning - INFO - Checkpoint saved: logs/checkpoint/ckpt_best.pth
2025-11-02 21:10:20,212 - ml3d.torch.pipelines.contrastive_learning - INFO -   *** New best validation loss: 1.7875 ***
2025-11-02 21:10:23,105 - ml3d.torch.pipelines.contrastive_learning - INFO - Epoch 32/100 | Train Loss: 0.0816 | Train Acc: 0.9821 | Val Loss: 1.7869 | Val Acc: 1.0000 | LR: 7.62e-05
2025-11-02 21:10:23,137 - ml3d.torch.pipelines.contrastive_learning - INFO - Checkpoint saved: logs/checkpoint/ckpt_best.pth
2025-11-02 21:10:23,137 - ml3d.torch.pipelines.contrastive_learning - INFO -   *** New best validation loss: 1.7869 ***
2025-11-02 21:10:26,056 - ml3d.torch.pipelines.contrastive_learning - INFO - Epoch 33/100 | Train Loss: 0.0930 | Train Acc: 0.9821 | Val Loss: 1.7885 | Val Acc: 0.8333 | LR: 7.55e-05
2025-11-02 21:10:28,946 - ml3d.torch.pipelines.contrastive_learning - INFO - Epoch 34/100 | Train Loss: 0.0609 | Train Acc: 0.9821 | Val Loss: 1.7853 | Val Acc: 0.6667 | LR: 7.47e-05
2025-11-02 21:10:28,978 - ml3d.torch.pipelines.contrastive_learning - INFO - Checkpoint saved: logs/checkpoint/ckpt_best.pth
2025-11-02 21:10:28,979 - ml3d.torch.pipelines.contrastive_learning - INFO -   *** New best validation loss: 1.7853 ***
2025-11-02 21:10:32,035 - ml3d.torch.pipelines.contrastive_learning - INFO - Epoch 35/100 | Train Loss: 0.0481 | Train Acc: 1.0000 | Val Loss: 1.7850 | Val Acc: 0.8333 | LR: 7.40e-05
2025-11-02 21:10:32,066 - ml3d.torch.pipelines.contrastive_learning - INFO - Checkpoint saved: logs/checkpoint/ckpt_best.pth
2025-11-02 21:10:32,066 - ml3d.torch.pipelines.contrastive_learning - INFO -   *** New best validation loss: 1.7850 ***
2025-11-02 21:10:35,186 - ml3d.torch.pipelines.contrastive_learning - INFO - Epoch 36/100 | Train Loss: 0.0912 | Train Acc: 0.9643 | Val Loss: 1.7809 | Val Acc: 0.8333 | LR: 7.32e-05
2025-11-02 21:10:35,216 - ml3d.torch.pipelines.contrastive_learning - INFO - Checkpoint saved: logs/checkpoint/ckpt_best.pth
2025-11-02 21:10:35,216 - ml3d.torch.pipelines.contrastive_learning - INFO -   *** New best validation loss: 1.7809 ***
2025-11-02 21:10:38,265 - ml3d.torch.pipelines.contrastive_learning - INFO - Epoch 37/100 | Train Loss: 0.0947 | Train Acc: 0.9286 | Val Loss: 1.7753 | Val Acc: 0.8333 | LR: 7.25e-05
2025-11-02 21:10:38,292 - ml3d.torch.pipelines.contrastive_learning - INFO - Checkpoint saved: logs/checkpoint/ckpt_best.pth
2025-11-02 21:10:38,293 - ml3d.torch.pipelines.contrastive_learning - INFO -   *** New best validation loss: 1.7753 ***
2025-11-02 21:10:41,312 - ml3d.torch.pipelines.contrastive_learning - INFO - Epoch 38/100 | Train Loss: 0.0815 | Train Acc: 0.9643 | Val Loss: 1.7740 | Val Acc: 1.0000 | LR: 7.18e-05
2025-11-02 21:10:41,342 - ml3d.torch.pipelines.contrastive_learning - INFO - Checkpoint saved: logs/checkpoint/ckpt_best.pth
2025-11-02 21:10:41,342 - ml3d.torch.pipelines.contrastive_learning - INFO -   *** New best validation loss: 1.7740 ***
2025-11-02 21:10:44,347 - ml3d.torch.pipelines.contrastive_learning - INFO - Epoch 39/100 | Train Loss: 0.0625 | Train Acc: 0.9821 | Val Loss: 1.7725 | Val Acc: 1.0000 | LR: 7.11e-05
2025-11-02 21:10:44,378 - ml3d.torch.pipelines.contrastive_learning - INFO - Checkpoint saved: logs/checkpoint/ckpt_best.pth
2025-11-02 21:10:44,378 - ml3d.torch.pipelines.contrastive_learning - INFO -   *** New best validation loss: 1.7725 ***
2025-11-02 21:10:47,413 - ml3d.torch.pipelines.contrastive_learning - INFO - Epoch 40/100 | Train Loss: 0.0859 | Train Acc: 0.9643 | Val Loss: 1.7633 | Val Acc: 0.8333 | LR: 7.03e-05
2025-11-02 21:10:47,443 - ml3d.torch.pipelines.contrastive_learning - INFO - Checkpoint saved: logs/checkpoint/ckpt_epoch_040.pth
2025-11-02 21:10:47,467 - ml3d.torch.pipelines.contrastive_learning - INFO - Checkpoint saved: logs/checkpoint/ckpt_best.pth
2025-11-02 21:10:47,467 - ml3d.torch.pipelines.contrastive_learning - INFO -   *** New best validation loss: 1.7633 ***
2025-11-02 21:10:50,516 - ml3d.torch.pipelines.contrastive_learning - INFO - Epoch 41/100 | Train Loss: 0.1350 | Train Acc: 0.9643 | Val Loss: 1.7485 | Val Acc: 1.0000 | LR: 6.96e-05
2025-11-02 21:10:50,547 - ml3d.torch.pipelines.contrastive_learning - INFO - Checkpoint saved: logs/checkpoint/ckpt_best.pth
2025-11-02 21:10:50,547 - ml3d.torch.pipelines.contrastive_learning - INFO -   *** New best validation loss: 1.7485 ***
2025-11-02 21:10:53,613 - ml3d.torch.pipelines.contrastive_learning - INFO - Epoch 42/100 | Train Loss: 0.1280 | Train Acc: 0.9821 | Val Loss: 1.7499 | Val Acc: 0.8333 | LR: 6.89e-05
2025-11-02 21:10:56,655 - ml3d.torch.pipelines.contrastive_learning - INFO - Epoch 43/100 | Train Loss: 0.1026 | Train Acc: 0.9821 | Val Loss: 1.7499 | Val Acc: 1.0000 | LR: 6.83e-05
2025-11-02 21:10:59,757 - ml3d.torch.pipelines.contrastive_learning - INFO - Epoch 44/100 | Train Loss: 0.0801 | Train Acc: 0.9643 | Val Loss: 1.6725 | Val Acc: 1.0000 | LR: 6.76e-05
2025-11-02 21:10:59,789 - ml3d.torch.pipelines.contrastive_learning - INFO - Checkpoint saved: logs/checkpoint/ckpt_best.pth
2025-11-02 21:10:59,789 - ml3d.torch.pipelines.contrastive_learning - INFO -   *** New best validation loss: 1.6725 ***
2025-11-02 21:11:02,724 - ml3d.torch.pipelines.contrastive_learning - INFO - Epoch 45/100 | Train Loss: 0.1717 | Train Acc: 0.9107 | Val Loss: 1.6287 | Val Acc: 1.0000 | LR: 6.69e-05
2025-11-02 21:11:02,755 - ml3d.torch.pipelines.contrastive_learning - INFO - Checkpoint saved: logs/checkpoint/ckpt_best.pth
2025-11-02 21:11:02,755 - ml3d.torch.pipelines.contrastive_learning - INFO -   *** New best validation loss: 1.6287 ***
2025-11-02 21:11:05,658 - ml3d.torch.pipelines.contrastive_learning - INFO - Epoch 46/100 | Train Loss: 0.1487 | Train Acc: 0.9643 | Val Loss: 1.6509 | Val Acc: 1.0000 | LR: 6.62e-05
2025-11-02 21:11:08,718 - ml3d.torch.pipelines.contrastive_learning - INFO - Epoch 47/100 | Train Loss: 0.2164 | Train Acc: 0.9286 | Val Loss: 1.5813 | Val Acc: 1.0000 | LR: 6.56e-05
2025-11-02 21:11:08,739 - ml3d.torch.pipelines.contrastive_learning - INFO - Checkpoint saved: logs/checkpoint/ckpt_best.pth
2025-11-02 21:11:08,739 - ml3d.torch.pipelines.contrastive_learning - INFO -   *** New best validation loss: 1.5813 ***
2025-11-02 21:11:11,655 - ml3d.torch.pipelines.contrastive_learning - INFO - Epoch 48/100 | Train Loss: 0.1471 | Train Acc: 0.9464 | Val Loss: 1.3073 | Val Acc: 1.0000 | LR: 6.49e-05
2025-11-02 21:11:11,686 - ml3d.torch.pipelines.contrastive_learning - INFO - Checkpoint saved: logs/checkpoint/ckpt_best.pth
2025-11-02 21:11:11,686 - ml3d.torch.pipelines.contrastive_learning - INFO -   *** New best validation loss: 1.3073 ***
2025-11-02 21:11:14,559 - ml3d.torch.pipelines.contrastive_learning - INFO - Epoch 49/100 | Train Loss: 0.0936 | Train Acc: 0.9821 | Val Loss: 1.4274 | Val Acc: 1.0000 | LR: 6.43e-05
2025-11-02 21:11:17,409 - ml3d.torch.pipelines.contrastive_learning - INFO - Epoch 50/100 | Train Loss: 0.1887 | Train Acc: 0.9107 | Val Loss: 1.3317 | Val Acc: 1.0000 | LR: 6.36e-05
2025-11-02 21:11:17,440 - ml3d.torch.pipelines.contrastive_learning - INFO - Checkpoint saved: logs/checkpoint/ckpt_epoch_050.pth
2025-11-02 21:11:20,287 - ml3d.torch.pipelines.contrastive_learning - INFO - Epoch 51/100 | Train Loss: 0.1414 | Train Acc: 0.9643 | Val Loss: 0.7254 | Val Acc: 1.0000 | LR: 6.30e-05
2025-11-02 21:11:20,312 - ml3d.torch.pipelines.contrastive_learning - INFO - Checkpoint saved: logs/checkpoint/ckpt_best.pth
2025-11-02 21:11:20,312 - ml3d.torch.pipelines.contrastive_learning - INFO -   *** New best validation loss: 0.7254 ***
2025-11-02 21:11:23,199 - ml3d.torch.pipelines.contrastive_learning - INFO - Epoch 52/100 | Train Loss: 0.1222 | Train Acc: 0.9464 | Val Loss: 0.9128 | Val Acc: 1.0000 | LR: 6.24e-05
2025-11-02 21:11:26,097 - ml3d.torch.pipelines.contrastive_learning - INFO - Epoch 53/100 | Train Loss: 0.0841 | Train Acc: 1.0000 | Val Loss: 1.1426 | Val Acc: 1.0000 | LR: 6.17e-05
2025-11-02 21:11:28,971 - ml3d.torch.pipelines.contrastive_learning - INFO - Epoch 54/100 | Train Loss: 0.0839 | Train Acc: 0.9643 | Val Loss: 0.7196 | Val Acc: 1.0000 | LR: 6.11e-05
2025-11-02 21:11:28,994 - ml3d.torch.pipelines.contrastive_learning - INFO - Checkpoint saved: logs/checkpoint/ckpt_best.pth
2025-11-02 21:11:28,994 - ml3d.torch.pipelines.contrastive_learning - INFO -   *** New best validation loss: 0.7196 ***
2025-11-02 21:11:31,865 - ml3d.torch.pipelines.contrastive_learning - INFO - Epoch 55/100 | Train Loss: 0.0823 | Train Acc: 0.9821 | Val Loss: 0.9440 | Val Acc: 0.8333 | LR: 6.05e-05
2025-11-02 21:11:34,769 - ml3d.torch.pipelines.contrastive_learning - INFO - Epoch 56/100 | Train Loss: 0.0656 | Train Acc: 0.9821 | Val Loss: 0.5375 | Val Acc: 1.0000 | LR: 5.99e-05
2025-11-02 21:11:34,801 - ml3d.torch.pipelines.contrastive_learning - INFO - Checkpoint saved: logs/checkpoint/ckpt_best.pth
2025-11-02 21:11:34,801 - ml3d.torch.pipelines.contrastive_learning - INFO -   *** New best validation loss: 0.5375 ***
2025-11-02 21:11:37,671 - ml3d.torch.pipelines.contrastive_learning - INFO - Epoch 57/100 | Train Loss: 0.0422 | Train Acc: 1.0000 | Val Loss: 0.4613 | Val Acc: 1.0000 | LR: 5.93e-05
2025-11-02 21:11:37,701 - ml3d.torch.pipelines.contrastive_learning - INFO - Checkpoint saved: logs/checkpoint/ckpt_best.pth
2025-11-02 21:11:37,702 - ml3d.torch.pipelines.contrastive_learning - INFO -   *** New best validation loss: 0.4613 ***
2025-11-02 21:11:40,572 - ml3d.torch.pipelines.contrastive_learning - INFO - Epoch 58/100 | Train Loss: 0.0155 | Train Acc: 1.0000 | Val Loss: 0.4205 | Val Acc: 1.0000 | LR: 5.87e-05
2025-11-02 21:11:40,604 - ml3d.torch.pipelines.contrastive_learning - INFO - Checkpoint saved: logs/checkpoint/ckpt_best.pth
2025-11-02 21:11:40,604 - ml3d.torch.pipelines.contrastive_learning - INFO -   *** New best validation loss: 0.4205 ***
2025-11-02 21:11:43,450 - ml3d.torch.pipelines.contrastive_learning - INFO - Epoch 59/100 | Train Loss: 0.0357 | Train Acc: 1.0000 | Val Loss: 0.4525 | Val Acc: 1.0000 | LR: 5.81e-05
2025-11-02 21:11:46,302 - ml3d.torch.pipelines.contrastive_learning - INFO - Epoch 60/100 | Train Loss: 0.0305 | Train Acc: 0.9821 | Val Loss: 0.2250 | Val Acc: 1.0000 | LR: 5.75e-05
2025-11-02 21:11:46,332 - ml3d.torch.pipelines.contrastive_learning - INFO - Checkpoint saved: logs/checkpoint/ckpt_epoch_060.pth
2025-11-02 21:11:46,354 - ml3d.torch.pipelines.contrastive_learning - INFO - Checkpoint saved: logs/checkpoint/ckpt_best.pth
2025-11-02 21:11:46,354 - ml3d.torch.pipelines.contrastive_learning - INFO -   *** New best validation loss: 0.2250 ***
2025-11-02 21:11:49,231 - ml3d.torch.pipelines.contrastive_learning - INFO - Epoch 61/100 | Train Loss: 0.0333 | Train Acc: 1.0000 | Val Loss: 0.0698 | Val Acc: 1.0000 | LR: 5.70e-05
2025-11-02 21:11:49,262 - ml3d.torch.pipelines.contrastive_learning - INFO - Checkpoint saved: logs/checkpoint/ckpt_best.pth
2025-11-02 21:11:49,262 - ml3d.torch.pipelines.contrastive_learning - INFO -   *** New best validation loss: 0.0698 ***
2025-11-02 21:11:52,139 - ml3d.torch.pipelines.contrastive_learning - INFO - Epoch 62/100 | Train Loss: 0.0547 | Train Acc: 0.9643 | Val Loss: 0.3434 | Val Acc: 1.0000 | LR: 5.64e-05
2025-11-02 21:11:55,016 - ml3d.torch.pipelines.contrastive_learning - INFO - Epoch 63/100 | Train Loss: 0.0242 | Train Acc: 1.0000 | Val Loss: 0.2160 | Val Acc: 1.0000 | LR: 5.58e-05
2025-11-02 21:11:57,868 - ml3d.torch.pipelines.contrastive_learning - INFO - Epoch 64/100 | Train Loss: 0.0454 | Train Acc: 0.9821 | Val Loss: 0.1881 | Val Acc: 1.0000 | LR: 5.53e-05
2025-11-02 21:12:00,724 - ml3d.torch.pipelines.contrastive_learning - INFO - Epoch 65/100 | Train Loss: 0.0951 | Train Acc: 0.9464 | Val Loss: 0.0328 | Val Acc: 1.0000 | LR: 5.47e-05
2025-11-02 21:12:00,755 - ml3d.torch.pipelines.contrastive_learning - INFO - Checkpoint saved: logs/checkpoint/ckpt_best.pth
2025-11-02 21:12:00,755 - ml3d.torch.pipelines.contrastive_learning - INFO -   *** New best validation loss: 0.0328 ***
2025-11-02 21:12:03,603 - ml3d.torch.pipelines.contrastive_learning - INFO - Epoch 66/100 | Train Loss: 0.0312 | Train Acc: 1.0000 | Val Loss: 0.1173 | Val Acc: 1.0000 | LR: 5.42e-05
2025-11-02 21:12:06,451 - ml3d.torch.pipelines.contrastive_learning - INFO - Epoch 67/100 | Train Loss: 0.1255 | Train Acc: 0.9286 | Val Loss: 0.2704 | Val Acc: 1.0000 | LR: 5.36e-05
2025-11-02 21:12:09,326 - ml3d.torch.pipelines.contrastive_learning - INFO - Epoch 68/100 | Train Loss: 0.0775 | Train Acc: 0.9821 | Val Loss: 0.0228 | Val Acc: 1.0000 | LR: 5.31e-05
2025-11-02 21:12:09,358 - ml3d.torch.pipelines.contrastive_learning - INFO - Checkpoint saved: logs/checkpoint/ckpt_best.pth
2025-11-02 21:12:09,358 - ml3d.torch.pipelines.contrastive_learning - INFO -   *** New best validation loss: 0.0228 ***
2025-11-02 21:12:12,217 - ml3d.torch.pipelines.contrastive_learning - INFO - Epoch 69/100 | Train Loss: 0.0578 | Train Acc: 0.9821 | Val Loss: 0.0480 | Val Acc: 1.0000 | LR: 5.26e-05
2025-11-02 21:12:15,062 - ml3d.torch.pipelines.contrastive_learning - INFO - Epoch 70/100 | Train Loss: 0.0453 | Train Acc: 0.9821 | Val Loss: 0.0715 | Val Acc: 1.0000 | LR: 5.20e-05
2025-11-02 21:12:15,093 - ml3d.torch.pipelines.contrastive_learning - INFO - Checkpoint saved: logs/checkpoint/ckpt_epoch_070.pth
2025-11-02 21:12:17,947 - ml3d.torch.pipelines.contrastive_learning - INFO - Epoch 71/100 | Train Loss: 0.0380 | Train Acc: 1.0000 | Val Loss: 0.1787 | Val Acc: 1.0000 | LR: 5.15e-05
2025-11-02 21:12:20,800 - ml3d.torch.pipelines.contrastive_learning - INFO - Epoch 72/100 | Train Loss: 0.0470 | Train Acc: 0.9821 | Val Loss: 0.0902 | Val Acc: 1.0000 | LR: 5.10e-05
2025-11-02 21:12:23,649 - ml3d.torch.pipelines.contrastive_learning - INFO - Epoch 73/100 | Train Loss: 0.0673 | Train Acc: 0.9643 | Val Loss: 0.0547 | Val Acc: 1.0000 | LR: 5.05e-05
2025-11-02 21:12:26,526 - ml3d.torch.pipelines.contrastive_learning - INFO - Epoch 74/100 | Train Loss: 0.0737 | Train Acc: 0.9821 | Val Loss: 0.1583 | Val Acc: 1.0000 | LR: 5.00e-05
2025-11-02 21:12:29,401 - ml3d.torch.pipelines.contrastive_learning - INFO - Epoch 75/100 | Train Loss: 0.0993 | Train Acc: 0.9643 | Val Loss: 0.0568 | Val Acc: 1.0000 | LR: 4.95e-05
2025-11-02 21:12:32,289 - ml3d.torch.pipelines.contrastive_learning - INFO - Epoch 76/100 | Train Loss: 0.0385 | Train Acc: 0.9821 | Val Loss: 0.1696 | Val Acc: 0.8333 | LR: 4.90e-05
2025-11-02 21:12:35,382 - ml3d.torch.pipelines.contrastive_learning - INFO - Epoch 77/100 | Train Loss: 0.0799 | Train Acc: 0.9643 | Val Loss: 0.0421 | Val Acc: 1.0000 | LR: 4.85e-05
2025-11-02 21:12:38,367 - ml3d.torch.pipelines.contrastive_learning - INFO - Epoch 78/100 | Train Loss: 0.0909 | Train Acc: 0.9643 | Val Loss: 0.0255 | Val Acc: 1.0000 | LR: 4.80e-05
2025-11-02 21:12:41,266 - ml3d.torch.pipelines.contrastive_learning - INFO - Epoch 79/100 | Train Loss: 0.0217 | Train Acc: 1.0000 | Val Loss: 0.0148 | Val Acc: 1.0000 | LR: 4.75e-05
2025-11-02 21:12:41,298 - ml3d.torch.pipelines.contrastive_learning - INFO - Checkpoint saved: logs/checkpoint/ckpt_best.pth
2025-11-02 21:12:41,298 - ml3d.torch.pipelines.contrastive_learning - INFO -   *** New best validation loss: 0.0148 ***
2025-11-02 21:12:44,175 - ml3d.torch.pipelines.contrastive_learning - INFO - Epoch 80/100 | Train Loss: 0.0737 | Train Acc: 0.9464 | Val Loss: 0.2043 | Val Acc: 1.0000 | LR: 4.71e-05
2025-11-02 21:12:44,207 - ml3d.torch.pipelines.contrastive_learning - INFO - Checkpoint saved: logs/checkpoint/ckpt_epoch_080.pth
2025-11-02 21:12:47,074 - ml3d.torch.pipelines.contrastive_learning - INFO - Epoch 81/100 | Train Loss: 0.0263 | Train Acc: 1.0000 | Val Loss: 0.0678 | Val Acc: 1.0000 | LR: 4.66e-05
2025-11-02 21:12:50,151 - ml3d.torch.pipelines.contrastive_learning - INFO - Epoch 82/100 | Train Loss: 0.0768 | Train Acc: 0.9643 | Val Loss: 0.0152 | Val Acc: 1.0000 | LR: 4.61e-05
2025-11-02 21:12:53,202 - ml3d.torch.pipelines.contrastive_learning - INFO - Epoch 83/100 | Train Loss: 0.0451 | Train Acc: 1.0000 | Val Loss: 0.0021 | Val Acc: 1.0000 | LR: 4.57e-05
2025-11-02 21:12:53,233 - ml3d.torch.pipelines.contrastive_learning - INFO - Checkpoint saved: logs/checkpoint/ckpt_best.pth
2025-11-02 21:12:53,233 - ml3d.torch.pipelines.contrastive_learning - INFO -   *** New best validation loss: 0.0021 ***
2025-11-02 21:12:56,373 - ml3d.torch.pipelines.contrastive_learning - INFO - Epoch 84/100 | Train Loss: 0.0523 | Train Acc: 1.0000 | Val Loss: 0.0186 | Val Acc: 1.0000 | LR: 4.52e-05
2025-11-02 21:12:59,469 - ml3d.torch.pipelines.contrastive_learning - INFO - Epoch 85/100 | Train Loss: 0.0310 | Train Acc: 0.9821 | Val Loss: 0.0041 | Val Acc: 1.0000 | LR: 4.48e-05
2025-11-02 21:13:02,468 - ml3d.torch.pipelines.contrastive_learning - INFO - Epoch 86/100 | Train Loss: 0.0561 | Train Acc: 0.9821 | Val Loss: 0.1380 | Val Acc: 1.0000 | LR: 4.43e-05
2025-11-02 21:13:05,433 - ml3d.torch.pipelines.contrastive_learning - INFO - Epoch 87/100 | Train Loss: 0.0599 | Train Acc: 1.0000 | Val Loss: 0.1293 | Val Acc: 1.0000 | LR: 4.39e-05
2025-11-02 21:13:08,336 - ml3d.torch.pipelines.contrastive_learning - INFO - Epoch 88/100 | Train Loss: 0.0365 | Train Acc: 0.9821 | Val Loss: 0.0001 | Val Acc: 1.0000 | LR: 4.34e-05
2025-11-02 21:13:08,366 - ml3d.torch.pipelines.contrastive_learning - INFO - Checkpoint saved: logs/checkpoint/ckpt_best.pth
2025-11-02 21:13:08,366 - ml3d.torch.pipelines.contrastive_learning - INFO -   *** New best validation loss: 0.0001 ***
2025-11-02 21:13:11,385 - ml3d.torch.pipelines.contrastive_learning - INFO - Epoch 89/100 | Train Loss: 0.0272 | Train Acc: 1.0000 | Val Loss: 0.0132 | Val Acc: 1.0000 | LR: 4.30e-05
2025-11-02 21:13:14,229 - ml3d.torch.pipelines.contrastive_learning - INFO - Epoch 90/100 | Train Loss: 0.0150 | Train Acc: 1.0000 | Val Loss: 0.0294 | Val Acc: 1.0000 | LR: 4.26e-05
2025-11-02 21:13:14,252 - ml3d.torch.pipelines.contrastive_learning - INFO - Checkpoint saved: logs/checkpoint/ckpt_epoch_090.pth
2025-11-02 21:13:17,114 - ml3d.torch.pipelines.contrastive_learning - INFO - Epoch 91/100 | Train Loss: 0.0417 | Train Acc: 0.9643 | Val Loss: 0.0030 | Val Acc: 1.0000 | LR: 4.21e-05
2025-11-02 21:13:19,965 - ml3d.torch.pipelines.contrastive_learning - INFO - Epoch 92/100 | Train Loss: 0.0276 | Train Acc: 1.0000 | Val Loss: 0.0140 | Val Acc: 1.0000 | LR: 4.17e-05
2025-11-02 21:13:22,849 - ml3d.torch.pipelines.contrastive_learning - INFO - Epoch 93/100 | Train Loss: 0.0554 | Train Acc: 1.0000 | Val Loss: 0.0507 | Val Acc: 1.0000 | LR: 4.13e-05
2025-11-02 21:13:25,892 - ml3d.torch.pipelines.contrastive_learning - INFO - Epoch 94/100 | Train Loss: 0.0337 | Train Acc: 1.0000 | Val Loss: 0.0722 | Val Acc: 1.0000 | LR: 4.09e-05
2025-11-02 21:13:28,981 - ml3d.torch.pipelines.contrastive_learning - INFO - Epoch 95/100 | Train Loss: 0.0347 | Train Acc: 0.9821 | Val Loss: 0.0010 | Val Acc: 1.0000 | LR: 4.05e-05
2025-11-02 21:13:32,024 - ml3d.torch.pipelines.contrastive_learning - INFO - Epoch 96/100 | Train Loss: 0.0386 | Train Acc: 0.9821 | Val Loss: 0.0796 | Val Acc: 1.0000 | LR: 4.01e-05
2025-11-02 21:13:35,093 - ml3d.torch.pipelines.contrastive_learning - INFO - Epoch 97/100 | Train Loss: 0.0238 | Train Acc: 1.0000 | Val Loss: 0.0185 | Val Acc: 1.0000 | LR: 3.97e-05
2025-11-02 21:13:38,204 - ml3d.torch.pipelines.contrastive_learning - INFO - Epoch 98/100 | Train Loss: 0.0192 | Train Acc: 1.0000 | Val Loss: 0.0129 | Val Acc: 1.0000 | LR: 3.93e-05
2025-11-02 21:13:41,310 - ml3d.torch.pipelines.contrastive_learning - INFO - Epoch 99/100 | Train Loss: 0.0341 | Train Acc: 1.0000 | Val Loss: 0.0622 | Val Acc: 1.0000 | LR: 3.89e-05
2025-11-02 21:13:44,414 - ml3d.torch.pipelines.contrastive_learning - INFO - Epoch 100/100 | Train Loss: 0.0093 | Train Acc: 1.0000 | Val Loss: 0.1323 | Val Acc: 1.0000 | LR: 3.85e-05
2025-11-02 21:13:44,445 - ml3d.torch.pipelines.contrastive_learning - INFO - Checkpoint saved: logs/checkpoint/ckpt_epoch_100.pth
2025-11-02 21:13:44,446 - ml3d.torch.pipelines.contrastive_learning - INFO - ==================================================
2025-11-02 21:13:44,446 - ml3d.torch.pipelines.contrastive_learning - INFO - Training completed!
2025-11-02 21:13:44,446 - ml3d.torch.pipelines.contrastive_learning - INFO - Best validation loss: 0.0001
2025-11-02 21:13:44,446 - ml3d.torch.pipelines.contrastive_learning - INFO - ==================================================
2025-11-02 21:13:44,446 - __main__ - INFO - 
================================================================================
2025-11-02 21:13:44,446 - __main__ - INFO - TRAINING COMPLETED
2025-11-02 21:13:44,446 - __main__ - INFO - ================================================================================
2025-11-02 21:13:44,446 - __main__ - INFO - Checkpoints saved in: ./logs/checkpoint/
2025-11-02 21:13:44,446 - __main__ - INFO - Best model: ./logs/checkpoint/ckpt_best.pth
2025-11-02 21:13:44,446 - __main__ - INFO - ================================================================================
2025-11-02 21:18:54,850 - __main__ - INFO - Random seed set to 42
2025-11-02 21:18:54,854 - __main__ - INFO - Loaded config from ml3d/configs/kpconv_harvardforest_contrast.yml
2025-11-02 21:18:54,854 - __main__ - INFO - ================================================================================
2025-11-02 21:18:54,854 - __main__ - INFO - POINTCONTRAST-STYLE CONTRASTIVE LEARNING ON HARVARDFOREST3D
2025-11-02 21:18:54,854 - __main__ - INFO - ================================================================================
2025-11-02 21:18:54,854 - __main__ - INFO - Config: ml3d/configs/kpconv_harvardforest_contrast.yml
2025-11-02 21:18:54,854 - __main__ - INFO - Device: cuda
2025-11-02 21:18:54,854 - __main__ - INFO - Model: KPConvContrast
2025-11-02 21:18:54,854 - __main__ - INFO - ================================================================================
2025-11-02 21:18:54,854 - __main__ - INFO - Initializing HarvardForest3DContrastive dataset...
2025-11-02 21:18:54,854 - __main__ - INFO - Found 62 .las files in /home/fzhcis/mylab/data/HarvardForest
2025-11-02 21:18:54,855 - ml3d.datasets.harvardforest3d - INFO - Found 62 .las files in /home/fzhcis/mylab/data/HarvardForest
2025-11-02 21:18:54,855 - ml3d.datasets.harvardforest3d - INFO - Created new split and saved to logs/cache_harvardforest_contrast_kpconv/HarvardForest3DContrastive_split.json
2025-11-02 21:18:54,855 - ml3d.datasets.harvardforest3d - INFO - HarvardForest3D: train=56 val=6 test=0
2025-11-02 21:18:54,855 - ml3d.datasets.harvardforest3d_contrastive - INFO - HarvardForest3DContrastive initialized for contrastive learning
2025-11-02 21:18:54,855 - ml3d.datasets.harvardforest3d_contrastive - INFO -   Augmentation: rotation=±360°, scale=[0.8,1.2], jitter=0.01, dropout=0.2
2025-11-02 21:18:54,855 - __main__ - INFO - Dataset initialized successfully
2025-11-02 21:18:54,855 - __main__ - INFO - Initializing model: KPConvContrast
2025-11-02 21:18:54,855 - ml3d.torch.models.kpconv_contrast - INFO - Built KPConv encoder with 13 blocks
2025-11-02 21:18:54,856 - ml3d.torch.models.kpconv_contrast - WARNING - KPConv encoder building is simplified - full implementation needed
2025-11-02 21:18:54,858 - ml3d.torch.models.kpconv_contrast - INFO - Encoder frozen (only training projection head)
2025-11-02 21:18:54,858 - ml3d.torch.models.kpconv_contrast - INFO - KPConvContrast initialized:
2025-11-02 21:18:54,858 - ml3d.torch.models.kpconv_contrast - INFO -   Encoder output dim: 128
2025-11-02 21:18:54,858 - ml3d.torch.models.kpconv_contrast - INFO -   Projection output dim: 128
2025-11-02 21:18:54,858 - ml3d.torch.models.kpconv_contrast - INFO -   Freeze encoder epochs: 10
2025-11-02 21:18:54,924 - __main__ - INFO - Model initialized and moved to cuda
2025-11-02 21:18:54,924 - __main__ - INFO - Initializing ContrastiveLearning pipeline...
2025-11-02 21:18:55,272 - ml3d.torch.models.kpconv_contrast - INFO - Optimizer created: encoder_lr=1.00e-04, projection_lr=1.00e-03
2025-11-02 21:18:55,273 - ml3d.torch.pipelines.contrastive_learning - INFO - TensorBoard logs will be saved to: logs/contrastive_logs/kpconv_harvardforest_contrast
2025-11-02 21:18:55,273 - ml3d.torch.pipelines.contrastive_learning - INFO - ContrastiveLearning pipeline initialized:
2025-11-02 21:18:55,273 - ml3d.torch.pipelines.contrastive_learning - INFO -   Temperature: 0.07
2025-11-02 21:18:55,273 - ml3d.torch.pipelines.contrastive_learning - INFO -   Freeze encoder epochs: 10
2025-11-02 21:18:55,273 - ml3d.torch.pipelines.contrastive_learning - INFO -   Base LR: 0.001
2025-11-02 21:18:55,273 - ml3d.torch.pipelines.contrastive_learning - INFO -   Max epochs: 100
2025-11-02 21:18:55,273 - __main__ - INFO - Pipeline initialized successfully
2025-11-02 21:18:55,273 - __main__ - INFO - 
================================================================================
2025-11-02 21:18:55,273 - __main__ - INFO - STARTING TRAINING
2025-11-02 21:18:55,273 - __main__ - INFO - ================================================================================

2025-11-02 21:18:55,273 - ml3d.torch.pipelines.contrastive_learning - INFO - ==================================================
2025-11-02 21:18:55,273 - ml3d.torch.pipelines.contrastive_learning - INFO - Starting contrastive learning training
2025-11-02 21:18:55,273 - ml3d.torch.pipelines.contrastive_learning - INFO - ==================================================
2025-11-02 21:18:55,273 - ml3d.datasets.harvardforest3d - INFO - Found 56 LAS files for train
2025-11-02 21:18:55,273 - ml3d.datasets.harvardforest3d_contrastive - INFO - Contrastive split 'train' ready with 56 samples
2025-11-02 21:18:55,273 - ml3d.datasets.harvardforest3d - INFO - Found 6 LAS files for val
2025-11-02 21:18:55,273 - ml3d.datasets.harvardforest3d_contrastive - INFO - Contrastive split 'val' ready with 6 samples
2025-11-02 21:18:55,273 - ml3d.torch.pipelines.contrastive_learning - INFO - Train batches: 14, Val batches: 2
2025-11-02 21:18:57,545 - ml3d.torch.pipelines.contrastive_learning - INFO - Epoch 1/100 | Train Loss: 2.6983 | Train Acc: 0.0982 | Val Loss: 2.2219 | Val Acc: 0.0625 | LR: 9.90e-05
2025-11-02 21:18:57,560 - ml3d.torch.pipelines.contrastive_learning - INFO - Checkpoint saved: logs/checkpoint/ckpt_best.pth
2025-11-02 21:18:57,561 - ml3d.torch.pipelines.contrastive_learning - INFO -   *** New best validation loss: 2.2219 ***
2025-11-02 21:18:59,386 - ml3d.torch.pipelines.contrastive_learning - INFO - Epoch 2/100 | Train Loss: 2.3844 | Train Acc: 0.1071 | Val Loss: 1.9506 | Val Acc: 0.1875 | LR: 9.80e-05
2025-11-02 21:18:59,399 - ml3d.torch.pipelines.contrastive_learning - INFO - Checkpoint saved: logs/checkpoint/ckpt_best.pth
2025-11-02 21:18:59,399 - ml3d.torch.pipelines.contrastive_learning - INFO -   *** New best validation loss: 1.9506 ***
2025-11-02 21:19:01,212 - ml3d.torch.pipelines.contrastive_learning - INFO - Epoch 3/100 | Train Loss: 2.1910 | Train Acc: 0.1250 | Val Loss: 2.2345 | Val Acc: 0.0625 | LR: 9.70e-05
2025-11-02 21:19:02,951 - ml3d.torch.pipelines.contrastive_learning - INFO - Epoch 4/100 | Train Loss: 2.2462 | Train Acc: 0.1250 | Val Loss: 2.1782 | Val Acc: 0.0625 | LR: 9.61e-05
2025-11-02 21:19:04,674 - ml3d.torch.pipelines.contrastive_learning - INFO - Epoch 5/100 | Train Loss: 2.1999 | Train Acc: 0.1250 | Val Loss: 2.2467 | Val Acc: 0.0000 | LR: 9.51e-05
2025-11-02 21:19:06,407 - ml3d.torch.pipelines.contrastive_learning - INFO - Epoch 6/100 | Train Loss: 2.1591 | Train Acc: 0.0982 | Val Loss: 2.0679 | Val Acc: 0.2500 | LR: 9.41e-05
2025-11-02 21:19:08,122 - ml3d.torch.pipelines.contrastive_learning - INFO - Epoch 7/100 | Train Loss: 2.1141 | Train Acc: 0.1429 | Val Loss: 2.1193 | Val Acc: 0.1250 | LR: 9.32e-05
2025-11-02 21:19:09,858 - ml3d.torch.pipelines.contrastive_learning - INFO - Epoch 8/100 | Train Loss: 2.1097 | Train Acc: 0.1250 | Val Loss: 2.1703 | Val Acc: 0.2500 | LR: 9.23e-05
2025-11-02 21:19:11,590 - ml3d.torch.pipelines.contrastive_learning - INFO - Epoch 9/100 | Train Loss: 2.1376 | Train Acc: 0.0804 | Val Loss: 2.0776 | Val Acc: 0.1250 | LR: 9.14e-05
2025-11-02 21:19:13,344 - ml3d.torch.pipelines.contrastive_learning - INFO - Epoch 10/100 | Train Loss: 2.1329 | Train Acc: 0.1250 | Val Loss: 2.1101 | Val Acc: 0.0625 | LR: 9.04e-05
2025-11-02 21:19:13,359 - ml3d.torch.pipelines.contrastive_learning - INFO - Checkpoint saved: logs/checkpoint/ckpt_epoch_010.pth
2025-11-02 21:19:13,359 - ml3d.torch.models.kpconv_contrast - INFO - Encoder unfrozen (training full model)
2025-11-02 21:19:13,359 - ml3d.torch.models.kpconv_contrast - INFO - Optimizer created: encoder_lr=1.00e-04, projection_lr=1.00e-03
2025-11-02 21:19:15,111 - ml3d.torch.pipelines.contrastive_learning - INFO - Epoch 11/100 | Train Loss: 2.1621 | Train Acc: 0.1071 | Val Loss: 2.0761 | Val Acc: 0.1875 | LR: 9.90e-05
2025-11-02 21:19:16,854 - ml3d.torch.pipelines.contrastive_learning - INFO - Epoch 12/100 | Train Loss: 2.1425 | Train Acc: 0.0982 | Val Loss: 2.0502 | Val Acc: 0.1250 | LR: 9.80e-05
2025-11-02 21:19:18,597 - ml3d.torch.pipelines.contrastive_learning - INFO - Epoch 13/100 | Train Loss: 2.0979 | Train Acc: 0.1071 | Val Loss: 1.9978 | Val Acc: 0.3125 | LR: 9.70e-05
2025-11-02 21:19:20,328 - ml3d.torch.pipelines.contrastive_learning - INFO - Epoch 14/100 | Train Loss: 2.1471 | Train Acc: 0.1339 | Val Loss: 2.1542 | Val Acc: 0.0625 | LR: 9.61e-05
2025-11-02 21:19:22,053 - ml3d.torch.pipelines.contrastive_learning - INFO - Epoch 15/100 | Train Loss: 2.0738 | Train Acc: 0.1786 | Val Loss: 2.0085 | Val Acc: 0.1875 | LR: 9.51e-05
2025-11-02 21:19:23,790 - ml3d.torch.pipelines.contrastive_learning - INFO - Epoch 16/100 | Train Loss: 2.1519 | Train Acc: 0.0893 | Val Loss: 2.1455 | Val Acc: 0.1250 | LR: 9.41e-05
2025-11-02 21:19:25,579 - ml3d.torch.pipelines.contrastive_learning - INFO - Epoch 17/100 | Train Loss: 2.1061 | Train Acc: 0.1071 | Val Loss: 2.1341 | Val Acc: 0.0625 | LR: 9.32e-05
2025-11-02 21:19:27,389 - ml3d.torch.pipelines.contrastive_learning - INFO - Epoch 18/100 | Train Loss: 2.1039 | Train Acc: 0.0982 | Val Loss: 2.0828 | Val Acc: 0.0625 | LR: 9.23e-05
2025-11-02 21:19:29,358 - ml3d.torch.pipelines.contrastive_learning - INFO - Epoch 19/100 | Train Loss: 2.0967 | Train Acc: 0.1161 | Val Loss: 2.0580 | Val Acc: 0.1250 | LR: 9.14e-05
2025-11-02 21:19:31,098 - ml3d.torch.pipelines.contrastive_learning - INFO - Epoch 20/100 | Train Loss: 2.0778 | Train Acc: 0.0893 | Val Loss: 2.2380 | Val Acc: 0.1875 | LR: 9.04e-05
2025-11-02 21:19:31,112 - ml3d.torch.pipelines.contrastive_learning - INFO - Checkpoint saved: logs/checkpoint/ckpt_epoch_020.pth
2025-11-02 21:19:32,906 - ml3d.torch.pipelines.contrastive_learning - INFO - Epoch 21/100 | Train Loss: 2.0933 | Train Acc: 0.0893 | Val Loss: 2.1947 | Val Acc: 0.1250 | LR: 8.95e-05
2025-11-02 21:19:34,699 - ml3d.torch.pipelines.contrastive_learning - INFO - Epoch 22/100 | Train Loss: 2.0749 | Train Acc: 0.1161 | Val Loss: 2.1491 | Val Acc: 0.1250 | LR: 8.86e-05
2025-11-02 21:19:36,498 - ml3d.torch.pipelines.contrastive_learning - INFO - Epoch 23/100 | Train Loss: 2.0889 | Train Acc: 0.1518 | Val Loss: 2.0242 | Val Acc: 0.0625 | LR: 8.78e-05
2025-11-02 21:19:38,319 - ml3d.torch.pipelines.contrastive_learning - INFO - Epoch 24/100 | Train Loss: 2.0618 | Train Acc: 0.1518 | Val Loss: 2.1906 | Val Acc: 0.0625 | LR: 8.69e-05
2025-11-02 21:19:40,091 - ml3d.torch.pipelines.contrastive_learning - INFO - Epoch 25/100 | Train Loss: 2.1249 | Train Acc: 0.1339 | Val Loss: 2.1517 | Val Acc: 0.0625 | LR: 8.60e-05
2025-11-02 21:19:41,868 - ml3d.torch.pipelines.contrastive_learning - INFO - Epoch 26/100 | Train Loss: 2.1236 | Train Acc: 0.1071 | Val Loss: 2.1700 | Val Acc: 0.0625 | LR: 8.51e-05
2025-11-02 21:19:43,658 - ml3d.torch.pipelines.contrastive_learning - INFO - Epoch 27/100 | Train Loss: 2.0980 | Train Acc: 0.1696 | Val Loss: 2.1541 | Val Acc: 0.1250 | LR: 8.43e-05
2025-11-02 21:19:45,459 - ml3d.torch.pipelines.contrastive_learning - INFO - Epoch 28/100 | Train Loss: 2.0939 | Train Acc: 0.0982 | Val Loss: 2.1686 | Val Acc: 0.0000 | LR: 8.35e-05
2025-11-02 21:19:47,190 - ml3d.torch.pipelines.contrastive_learning - INFO - Epoch 29/100 | Train Loss: 2.0979 | Train Acc: 0.1250 | Val Loss: 2.0539 | Val Acc: 0.1250 | LR: 8.26e-05
2025-11-02 21:19:48,924 - ml3d.torch.pipelines.contrastive_learning - INFO - Epoch 30/100 | Train Loss: 2.0952 | Train Acc: 0.1429 | Val Loss: 2.0256 | Val Acc: 0.1875 | LR: 8.18e-05
2025-11-02 21:19:48,939 - ml3d.torch.pipelines.contrastive_learning - INFO - Checkpoint saved: logs/checkpoint/ckpt_epoch_030.pth
2025-11-02 21:19:50,728 - ml3d.torch.pipelines.contrastive_learning - INFO - Epoch 31/100 | Train Loss: 2.0889 | Train Acc: 0.0893 | Val Loss: 2.0638 | Val Acc: 0.1875 | LR: 8.10e-05
2025-11-02 21:19:52,614 - ml3d.torch.pipelines.contrastive_learning - INFO - Epoch 32/100 | Train Loss: 2.0968 | Train Acc: 0.0982 | Val Loss: 2.0849 | Val Acc: 0.2500 | LR: 8.02e-05
2025-11-02 21:19:54,516 - ml3d.torch.pipelines.contrastive_learning - INFO - Epoch 33/100 | Train Loss: 2.1297 | Train Acc: 0.1161 | Val Loss: 2.0845 | Val Acc: 0.1250 | LR: 7.94e-05
2025-11-02 21:19:56,388 - ml3d.torch.pipelines.contrastive_learning - INFO - Epoch 34/100 | Train Loss: 2.0679 | Train Acc: 0.1964 | Val Loss: 2.0865 | Val Acc: 0.1250 | LR: 7.86e-05
2025-11-02 21:19:58,206 - ml3d.torch.pipelines.contrastive_learning - INFO - Epoch 35/100 | Train Loss: 2.0806 | Train Acc: 0.1339 | Val Loss: 2.0859 | Val Acc: 0.1875 | LR: 7.78e-05
2025-11-02 21:20:00,006 - ml3d.torch.pipelines.contrastive_learning - INFO - Epoch 36/100 | Train Loss: 2.1088 | Train Acc: 0.0982 | Val Loss: 2.1138 | Val Acc: 0.1875 | LR: 7.70e-05
2025-11-02 21:20:01,819 - ml3d.torch.pipelines.contrastive_learning - INFO - Epoch 37/100 | Train Loss: 2.0930 | Train Acc: 0.1518 | Val Loss: 2.1064 | Val Acc: 0.1250 | LR: 7.62e-05
2025-11-02 21:20:03,619 - ml3d.torch.pipelines.contrastive_learning - INFO - Epoch 38/100 | Train Loss: 2.0871 | Train Acc: 0.1161 | Val Loss: 2.1091 | Val Acc: 0.2500 | LR: 7.55e-05
2025-11-02 21:20:05,503 - ml3d.torch.pipelines.contrastive_learning - INFO - Epoch 39/100 | Train Loss: 2.0757 | Train Acc: 0.0982 | Val Loss: 2.0562 | Val Acc: 0.1875 | LR: 7.47e-05
2025-11-02 21:20:07,313 - ml3d.torch.pipelines.contrastive_learning - INFO - Epoch 40/100 | Train Loss: 2.0754 | Train Acc: 0.1429 | Val Loss: 2.0935 | Val Acc: 0.1250 | LR: 7.40e-05
2025-11-02 21:20:07,319 - ml3d.torch.pipelines.contrastive_learning - INFO - Checkpoint saved: logs/checkpoint/ckpt_epoch_040.pth
2025-11-02 21:20:09,101 - ml3d.torch.pipelines.contrastive_learning - INFO - Epoch 41/100 | Train Loss: 2.1066 | Train Acc: 0.1071 | Val Loss: 2.0357 | Val Acc: 0.2500 | LR: 7.32e-05
2025-11-02 21:20:10,901 - ml3d.torch.pipelines.contrastive_learning - INFO - Epoch 42/100 | Train Loss: 2.0994 | Train Acc: 0.1071 | Val Loss: 2.0948 | Val Acc: 0.2500 | LR: 7.25e-05
2025-11-02 21:20:12,712 - ml3d.torch.pipelines.contrastive_learning - INFO - Epoch 43/100 | Train Loss: 2.0829 | Train Acc: 0.1339 | Val Loss: 2.1561 | Val Acc: 0.0625 | LR: 7.18e-05
2025-11-02 21:20:14,469 - ml3d.torch.pipelines.contrastive_learning - INFO - Epoch 44/100 | Train Loss: 2.0718 | Train Acc: 0.1429 | Val Loss: 2.0975 | Val Acc: 0.0625 | LR: 7.11e-05
2025-11-02 21:20:16,199 - ml3d.torch.pipelines.contrastive_learning - INFO - Epoch 45/100 | Train Loss: 2.0959 | Train Acc: 0.1429 | Val Loss: 2.1360 | Val Acc: 0.1875 | LR: 7.03e-05
2025-11-02 21:20:17,943 - ml3d.torch.pipelines.contrastive_learning - INFO - Epoch 46/100 | Train Loss: 2.0931 | Train Acc: 0.1607 | Val Loss: 2.1139 | Val Acc: 0.1250 | LR: 6.96e-05
2025-11-02 21:20:19,691 - ml3d.torch.pipelines.contrastive_learning - INFO - Epoch 47/100 | Train Loss: 2.0879 | Train Acc: 0.0893 | Val Loss: 2.0556 | Val Acc: 0.0625 | LR: 6.89e-05
2025-11-02 21:20:21,444 - ml3d.torch.pipelines.contrastive_learning - INFO - Epoch 48/100 | Train Loss: 2.0908 | Train Acc: 0.1518 | Val Loss: 2.1016 | Val Acc: 0.1875 | LR: 6.83e-05
2025-11-02 21:20:23,187 - ml3d.torch.pipelines.contrastive_learning - INFO - Epoch 49/100 | Train Loss: 2.1034 | Train Acc: 0.1518 | Val Loss: 2.0996 | Val Acc: 0.3125 | LR: 6.76e-05
2025-11-02 21:20:24,929 - ml3d.torch.pipelines.contrastive_learning - INFO - Epoch 50/100 | Train Loss: 2.0849 | Train Acc: 0.1250 | Val Loss: 2.0298 | Val Acc: 0.2500 | LR: 6.69e-05
2025-11-02 21:20:24,944 - ml3d.torch.pipelines.contrastive_learning - INFO - Checkpoint saved: logs/checkpoint/ckpt_epoch_050.pth
2025-11-02 21:20:26,663 - ml3d.torch.pipelines.contrastive_learning - INFO - Epoch 51/100 | Train Loss: 2.1004 | Train Acc: 0.0714 | Val Loss: 2.1625 | Val Acc: 0.0000 | LR: 6.62e-05
2025-11-02 21:20:28,365 - ml3d.torch.pipelines.contrastive_learning - INFO - Epoch 52/100 | Train Loss: 2.0839 | Train Acc: 0.1696 | Val Loss: 2.1023 | Val Acc: 0.0625 | LR: 6.56e-05
2025-11-02 21:20:30,062 - ml3d.torch.pipelines.contrastive_learning - INFO - Epoch 53/100 | Train Loss: 2.0995 | Train Acc: 0.0804 | Val Loss: 2.0955 | Val Acc: 0.2500 | LR: 6.49e-05
2025-11-02 21:20:31,764 - ml3d.torch.pipelines.contrastive_learning - INFO - Epoch 54/100 | Train Loss: 2.0935 | Train Acc: 0.1429 | Val Loss: 2.0579 | Val Acc: 0.2500 | LR: 6.43e-05
2025-11-02 21:20:33,480 - ml3d.torch.pipelines.contrastive_learning - INFO - Epoch 55/100 | Train Loss: 2.0864 | Train Acc: 0.1696 | Val Loss: 2.0666 | Val Acc: 0.1875 | LR: 6.36e-05
2025-11-02 21:20:35,217 - ml3d.torch.pipelines.contrastive_learning - INFO - Epoch 56/100 | Train Loss: 2.0777 | Train Acc: 0.1250 | Val Loss: 2.1150 | Val Acc: 0.1875 | LR: 6.30e-05
2025-11-02 21:20:37,056 - ml3d.torch.pipelines.contrastive_learning - INFO - Epoch 57/100 | Train Loss: 2.0888 | Train Acc: 0.1161 | Val Loss: 2.0792 | Val Acc: 0.1250 | LR: 6.24e-05
2025-11-02 21:20:38,994 - ml3d.torch.pipelines.contrastive_learning - INFO - Epoch 58/100 | Train Loss: 2.0735 | Train Acc: 0.1964 | Val Loss: 2.0574 | Val Acc: 0.1875 | LR: 6.17e-05
2025-11-02 21:20:40,840 - ml3d.torch.pipelines.contrastive_learning - INFO - Epoch 59/100 | Train Loss: 2.0938 | Train Acc: 0.0893 | Val Loss: 2.0705 | Val Acc: 0.1250 | LR: 6.11e-05
2025-11-02 21:20:42,612 - ml3d.torch.pipelines.contrastive_learning - INFO - Epoch 60/100 | Train Loss: 2.0891 | Train Acc: 0.1429 | Val Loss: 2.0764 | Val Acc: 0.1875 | LR: 6.05e-05
2025-11-02 21:20:42,619 - ml3d.torch.pipelines.contrastive_learning - INFO - Checkpoint saved: logs/checkpoint/ckpt_epoch_060.pth
2025-11-02 21:20:44,391 - ml3d.torch.pipelines.contrastive_learning - INFO - Epoch 61/100 | Train Loss: 2.0828 | Train Acc: 0.0714 | Val Loss: 2.1201 | Val Acc: 0.0000 | LR: 5.99e-05
2025-11-02 21:20:46,196 - ml3d.torch.pipelines.contrastive_learning - INFO - Epoch 62/100 | Train Loss: 2.0962 | Train Acc: 0.0982 | Val Loss: 2.0875 | Val Acc: 0.1250 | LR: 5.93e-05
2025-11-02 21:20:48,137 - ml3d.torch.pipelines.contrastive_learning - INFO - Epoch 63/100 | Train Loss: 2.1197 | Train Acc: 0.0982 | Val Loss: 2.0531 | Val Acc: 0.1875 | LR: 5.87e-05
2025-11-02 21:20:50,038 - ml3d.torch.pipelines.contrastive_learning - INFO - Epoch 64/100 | Train Loss: 2.0830 | Train Acc: 0.1607 | Val Loss: 2.0807 | Val Acc: 0.1250 | LR: 5.81e-05
2025-11-02 21:20:51,886 - ml3d.torch.pipelines.contrastive_learning - INFO - Epoch 65/100 | Train Loss: 2.0923 | Train Acc: 0.0893 | Val Loss: 2.0564 | Val Acc: 0.1250 | LR: 5.75e-05
2025-11-02 21:20:53,877 - ml3d.torch.pipelines.contrastive_learning - INFO - Epoch 66/100 | Train Loss: 2.0729 | Train Acc: 0.1786 | Val Loss: 2.0794 | Val Acc: 0.0625 | LR: 5.70e-05
2025-11-02 21:20:55,817 - ml3d.torch.pipelines.contrastive_learning - INFO - Epoch 67/100 | Train Loss: 2.0837 | Train Acc: 0.1339 | Val Loss: 2.0535 | Val Acc: 0.1875 | LR: 5.64e-05
2025-11-02 21:20:57,706 - ml3d.torch.pipelines.contrastive_learning - INFO - Epoch 68/100 | Train Loss: 2.0792 | Train Acc: 0.1071 | Val Loss: 2.0958 | Val Acc: 0.1250 | LR: 5.58e-05
2025-11-02 21:20:59,507 - ml3d.torch.pipelines.contrastive_learning - INFO - Epoch 69/100 | Train Loss: 2.0933 | Train Acc: 0.1250 | Val Loss: 2.0954 | Val Acc: 0.0625 | LR: 5.53e-05
2025-11-02 21:21:01,307 - ml3d.torch.pipelines.contrastive_learning - INFO - Epoch 70/100 | Train Loss: 2.0941 | Train Acc: 0.1161 | Val Loss: 2.1293 | Val Acc: 0.0000 | LR: 5.47e-05
2025-11-02 21:21:01,321 - ml3d.torch.pipelines.contrastive_learning - INFO - Checkpoint saved: logs/checkpoint/ckpt_epoch_070.pth
2025-11-02 21:21:03,089 - ml3d.torch.pipelines.contrastive_learning - INFO - Epoch 71/100 | Train Loss: 2.0819 | Train Acc: 0.1429 | Val Loss: 2.0342 | Val Acc: 0.1250 | LR: 5.42e-05
2025-11-02 21:21:04,849 - ml3d.torch.pipelines.contrastive_learning - INFO - Epoch 72/100 | Train Loss: 2.0885 | Train Acc: 0.1429 | Val Loss: 2.0981 | Val Acc: 0.0625 | LR: 5.36e-05
2025-11-02 21:21:06,649 - ml3d.torch.pipelines.contrastive_learning - INFO - Epoch 73/100 | Train Loss: 2.0811 | Train Acc: 0.1250 | Val Loss: 2.0486 | Val Acc: 0.1875 | LR: 5.31e-05
2025-11-02 21:21:08,419 - ml3d.torch.pipelines.contrastive_learning - INFO - Epoch 74/100 | Train Loss: 2.0893 | Train Acc: 0.1161 | Val Loss: 2.1173 | Val Acc: 0.0625 | LR: 5.26e-05
2025-11-02 21:21:10,180 - ml3d.torch.pipelines.contrastive_learning - INFO - Epoch 75/100 | Train Loss: 2.0841 | Train Acc: 0.1161 | Val Loss: 2.1170 | Val Acc: 0.0000 | LR: 5.20e-05
2025-11-02 21:21:11,946 - ml3d.torch.pipelines.contrastive_learning - INFO - Epoch 76/100 | Train Loss: 2.0886 | Train Acc: 0.0714 | Val Loss: 2.1288 | Val Acc: 0.0000 | LR: 5.15e-05
2025-11-02 21:21:13,712 - ml3d.torch.pipelines.contrastive_learning - INFO - Epoch 77/100 | Train Loss: 2.0752 | Train Acc: 0.0893 | Val Loss: 2.0973 | Val Acc: 0.0625 | LR: 5.10e-05
2025-11-02 21:21:15,483 - ml3d.torch.pipelines.contrastive_learning - INFO - Epoch 78/100 | Train Loss: 2.0964 | Train Acc: 0.1071 | Val Loss: 2.1007 | Val Acc: 0.1250 | LR: 5.05e-05
2025-11-02 21:21:17,250 - ml3d.torch.pipelines.contrastive_learning - INFO - Epoch 79/100 | Train Loss: 2.0835 | Train Acc: 0.0982 | Val Loss: 2.1005 | Val Acc: 0.0625 | LR: 5.00e-05
2025-11-02 21:21:18,997 - ml3d.torch.pipelines.contrastive_learning - INFO - Epoch 80/100 | Train Loss: 2.0905 | Train Acc: 0.1250 | Val Loss: 2.0830 | Val Acc: 0.1250 | LR: 4.95e-05
2025-11-02 21:21:19,011 - ml3d.torch.pipelines.contrastive_learning - INFO - Checkpoint saved: logs/checkpoint/ckpt_epoch_080.pth
2025-11-02 21:21:20,757 - ml3d.torch.pipelines.contrastive_learning - INFO - Epoch 81/100 | Train Loss: 2.0872 | Train Acc: 0.1518 | Val Loss: 2.1228 | Val Acc: 0.0625 | LR: 4.90e-05
2025-11-02 21:21:22,508 - ml3d.torch.pipelines.contrastive_learning - INFO - Epoch 82/100 | Train Loss: 2.0889 | Train Acc: 0.1161 | Val Loss: 2.0906 | Val Acc: 0.0625 | LR: 4.85e-05
2025-11-02 21:21:24,250 - ml3d.torch.pipelines.contrastive_learning - INFO - Epoch 83/100 | Train Loss: 2.0941 | Train Acc: 0.0893 | Val Loss: 2.0968 | Val Acc: 0.0625 | LR: 4.80e-05
2025-11-02 21:21:25,984 - ml3d.torch.pipelines.contrastive_learning - INFO - Epoch 84/100 | Train Loss: 2.0825 | Train Acc: 0.1429 | Val Loss: 2.1069 | Val Acc: 0.0625 | LR: 4.75e-05
2025-11-02 21:21:27,722 - ml3d.torch.pipelines.contrastive_learning - INFO - Epoch 85/100 | Train Loss: 2.0740 | Train Acc: 0.1071 | Val Loss: 2.1045 | Val Acc: 0.0000 | LR: 4.71e-05
2025-11-02 21:21:29,484 - ml3d.torch.pipelines.contrastive_learning - INFO - Epoch 86/100 | Train Loss: 2.0845 | Train Acc: 0.0625 | Val Loss: 2.0930 | Val Acc: 0.0625 | LR: 4.66e-05
2025-11-02 21:21:31,260 - ml3d.torch.pipelines.contrastive_learning - INFO - Epoch 87/100 | Train Loss: 2.0904 | Train Acc: 0.0714 | Val Loss: 2.0723 | Val Acc: 0.1875 | LR: 4.61e-05
2025-11-02 21:21:33,021 - ml3d.torch.pipelines.contrastive_learning - INFO - Epoch 88/100 | Train Loss: 2.0779 | Train Acc: 0.1607 | Val Loss: 2.0765 | Val Acc: 0.0625 | LR: 4.57e-05
2025-11-02 21:21:34,776 - ml3d.torch.pipelines.contrastive_learning - INFO - Epoch 89/100 | Train Loss: 2.0864 | Train Acc: 0.1518 | Val Loss: 2.0901 | Val Acc: 0.0625 | LR: 4.52e-05
2025-11-02 21:21:36,546 - ml3d.torch.pipelines.contrastive_learning - INFO - Epoch 90/100 | Train Loss: 2.0722 | Train Acc: 0.1696 | Val Loss: 2.0634 | Val Acc: 0.2500 | LR: 4.48e-05
2025-11-02 21:21:36,561 - ml3d.torch.pipelines.contrastive_learning - INFO - Checkpoint saved: logs/checkpoint/ckpt_epoch_090.pth
2025-11-02 21:21:38,319 - ml3d.torch.pipelines.contrastive_learning - INFO - Epoch 91/100 | Train Loss: 2.0909 | Train Acc: 0.1071 | Val Loss: 2.0523 | Val Acc: 0.1875 | LR: 4.43e-05
2025-11-02 21:21:40,080 - ml3d.torch.pipelines.contrastive_learning - INFO - Epoch 92/100 | Train Loss: 2.0869 | Train Acc: 0.1339 | Val Loss: 2.0083 | Val Acc: 0.3750 | LR: 4.39e-05
2025-11-02 21:21:41,845 - ml3d.torch.pipelines.contrastive_learning - INFO - Epoch 93/100 | Train Loss: 2.0905 | Train Acc: 0.0893 | Val Loss: 2.0943 | Val Acc: 0.0625 | LR: 4.34e-05
2025-11-02 21:21:43,598 - ml3d.torch.pipelines.contrastive_learning - INFO - Epoch 94/100 | Train Loss: 2.0848 | Train Acc: 0.1071 | Val Loss: 2.1164 | Val Acc: 0.0000 | LR: 4.30e-05
2025-11-02 21:21:45,353 - ml3d.torch.pipelines.contrastive_learning - INFO - Epoch 95/100 | Train Loss: 2.0734 | Train Acc: 0.1518 | Val Loss: 2.0622 | Val Acc: 0.3125 | LR: 4.26e-05
2025-11-02 21:21:47,096 - ml3d.torch.pipelines.contrastive_learning - INFO - Epoch 96/100 | Train Loss: 2.0857 | Train Acc: 0.1429 | Val Loss: 2.0732 | Val Acc: 0.0625 | LR: 4.21e-05
2025-11-02 21:21:48,838 - ml3d.torch.pipelines.contrastive_learning - INFO - Epoch 97/100 | Train Loss: 2.0869 | Train Acc: 0.1071 | Val Loss: 2.0554 | Val Acc: 0.1875 | LR: 4.17e-05
2025-11-02 21:21:50,605 - ml3d.torch.pipelines.contrastive_learning - INFO - Epoch 98/100 | Train Loss: 2.0893 | Train Acc: 0.0804 | Val Loss: 2.0903 | Val Acc: 0.1875 | LR: 4.13e-05
2025-11-02 21:21:52,324 - ml3d.torch.pipelines.contrastive_learning - INFO - Epoch 99/100 | Train Loss: 2.0894 | Train Acc: 0.0714 | Val Loss: 2.0711 | Val Acc: 0.1875 | LR: 4.09e-05
2025-11-02 21:21:54,065 - ml3d.torch.pipelines.contrastive_learning - INFO - Epoch 100/100 | Train Loss: 2.0815 | Train Acc: 0.1071 | Val Loss: 2.1150 | Val Acc: 0.0000 | LR: 4.05e-05
2025-11-02 21:21:54,071 - ml3d.torch.pipelines.contrastive_learning - INFO - Checkpoint saved: logs/checkpoint/ckpt_epoch_100.pth
2025-11-02 21:21:54,071 - ml3d.torch.pipelines.contrastive_learning - INFO - ==================================================
2025-11-02 21:21:54,071 - ml3d.torch.pipelines.contrastive_learning - INFO - Training completed!
2025-11-02 21:21:54,071 - ml3d.torch.pipelines.contrastive_learning - INFO - Best validation loss: 1.9506
2025-11-02 21:21:54,071 - ml3d.torch.pipelines.contrastive_learning - INFO - ==================================================
2025-11-02 21:21:54,071 - __main__ - INFO - 
================================================================================
2025-11-02 21:21:54,071 - __main__ - INFO - TRAINING COMPLETED
2025-11-02 21:21:54,071 - __main__ - INFO - ================================================================================
2025-11-02 21:21:54,071 - __main__ - INFO - Checkpoints saved in: ./logs/checkpoint/
2025-11-02 21:21:54,071 - __main__ - INFO - Best model: ./logs/checkpoint/ckpt_best.pth
2025-11-02 21:21:54,072 - __main__ - INFO - ================================================================================
